evaluation,fold,classifier,feature_set,recording_id,target,probability
LOSO,BIBI,RBF_SVM,B1_time,dataset_a:imu_20260721_223610,0,0.008206351764621296
LOSO,BIBI,RBF_SVM,B1_time,dataset_a:imu_20260721_223637,0,0.6370111403686712
LOSO,BIBI,RBF_SVM,B1_time,dataset_a:imu_20260721_223912,0,0.005843100545437037
LOSO,BIBI,RBF_SVM,B1_time,dataset_a:imu_20260721_223934,0,0.006271344158938825
LOSO,BIBI,RBF_SVM,B1_time,dataset_a:imu_20260721_223956,0,0.00411347591274092
LOSO,BIBI,RBF_SVM,B1_time,dataset_a:imu_20260721_224325,0,0.034949851718443795
LOSO,BIBI,RBF_SVM,B1_time,dataset_a:imu_20260721_224347,0,0.02297406497951523
LOSO,BIBI,RBF_SVM,B1_time,dataset_a:imu_20260721_224411,0,0.028201984075131588
LOSO,BIBI,RBF_SVM,B1_time,dataset_a:imu_20260721_224433,0,0.004493146282688505
LOSO,BIBI,RBF_SVM,B1_time,dataset_a:imu_20260721_224454,0,0.02838443169958217
LOSO,BIBI,RBF_SVM,B1_time,dataset_a:imu_20260721_223440,1,0.9841934440773874
LOSO,BIBI,RBF_SVM,B1_time,dataset_a:imu_20260721_223504,1,0.9833330550141817
LOSO,BIBI,RBF_SVM,B1_time,dataset_a:imu_20260721_223730,1,0.982293616980335
LOSO,BIBI,RBF_SVM,B1_time,dataset_a:imu_20260721_223808,1,0.9421855383350181
LOSO,BIBI,RBF_SVM,B1_time,dataset_a:imu_20260721_223840,1,0.9959607974572464
LOSO,BIBI,RBF_SVM,B1_time,dataset_a:imu_20260721_224047,1,0.9935173187226671
LOSO,BIBI,RBF_SVM,B1_time,dataset_a:imu_20260721_224120,1,0.9999978761813411
LOSO,BIBI,RBF_SVM,B1_time,dataset_a:imu_20260721_224153,1,0.9999810073023662
LOSO,BIBI,RBF_SVM,B1_time,dataset_a:imu_20260721_224224,1,0.9999885834932979
LOSO,BIBI,RBF_SVM,B1_time,dataset_a:imu_20260721_224255,1,0.9999979998007156
LOSO,BIBI,Random_Forest,B1_time,dataset_a:imu_20260721_223610,0,0.001
LOSO,BIBI,Random_Forest,B1_time,dataset_a:imu_20260721_223637,0,0.0
LOSO,BIBI,Random_Forest,B1_time,dataset_a:imu_20260721_223912,0,0.0
LOSO,BIBI,Random_Forest,B1_time,dataset_a:imu_20260721_223934,0,0.0
LOSO,BIBI,Random_Forest,B1_time,dataset_a:imu_20260721_223956,0,0.0
LOSO,BIBI,Random_Forest,B1_time,dataset_a:imu_20260721_224325,0,0.0
LOSO,BIBI,Random_Forest,B1_time,dataset_a:imu_20260721_224347,0,0.0035
LOSO,BIBI,Random_Forest,B1_time,dataset_a:imu_20260721_224411,0,0.0031666666666666666
LOSO,BIBI,Random_Forest,B1_time,dataset_a:imu_20260721_224433,0,0.0
LOSO,BIBI,Random_Forest,B1_time,dataset_a:imu_20260721_224454,0,0.03933333333333334
LOSO,BIBI,Random_Forest,B1_time,dataset_a:imu_20260721_223440,1,1.0
LOSO,BIBI,Random_Forest,B1_time,dataset_a:imu_20260721_223504,1,1.0
LOSO,BIBI,Random_Forest,B1_time,dataset_a:imu_20260721_223730,1,1.0
LOSO,BIBI,Random_Forest,B1_time,dataset_a:imu_20260721_223808,1,1.0
LOSO,BIBI,Random_Forest,B1_time,dataset_a:imu_20260721_223840,1,1.0
LOSO,BIBI,Random_Forest,B1_time,dataset_a:imu_20260721_224047,1,1.0
LOSO,BIBI,Random_Forest,B1_time,dataset_a:imu_20260721_224120,1,1.0
LOSO,BIBI,Random_Forest,B1_time,dataset_a:imu_20260721_224153,1,1.0
LOSO,BIBI,Random_Forest,B1_time,dataset_a:imu_20260721_224224,1,1.0
LOSO,BIBI,Random_Forest,B1_time,dataset_a:imu_20260721_224255,1,1.0
LOSO,BIBI,RBF_SVM,B2_time_frequency,dataset_a:imu_20260721_223610,0,0.004725490786257912
LOSO,BIBI,RBF_SVM,B2_time_frequency,dataset_a:imu_20260721_223637,0,0.5282687476315485
LOSO,BIBI,RBF_SVM,B2_time_frequency,dataset_a:imu_20260721_223912,0,0.04061730278925065
LOSO,BIBI,RBF_SVM,B2_time_frequency,dataset_a:imu_20260721_223934,0,0.0507435336664984
LOSO,BIBI,RBF_SVM,B2_time_frequency,dataset_a:imu_20260721_223956,0,0.050090356382562755
LOSO,BIBI,RBF_SVM,B2_time_frequency,dataset_a:imu_20260721_224325,0,0.05031128804480379
LOSO,BIBI,RBF_SVM,B2_time_frequency,dataset_a:imu_20260721_224347,0,0.06033712030334415
LOSO,BIBI,RBF_SVM,B2_time_frequency,dataset_a:imu_20260721_224411,0,0.08281875251621539
LOSO,BIBI,RBF_SVM,B2_time_frequency,dataset_a:imu_20260721_224433,0,0.008217836884866065
LOSO,BIBI,RBF_SVM,B2_time_frequency,dataset_a:imu_20260721_224454,0,0.027156322599550982
LOSO,BIBI,RBF_SVM,B2_time_frequency,dataset_a:imu_20260721_223440,1,0.968798149526475
LOSO,BIBI,RBF_SVM,B2_time_frequency,dataset_a:imu_20260721_223504,1,0.9679944811748764
LOSO,BIBI,RBF_SVM,B2_time_frequency,dataset_a:imu_20260721_223730,1,0.9819809199447637
LOSO,BIBI,RBF_SVM,B2_time_frequency,dataset_a:imu_20260721_223808,1,0.964573439081219
LOSO,BIBI,RBF_SVM,B2_time_frequency,dataset_a:imu_20260721_223840,1,0.981324547501991
LOSO,BIBI,RBF_SVM,B2_time_frequency,dataset_a:imu_20260721_224047,1,0.9885889296325745
LOSO,BIBI,RBF_SVM,B2_time_frequency,dataset_a:imu_20260721_224120,1,0.9963212212225393
LOSO,BIBI,RBF_SVM,B2_time_frequency,dataset_a:imu_20260721_224153,1,0.9942039361866802
LOSO,BIBI,RBF_SVM,B2_time_frequency,dataset_a:imu_20260721_224224,1,0.9937884571926215
LOSO,BIBI,RBF_SVM,B2_time_frequency,dataset_a:imu_20260721_224255,1,0.9969101980360129
LOSO,BIBI,Random_Forest,B2_time_frequency,dataset_a:imu_20260721_223610,0,0.006
LOSO,BIBI,Random_Forest,B2_time_frequency,dataset_a:imu_20260721_223637,0,0.019
LOSO,BIBI,Random_Forest,B2_time_frequency,dataset_a:imu_20260721_223912,0,0.004333333333333333
LOSO,BIBI,Random_Forest,B2_time_frequency,dataset_a:imu_20260721_223934,0,0.011
LOSO,BIBI,Random_Forest,B2_time_frequency,dataset_a:imu_20260721_223956,0,0.011
LOSO,BIBI,Random_Forest,B2_time_frequency,dataset_a:imu_20260721_224325,0,0.008
LOSO,BIBI,Random_Forest,B2_time_frequency,dataset_a:imu_20260721_224347,0,0.011333333333333334
LOSO,BIBI,Random_Forest,B2_time_frequency,dataset_a:imu_20260721_224411,0,0.013333333333333334
LOSO,BIBI,Random_Forest,B2_time_frequency,dataset_a:imu_20260721_224433,0,0.002333333333333333
LOSO,BIBI,Random_Forest,B2_time_frequency,dataset_a:imu_20260721_224454,0,0.046799999999999994
LOSO,BIBI,Random_Forest,B2_time_frequency,dataset_a:imu_20260721_223440,1,1.0
LOSO,BIBI,Random_Forest,B2_time_frequency,dataset_a:imu_20260721_223504,1,1.0
LOSO,BIBI,Random_Forest,B2_time_frequency,dataset_a:imu_20260721_223730,1,1.0
LOSO,BIBI,Random_Forest,B2_time_frequency,dataset_a:imu_20260721_223808,1,1.0
LOSO,BIBI,Random_Forest,B2_time_frequency,dataset_a:imu_20260721_223840,1,1.0
LOSO,BIBI,Random_Forest,B2_time_frequency,dataset_a:imu_20260721_224047,1,0.9986666666666667
LOSO,BIBI,Random_Forest,B2_time_frequency,dataset_a:imu_20260721_224120,1,1.0
LOSO,BIBI,Random_Forest,B2_time_frequency,dataset_a:imu_20260721_224153,1,1.0
LOSO,BIBI,Random_Forest,B2_time_frequency,dataset_a:imu_20260721_224224,1,1.0
LOSO,BIBI,Random_Forest,B2_time_frequency,dataset_a:imu_20260721_224255,1,1.0
LOSO,anna,RBF_SVM,B1_time,dataset_b:anna_still_01,0,0.008684812593133157
LOSO,anna,RBF_SVM,B1_time,dataset_b:anna_still_02,0,0.007130816623782114
LOSO,anna,RBF_SVM,B1_time,dataset_b:anna_still_03,0,0.008097672100871013
LOSO,anna,RBF_SVM,B1_time,dataset_b:anna_still_04,0,0.014293745663123185
LOSO,anna,RBF_SVM,B1_time,dataset_b:anna_still_05,0,0.40136715603423767
LOSO,anna,RBF_SVM,B1_time,dataset_b:anna_still_06,0,0.005656300296786798
LOSO,anna,RBF_SVM,B1_time,dataset_b:anna_still_07,0,0.06083816518965509
LOSO,anna,RBF_SVM,B1_time,dataset_b:anna_still_08,0,0.011667544108617672
LOSO,anna,RBF_SVM,B1_time,dataset_b:anna_still_09,0,0.00826058826068162
LOSO,anna,RBF_SVM,B1_time,dataset_b:anna_still_10,0,0.014007723518160889
LOSO,anna,RBF_SVM,B1_time,dataset_b:anna_still_11,0,0.011094565515015932
LOSO,anna,RBF_SVM,B1_time,dataset_b:anna_still_12,0,0.009995766678759012
LOSO,anna,RBF_SVM,B1_time,dataset_b:anna_still_13,0,0.009672719604953023
LOSO,anna,RBF_SVM,B1_time,dataset_b:anna_still_14,0,0.0071735836570522935
LOSO,anna,RBF_SVM,B1_time,dataset_b:anna_still_15,0,0.005429254925342899
LOSO,anna,RBF_SVM,B1_time,dataset_b:anna_still_16,0,0.018100874877758407
LOSO,anna,RBF_SVM,B1_time,dataset_b:anna_still_17,0,0.016943047623012786
LOSO,anna,RBF_SVM,B1_time,dataset_b:anna_still_18,0,0.1793775575708386
LOSO,anna,RBF_SVM,B1_time,dataset_b:anna_still_19,0,0.04717920055742253
LOSO,anna,RBF_SVM,B1_time,dataset_b:anna_still_20,0,0.009828578751339113
LOSO,anna,RBF_SVM,B1_time,dataset_b:anna_tremor_01,1,0.9953975442839963
LOSO,anna,RBF_SVM,B1_time,dataset_b:anna_tremor_02,1,0.9934044387294486
LOSO,anna,RBF_SVM,B1_time,dataset_b:anna_tremor_03,1,0.9955768829247685
LOSO,anna,RBF_SVM,B1_time,dataset_b:anna_tremor_04,1,0.9667523911327675
LOSO,anna,RBF_SVM,B1_time,dataset_b:anna_tremor_05,1,0.9923439351097517
LOSO,anna,RBF_SVM,B1_time,dataset_b:anna_tremor_06,1,0.9691648511157389
LOSO,anna,RBF_SVM,B1_time,dataset_b:anna_tremor_07,1,0.9562304118588177
LOSO,anna,RBF_SVM,B1_time,dataset_b:anna_tremor_08,1,0.953625508096083
LOSO,anna,RBF_SVM,B1_time,dataset_b:anna_tremor_09,1,0.9910826649093994
LOSO,anna,RBF_SVM,B1_time,dataset_b:anna_tremor_10,1,0.9611126788402277
LOSO,anna,RBF_SVM,B1_time,dataset_b:anna_tremor_11,1,0.970723485089236
LOSO,anna,RBF_SVM,B1_time,dataset_b:anna_tremor_12,1,0.9645996577634536
LOSO,anna,RBF_SVM,B1_time,dataset_b:anna_tremor_13,1,0.9971365881772798
LOSO,anna,RBF_SVM,B1_time,dataset_b:anna_tremor_14,1,0.9947129306274145
LOSO,anna,RBF_SVM,B1_time,dataset_b:anna_tremor_15,1,0.9999813762316213
LOSO,anna,RBF_SVM,B1_time,dataset_b:anna_tremor_16,1,0.9999899489688455
LOSO,anna,RBF_SVM,B1_time,dataset_b:anna_tremor_17,1,0.9999965867174264
LOSO,anna,RBF_SVM,B1_time,dataset_b:anna_tremor_18,1,0.9959840091547187
LOSO,anna,RBF_SVM,B1_time,dataset_b:anna_tremor_19,1,0.85808249931744
LOSO,anna,RBF_SVM,B1_time,dataset_b:anna_tremor_20,1,0.970390711399212
LOSO,anna,Random_Forest,B1_time,dataset_b:anna_still_01,0,0.0
LOSO,anna,Random_Forest,B1_time,dataset_b:anna_still_02,0,0.0
LOSO,anna,Random_Forest,B1_time,dataset_b:anna_still_03,0,0.0
LOSO,anna,Random_Forest,B1_time,dataset_b:anna_still_04,0,0.0
LOSO,anna,Random_Forest,B1_time,dataset_b:anna_still_05,0,0.01966666666666667
LOSO,anna,Random_Forest,B1_time,dataset_b:anna_still_06,0,0.0
LOSO,anna,Random_Forest,B1_time,dataset_b:anna_still_07,0,0.0
LOSO,anna,Random_Forest,B1_time,dataset_b:anna_still_08,0,0.012333333333333332
LOSO,anna,Random_Forest,B1_time,dataset_b:anna_still_09,0,0.0013333333333333333
LOSO,anna,Random_Forest,B1_time,dataset_b:anna_still_10,0,0.0
LOSO,anna,Random_Forest,B1_time,dataset_b:anna_still_11,0,0.0
LOSO,anna,Random_Forest,B1_time,dataset_b:anna_still_12,0,0.0
LOSO,anna,Random_Forest,B1_time,dataset_b:anna_still_13,0,0.0
LOSO,anna,Random_Forest,B1_time,dataset_b:anna_still_14,0,0.0
LOSO,anna,Random_Forest,B1_time,dataset_b:anna_still_15,0,0.0
LOSO,anna,Random_Forest,B1_time,dataset_b:anna_still_16,0,0.0036666666666666666
LOSO,anna,Random_Forest,B1_time,dataset_b:anna_still_17,0,0.0
LOSO,anna,Random_Forest,B1_time,dataset_b:anna_still_18,0,0.2838333333333334
LOSO,anna,Random_Forest,B1_time,dataset_b:anna_still_19,0,0.018333333333333333
LOSO,anna,Random_Forest,B1_time,dataset_b:anna_still_20,0,0.0
LOSO,anna,Random_Forest,B1_time,dataset_b:anna_tremor_01,1,1.0
LOSO,anna,Random_Forest,B1_time,dataset_b:anna_tremor_02,1,1.0
LOSO,anna,Random_Forest,B1_time,dataset_b:anna_tremor_03,1,0.9586666666666667
LOSO,anna,Random_Forest,B1_time,dataset_b:anna_tremor_04,1,1.0
LOSO,anna,Random_Forest,B1_time,dataset_b:anna_tremor_05,1,1.0
LOSO,anna,Random_Forest,B1_time,dataset_b:anna_tremor_06,1,1.0
LOSO,anna,Random_Forest,B1_time,dataset_b:anna_tremor_07,1,1.0
LOSO,anna,Random_Forest,B1_time,dataset_b:anna_tremor_08,1,1.0
LOSO,anna,Random_Forest,B1_time,dataset_b:anna_tremor_09,1,1.0
LOSO,anna,Random_Forest,B1_time,dataset_b:anna_tremor_10,1,0.999
LOSO,anna,Random_Forest,B1_time,dataset_b:anna_tremor_11,1,1.0
LOSO,anna,Random_Forest,B1_time,dataset_b:anna_tremor_12,1,0.999
LOSO,anna,Random_Forest,B1_time,dataset_b:anna_tremor_13,1,0.984
LOSO,anna,Random_Forest,B1_time,dataset_b:anna_tremor_14,1,1.0
LOSO,anna,Random_Forest,B1_time,dataset_b:anna_tremor_15,1,0.992
LOSO,anna,Random_Forest,B1_time,dataset_b:anna_tremor_16,1,0.9955
LOSO,anna,Random_Forest,B1_time,dataset_b:anna_tremor_17,1,1.0
LOSO,anna,Random_Forest,B1_time,dataset_b:anna_tremor_18,1,0.993
LOSO,anna,Random_Forest,B1_time,dataset_b:anna_tremor_19,1,0.998
LOSO,anna,Random_Forest,B1_time,dataset_b:anna_tremor_20,1,0.983
LOSO,anna,RBF_SVM,B2_time_frequency,dataset_b:anna_still_01,0,0.018858669099444187
LOSO,anna,RBF_SVM,B2_time_frequency,dataset_b:anna_still_02,0,0.00978431631543552
LOSO,anna,RBF_SVM,B2_time_frequency,dataset_b:anna_still_03,0,0.016444435109417913
LOSO,anna,RBF_SVM,B2_time_frequency,dataset_b:anna_still_04,0,0.010887768121985879
LOSO,anna,RBF_SVM,B2_time_frequency,dataset_b:anna_still_05,0,0.3277089845830458
LOSO,anna,RBF_SVM,B2_time_frequency,dataset_b:anna_still_06,0,0.005615811359957628
LOSO,anna,RBF_SVM,B2_time_frequency,dataset_b:anna_still_07,0,0.02968975927322709
LOSO,anna,RBF_SVM,B2_time_frequency,dataset_b:anna_still_08,0,0.047991747983951664
LOSO,anna,RBF_SVM,B2_time_frequency,dataset_b:anna_still_09,0,0.02186593933908848
LOSO,anna,RBF_SVM,B2_time_frequency,dataset_b:anna_still_10,0,0.005290810549981993
LOSO,anna,RBF_SVM,B2_time_frequency,dataset_b:anna_still_11,0,0.008684254626279446
LOSO,anna,RBF_SVM,B2_time_frequency,dataset_b:anna_still_12,0,0.008521972270994866
LOSO,anna,RBF_SVM,B2_time_frequency,dataset_b:anna_still_13,0,0.009698888842459362
LOSO,anna,RBF_SVM,B2_time_frequency,dataset_b:anna_still_14,0,0.008994026067768262
LOSO,anna,RBF_SVM,B2_time_frequency,dataset_b:anna_still_15,0,0.007530674948425508
LOSO,anna,RBF_SVM,B2_time_frequency,dataset_b:anna_still_16,0,0.022761398797306556
LOSO,anna,RBF_SVM,B2_time_frequency,dataset_b:anna_still_17,0,0.02670965041211687
LOSO,anna,RBF_SVM,B2_time_frequency,dataset_b:anna_still_18,0,0.08254863445989591
LOSO,anna,RBF_SVM,B2_time_frequency,dataset_b:anna_still_19,0,0.033586878543077375
LOSO,anna,RBF_SVM,B2_time_frequency,dataset_b:anna_still_20,0,0.01705472926533863
LOSO,anna,RBF_SVM,B2_time_frequency,dataset_b:anna_tremor_01,1,0.9902587552633701
LOSO,anna,RBF_SVM,B2_time_frequency,dataset_b:anna_tremor_02,1,0.9545106239591664
LOSO,anna,RBF_SVM,B2_time_frequency,dataset_b:anna_tremor_03,1,0.9951444146534671
LOSO,anna,RBF_SVM,B2_time_frequency,dataset_b:anna_tremor_04,1,0.9921884715148778
LOSO,anna,RBF_SVM,B2_time_frequency,dataset_b:anna_tremor_05,1,0.9999852827641971
LOSO,anna,RBF_SVM,B2_time_frequency,dataset_b:anna_tremor_06,1,0.9880645344762461
LOSO,anna,RBF_SVM,B2_time_frequency,dataset_b:anna_tremor_07,1,0.9925190770262071
LOSO,anna,RBF_SVM,B2_time_frequency,dataset_b:anna_tremor_08,1,0.9916571463209946
LOSO,anna,RBF_SVM,B2_time_frequency,dataset_b:anna_tremor_09,1,0.9999845600952181
LOSO,anna,RBF_SVM,B2_time_frequency,dataset_b:anna_tremor_10,1,0.9929152705557426
LOSO,anna,RBF_SVM,B2_time_frequency,dataset_b:anna_tremor_11,1,0.9917767917687261
LOSO,anna,RBF_SVM,B2_time_frequency,dataset_b:anna_tremor_12,1,0.9936980951058394
LOSO,anna,RBF_SVM,B2_time_frequency,dataset_b:anna_tremor_13,1,0.9955484081871084
LOSO,anna,RBF_SVM,B2_time_frequency,dataset_b:anna_tremor_14,1,0.9999857760596683
LOSO,anna,RBF_SVM,B2_time_frequency,dataset_b:anna_tremor_15,1,0.988522246184574
LOSO,anna,RBF_SVM,B2_time_frequency,dataset_b:anna_tremor_16,1,0.9907345349284349
LOSO,anna,RBF_SVM,B2_time_frequency,dataset_b:anna_tremor_17,1,0.9999885612254921
LOSO,anna,RBF_SVM,B2_time_frequency,dataset_b:anna_tremor_18,1,0.9879283381302981
LOSO,anna,RBF_SVM,B2_time_frequency,dataset_b:anna_tremor_19,1,0.8787203026443468
LOSO,anna,RBF_SVM,B2_time_frequency,dataset_b:anna_tremor_20,1,0.9939291917762234
LOSO,anna,Random_Forest,B2_time_frequency,dataset_b:anna_still_01,0,0.0
LOSO,anna,Random_Forest,B2_time_frequency,dataset_b:anna_still_02,0,0.002
LOSO,anna,Random_Forest,B2_time_frequency,dataset_b:anna_still_03,0,0.0
LOSO,anna,Random_Forest,B2_time_frequency,dataset_b:anna_still_04,0,0.011
LOSO,anna,Random_Forest,B2_time_frequency,dataset_b:anna_still_05,0,0.038900000000000004
LOSO,anna,Random_Forest,B2_time_frequency,dataset_b:anna_still_06,0,0.011
LOSO,anna,Random_Forest,B2_time_frequency,dataset_b:anna_still_07,0,0.014666666666666666
LOSO,anna,Random_Forest,B2_time_frequency,dataset_b:anna_still_08,0,0.03866666666666667
LOSO,anna,Random_Forest,B2_time_frequency,dataset_b:anna_still_09,0,0.0
LOSO,anna,Random_Forest,B2_time_frequency,dataset_b:anna_still_10,0,0.0
LOSO,anna,Random_Forest,B2_time_frequency,dataset_b:anna_still_11,0,0.011666666666666665
LOSO,anna,Random_Forest,B2_time_frequency,dataset_b:anna_still_12,0,0.009666666666666665
LOSO,anna,Random_Forest,B2_time_frequency,dataset_b:anna_still_13,0,0.009666666666666665
LOSO,anna,Random_Forest,B2_time_frequency,dataset_b:anna_still_14,0,0.0006666666666666666
LOSO,anna,Random_Forest,B2_time_frequency,dataset_b:anna_still_15,0,0.015666666666666666
LOSO,anna,Random_Forest,B2_time_frequency,dataset_b:anna_still_16,0,0.010666666666666666
LOSO,anna,Random_Forest,B2_time_frequency,dataset_b:anna_still_17,0,0.0013333333333333333
LOSO,anna,Random_Forest,B2_time_frequency,dataset_b:anna_still_18,0,0.22756666666666672
LOSO,anna,Random_Forest,B2_time_frequency,dataset_b:anna_still_19,0,0.04133333333333333
LOSO,anna,Random_Forest,B2_time_frequency,dataset_b:anna_still_20,0,0.009666666666666665
LOSO,anna,Random_Forest,B2_time_frequency,dataset_b:anna_tremor_01,1,0.998
LOSO,anna,Random_Forest,B2_time_frequency,dataset_b:anna_tremor_02,1,0.9820000000000001
LOSO,anna,Random_Forest,B2_time_frequency,dataset_b:anna_tremor_03,1,0.9853333333333334
LOSO,anna,Random_Forest,B2_time_frequency,dataset_b:anna_tremor_04,1,0.998
LOSO,anna,Random_Forest,B2_time_frequency,dataset_b:anna_tremor_05,1,1.0
LOSO,anna,Random_Forest,B2_time_frequency,dataset_b:anna_tremor_06,1,1.0
LOSO,anna,Random_Forest,B2_time_frequency,dataset_b:anna_tremor_07,1,0.998
LOSO,anna,Random_Forest,B2_time_frequency,dataset_b:anna_tremor_08,1,0.998
LOSO,anna,Random_Forest,B2_time_frequency,dataset_b:anna_tremor_09,1,1.0
LOSO,anna,Random_Forest,B2_time_frequency,dataset_b:anna_tremor_10,1,0.9996
LOSO,anna,Random_Forest,B2_time_frequency,dataset_b:anna_tremor_11,1,1.0
LOSO,anna,Random_Forest,B2_time_frequency,dataset_b:anna_tremor_12,1,0.9973333333333334
LOSO,anna,Random_Forest,B2_time_frequency,dataset_b:anna_tremor_13,1,0.9786666666666668
LOSO,anna,Random_Forest,B2_time_frequency,dataset_b:anna_tremor_14,1,1.0
LOSO,anna,Random_Forest,B2_time_frequency,dataset_b:anna_tremor_15,1,0.9763333333333334
LOSO,anna,Random_Forest,B2_time_frequency,dataset_b:anna_tremor_16,1,0.996
LOSO,anna,Random_Forest,B2_time_frequency,dataset_b:anna_tremor_17,1,1.0
LOSO,anna,Random_Forest,B2_time_frequency,dataset_b:anna_tremor_18,1,0.9953333333333334
LOSO,anna,Random_Forest,B2_time_frequency,dataset_b:anna_tremor_19,1,0.9986
LOSO,anna,Random_Forest,B2_time_frequency,dataset_b:anna_tremor_20,1,0.9733333333333334
LOSO,euno,RBF_SVM,B1_time,dataset_a:imu_20260721_203653,0,0.01483959478557138
LOSO,euno,RBF_SVM,B1_time,dataset_a:imu_20260721_203715,0,0.016673131671422682
LOSO,euno,RBF_SVM,B1_time,dataset_a:imu_20260721_203739,0,0.019010517247289523
LOSO,euno,RBF_SVM,B1_time,dataset_a:imu_20260721_203800,0,0.014590685794696573
LOSO,euno,RBF_SVM,B1_time,dataset_a:imu_20260721_203825,0,0.012507702324584348
LOSO,euno,RBF_SVM,B1_time,dataset_a:imu_20260721_204013,0,0.011321919800171096
LOSO,euno,RBF_SVM,B1_time,dataset_a:imu_20260721_220136,0,0.010488737881825416
LOSO,euno,RBF_SVM,B1_time,dataset_a:imu_20260721_220201,0,0.010285974581217999
LOSO,euno,RBF_SVM,B1_time,dataset_a:imu_20260721_220237,0,0.01329737177816552
LOSO,euno,RBF_SVM,B1_time,dataset_a:imu_20260721_220259,0,0.018092820334812264
LOSO,euno,RBF_SVM,B1_time,dataset_a:imu_20260721_220322,0,0.018870206530372156
LOSO,euno,RBF_SVM,B1_time,dataset_a:imu_20260721_220347,0,0.015092438950248884
LOSO,euno,RBF_SVM,B1_time,dataset_a:imu_20260721_220409,0,0.01606973302605487
LOSO,euno,RBF_SVM,B1_time,dataset_a:imu_20260721_221129,0,0.0150159417872132
LOSO,euno,RBF_SVM,B1_time,dataset_a:imu_20260721_221151,0,0.012304535267519165
LOSO,euno,RBF_SVM,B1_time,dataset_a:imu_20260721_221214,0,0.0163295911292778
LOSO,euno,RBF_SVM,B1_time,dataset_a:imu_20260721_221235,0,0.008833504786176683
LOSO,euno,RBF_SVM,B1_time,dataset_a:imu_20260721_221256,0,0.01660008151266782
LOSO,euno,RBF_SVM,B1_time,dataset_a:imu_20260721_221318,0,0.019325461781203996
LOSO,euno,RBF_SVM,B1_time,dataset_a:imu_20260721_221339,0,0.01249105788810482
LOSO,euno,RBF_SVM,B1_time,dataset_a:imu_20260721_221400,0,0.012320395030010808
LOSO,euno,RBF_SVM,B1_time,dataset_a:imu_20260721_221433,0,0.012343067686302564
LOSO,euno,RBF_SVM,B1_time,dataset_a:imu_20260721_221455,0,0.011022949267944926
LOSO,euno,RBF_SVM,B1_time,dataset_a:imu_20260721_221516,0,0.014182095416587367
LOSO,euno,RBF_SVM,B1_time,dataset_a:imu_20260721_221704,0,0.011274382993757395
LOSO,euno,RBF_SVM,B1_time,dataset_a:imu_20260721_203056,1,0.9969472620088533
LOSO,euno,RBF_SVM,B1_time,dataset_a:imu_20260721_203128,1,0.9468255206639042
LOSO,euno,RBF_SVM,B1_time,dataset_a:imu_20260721_203200,1,0.9952970402964574
LOSO,euno,RBF_SVM,B1_time,dataset_a:imu_20260721_203245,1,0.9999867974840967
LOSO,euno,RBF_SVM,B1_time,dataset_a:imu_20260721_203312,1,0.9999978010520092
LOSO,euno,RBF_SVM,B1_time,dataset_a:imu_20260721_203346,1,0.9999997897273748
LOSO,euno,RBF_SVM,B1_time,dataset_a:imu_20260721_203417,1,0.9999998001905409
LOSO,euno,RBF_SVM,B1_time,dataset_a:imu_20260721_203445,1,0.9999999123457212
LOSO,euno,RBF_SVM,B1_time,dataset_a:imu_20260721_203519,1,0.9999992234703453
LOSO,euno,RBF_SVM,B1_time,dataset_a:imu_20260721_203543,1,0.999983132399792
LOSO,euno,RBF_SVM,B1_time,dataset_a:imu_20260721_203606,1,0.9940990845277782
LOSO,euno,RBF_SVM,B1_time,dataset_a:imu_20260721_215110,1,0.986844429684794
LOSO,euno,RBF_SVM,B1_time,dataset_a:imu_20260721_215133,1,0.996454721761775
LOSO,euno,RBF_SVM,B1_time,dataset_a:imu_20260721_215223,1,0.9794705907816579
LOSO,euno,RBF_SVM,B1_time,dataset_a:imu_20260721_215726,1,0.9999939937943461
LOSO,euno,RBF_SVM,B1_time,dataset_a:imu_20260721_215749,1,0.9860386561968876
LOSO,euno,RBF_SVM,B1_time,dataset_a:imu_20260721_215828,1,0.9999963866980093
LOSO,euno,RBF_SVM,B1_time,dataset_a:imu_20260721_215941,1,0.9914001284094497
LOSO,euno,RBF_SVM,B1_time,dataset_a:imu_20260721_220015,1,0.9809926517869728
LOSO,euno,RBF_SVM,B1_time,dataset_a:imu_20260721_220049,1,0.9999978589378069
LOSO,euno,RBF_SVM,B1_time,dataset_a:imu_20260721_220445,1,0.8187032852790054
LOSO,euno,RBF_SVM,B1_time,dataset_a:imu_20260721_220513,1,0.9948209017234262
LOSO,euno,RBF_SVM,B1_time,dataset_a:imu_20260721_220956,1,0.9974806710401737
LOSO,euno,RBF_SVM,B1_time,dataset_a:imu_20260721_221020,1,0.9999966443826093
LOSO,euno,RBF_SVM,B1_time,dataset_a:imu_20260721_221056,1,0.9970147029636566
LOSO,euno,Random_Forest,B1_time,dataset_a:imu_20260721_203653,0,0.0
LOSO,euno,Random_Forest,B1_time,dataset_a:imu_20260721_203715,0,0.0
LOSO,euno,Random_Forest,B1_time,dataset_a:imu_20260721_203739,0,0.0
LOSO,euno,Random_Forest,B1_time,dataset_a:imu_20260721_203800,0,0.0
LOSO,euno,Random_Forest,B1_time,dataset_a:imu_20260721_203825,0,0.0
LOSO,euno,Random_Forest,B1_time,dataset_a:imu_20260721_204013,0,0.0
LOSO,euno,Random_Forest,B1_time,dataset_a:imu_20260721_220136,0,0.0
LOSO,euno,Random_Forest,B1_time,dataset_a:imu_20260721_220201,0,0.003
LOSO,euno,Random_Forest,B1_time,dataset_a:imu_20260721_220237,0,0.003
LOSO,euno,Random_Forest,B1_time,dataset_a:imu_20260721_220259,0,0.002
LOSO,euno,Random_Forest,B1_time,dataset_a:imu_20260721_220322,0,0.0
LOSO,euno,Random_Forest,B1_time,dataset_a:imu_20260721_220347,0,0.0
LOSO,euno,Random_Forest,B1_time,dataset_a:imu_20260721_220409,0,0.0
LOSO,euno,Random_Forest,B1_time,dataset_a:imu_20260721_221129,0,0.003
LOSO,euno,Random_Forest,B1_time,dataset_a:imu_20260721_221151,0,0.0
LOSO,euno,Random_Forest,B1_time,dataset_a:imu_20260721_221214,0,0.002
LOSO,euno,Random_Forest,B1_time,dataset_a:imu_20260721_221235,0,0.0
LOSO,euno,Random_Forest,B1_time,dataset_a:imu_20260721_221256,0,0.0
LOSO,euno,Random_Forest,B1_time,dataset_a:imu_20260721_221318,0,0.0
LOSO,euno,Random_Forest,B1_time,dataset_a:imu_20260721_221339,0,0.003
LOSO,euno,Random_Forest,B1_time,dataset_a:imu_20260721_221400,0,0.0
LOSO,euno,Random_Forest,B1_time,dataset_a:imu_20260721_221433,0,0.0
LOSO,euno,Random_Forest,B1_time,dataset_a:imu_20260721_221455,0,0.003
LOSO,euno,Random_Forest,B1_time,dataset_a:imu_20260721_221516,0,0.003
LOSO,euno,Random_Forest,B1_time,dataset_a:imu_20260721_221704,0,0.0
LOSO,euno,Random_Forest,B1_time,dataset_a:imu_20260721_203056,1,1.0
LOSO,euno,Random_Forest,B1_time,dataset_a:imu_20260721_203128,1,0.9993333333333333
LOSO,euno,Random_Forest,B1_time,dataset_a:imu_20260721_203200,1,0.997
LOSO,euno,Random_Forest,B1_time,dataset_a:imu_20260721_203245,1,0.9973333333333334
LOSO,euno,Random_Forest,B1_time,dataset_a:imu_20260721_203312,1,1.0
LOSO,euno,Random_Forest,B1_time,dataset_a:imu_20260721_203346,1,1.0
LOSO,euno,Random_Forest,B1_time,dataset_a:imu_20260721_203417,1,1.0
LOSO,euno,Random_Forest,B1_time,dataset_a:imu_20260721_203445,1,1.0
LOSO,euno,Random_Forest,B1_time,dataset_a:imu_20260721_203519,1,0.9993333333333333
LOSO,euno,Random_Forest,B1_time,dataset_a:imu_20260721_203543,1,1.0
LOSO,euno,Random_Forest,B1_time,dataset_a:imu_20260721_203606,1,0.999
LOSO,euno,Random_Forest,B1_time,dataset_a:imu_20260721_215110,1,0.997
LOSO,euno,Random_Forest,B1_time,dataset_a:imu_20260721_215133,1,1.0
LOSO,euno,Random_Forest,B1_time,dataset_a:imu_20260721_215223,1,1.0
LOSO,euno,Random_Forest,B1_time,dataset_a:imu_20260721_215726,1,1.0
LOSO,euno,Random_Forest,B1_time,dataset_a:imu_20260721_215749,1,0.999
LOSO,euno,Random_Forest,B1_time,dataset_a:imu_20260721_215828,1,0.9993333333333333
LOSO,euno,Random_Forest,B1_time,dataset_a:imu_20260721_215941,1,0.998
LOSO,euno,Random_Forest,B1_time,dataset_a:imu_20260721_220015,1,1.0
LOSO,euno,Random_Forest,B1_time,dataset_a:imu_20260721_220049,1,1.0
LOSO,euno,Random_Forest,B1_time,dataset_a:imu_20260721_220445,1,1.0
LOSO,euno,Random_Forest,B1_time,dataset_a:imu_20260721_220513,1,1.0
LOSO,euno,Random_Forest,B1_time,dataset_a:imu_20260721_220956,1,0.999
LOSO,euno,Random_Forest,B1_time,dataset_a:imu_20260721_221020,1,1.0
LOSO,euno,Random_Forest,B1_time,dataset_a:imu_20260721_221056,1,1.0
LOSO,euno,RBF_SVM,B2_time_frequency,dataset_a:imu_20260721_203653,0,0.0038972702187280764
LOSO,euno,RBF_SVM,B2_time_frequency,dataset_a:imu_20260721_203715,0,0.012287100824836576
LOSO,euno,RBF_SVM,B2_time_frequency,dataset_a:imu_20260721_203739,0,0.006034342423679288
LOSO,euno,RBF_SVM,B2_time_frequency,dataset_a:imu_20260721_203800,0,0.0031084960152780497
LOSO,euno,RBF_SVM,B2_time_frequency,dataset_a:imu_20260721_203825,0,0.0029695546919665783
LOSO,euno,RBF_SVM,B2_time_frequency,dataset_a:imu_20260721_204013,0,0.005049904176306744
LOSO,euno,RBF_SVM,B2_time_frequency,dataset_a:imu_20260721_220136,0,0.003195889422895213
LOSO,euno,RBF_SVM,B2_time_frequency,dataset_a:imu_20260721_220201,0,0.005783538622697655
LOSO,euno,RBF_SVM,B2_time_frequency,dataset_a:imu_20260721_220237,0,0.003791355581858026
LOSO,euno,RBF_SVM,B2_time_frequency,dataset_a:imu_20260721_220259,0,0.00689742749921087
LOSO,euno,RBF_SVM,B2_time_frequency,dataset_a:imu_20260721_220322,0,0.0019898098658393927
LOSO,euno,RBF_SVM,B2_time_frequency,dataset_a:imu_20260721_220347,0,0.0024098340250970976
LOSO,euno,RBF_SVM,B2_time_frequency,dataset_a:imu_20260721_220409,0,0.003967645340509544
LOSO,euno,RBF_SVM,B2_time_frequency,dataset_a:imu_20260721_221129,0,0.0073376212375860965
LOSO,euno,RBF_SVM,B2_time_frequency,dataset_a:imu_20260721_221151,0,0.007208025411416518
LOSO,euno,RBF_SVM,B2_time_frequency,dataset_a:imu_20260721_221214,0,0.006984712993036179
LOSO,euno,RBF_SVM,B2_time_frequency,dataset_a:imu_20260721_221235,0,0.0028539325948198674
LOSO,euno,RBF_SVM,B2_time_frequency,dataset_a:imu_20260721_221256,0,0.008041203067300846
LOSO,euno,RBF_SVM,B2_time_frequency,dataset_a:imu_20260721_221318,0,0.0048297563520683364
LOSO,euno,RBF_SVM,B2_time_frequency,dataset_a:imu_20260721_221339,0,0.001984728617312144
LOSO,euno,RBF_SVM,B2_time_frequency,dataset_a:imu_20260721_221400,0,0.002797281002481268
LOSO,euno,RBF_SVM,B2_time_frequency,dataset_a:imu_20260721_221433,0,0.004919137665148564
LOSO,euno,RBF_SVM,B2_time_frequency,dataset_a:imu_20260721_221455,0,0.004242952227397397
LOSO,euno,RBF_SVM,B2_time_frequency,dataset_a:imu_20260721_221516,0,0.007313916065755214
LOSO,euno,RBF_SVM,B2_time_frequency,dataset_a:imu_20260721_221704,0,0.00658839218092688
LOSO,euno,RBF_SVM,B2_time_frequency,dataset_a:imu_20260721_203056,1,0.9760458640440788
LOSO,euno,RBF_SVM,B2_time_frequency,dataset_a:imu_20260721_203128,1,0.9398652832801357
LOSO,euno,RBF_SVM,B2_time_frequency,dataset_a:imu_20260721_203200,1,0.982781501217933
LOSO,euno,RBF_SVM,B2_time_frequency,dataset_a:imu_20260721_203245,1,0.9905398427324269
LOSO,euno,RBF_SVM,B2_time_frequency,dataset_a:imu_20260721_203312,1,0.9847110013360305
LOSO,euno,RBF_SVM,B2_time_frequency,dataset_a:imu_20260721_203346,1,0.9999848846909378
LOSO,euno,RBF_SVM,B2_time_frequency,dataset_a:imu_20260721_203417,1,0.9999966743234447
LOSO,euno,RBF_SVM,B2_time_frequency,dataset_a:imu_20260721_203445,1,0.9969442806956846
LOSO,euno,RBF_SVM,B2_time_frequency,dataset_a:imu_20260721_203519,1,0.994502454341292
LOSO,euno,RBF_SVM,B2_time_frequency,dataset_a:imu_20260721_203543,1,0.9868840057367371
LOSO,euno,RBF_SVM,B2_time_frequency,dataset_a:imu_20260721_203606,1,0.9688764830073808
LOSO,euno,RBF_SVM,B2_time_frequency,dataset_a:imu_20260721_215110,1,0.9388916872199944
LOSO,euno,RBF_SVM,B2_time_frequency,dataset_a:imu_20260721_215133,1,0.9720828269164805
LOSO,euno,RBF_SVM,B2_time_frequency,dataset_a:imu_20260721_215223,1,0.9437851888758898
LOSO,euno,RBF_SVM,B2_time_frequency,dataset_a:imu_20260721_215726,1,0.9580736723561791
LOSO,euno,RBF_SVM,B2_time_frequency,dataset_a:imu_20260721_215749,1,0.9469198932110863
LOSO,euno,RBF_SVM,B2_time_frequency,dataset_a:imu_20260721_215828,1,0.9776219962564205
LOSO,euno,RBF_SVM,B2_time_frequency,dataset_a:imu_20260721_215941,1,0.9534969334980633
LOSO,euno,RBF_SVM,B2_time_frequency,dataset_a:imu_20260721_220015,1,0.9267367734631701
LOSO,euno,RBF_SVM,B2_time_frequency,dataset_a:imu_20260721_220049,1,0.9710317347008932
LOSO,euno,RBF_SVM,B2_time_frequency,dataset_a:imu_20260721_220445,1,0.9018815628940381
LOSO,euno,RBF_SVM,B2_time_frequency,dataset_a:imu_20260721_220513,1,0.9758759228036066
LOSO,euno,RBF_SVM,B2_time_frequency,dataset_a:imu_20260721_220956,1,0.9698662498560578
LOSO,euno,RBF_SVM,B2_time_frequency,dataset_a:imu_20260721_221020,1,0.9498621594994623
LOSO,euno,RBF_SVM,B2_time_frequency,dataset_a:imu_20260721_221056,1,0.9228925659831178
LOSO,euno,Random_Forest,B2_time_frequency,dataset_a:imu_20260721_203653,0,0.0
LOSO,euno,Random_Forest,B2_time_frequency,dataset_a:imu_20260721_203715,0,0.0
LOSO,euno,Random_Forest,B2_time_frequency,dataset_a:imu_20260721_203739,0,0.0
LOSO,euno,Random_Forest,B2_time_frequency,dataset_a:imu_20260721_203800,0,0.0013333333333333333
LOSO,euno,Random_Forest,B2_time_frequency,dataset_a:imu_20260721_203825,0,0.0013333333333333333
LOSO,euno,Random_Forest,B2_time_frequency,dataset_a:imu_20260721_204013,0,0.0
LOSO,euno,Random_Forest,B2_time_frequency,dataset_a:imu_20260721_220136,0,0.0
LOSO,euno,Random_Forest,B2_time_frequency,dataset_a:imu_20260721_220201,0,0.001
LOSO,euno,Random_Forest,B2_time_frequency,dataset_a:imu_20260721_220237,0,0.0
LOSO,euno,Random_Forest,B2_time_frequency,dataset_a:imu_20260721_220259,0,0.0
LOSO,euno,Random_Forest,B2_time_frequency,dataset_a:imu_20260721_220322,0,0.0
LOSO,euno,Random_Forest,B2_time_frequency,dataset_a:imu_20260721_220347,0,0.0
LOSO,euno,Random_Forest,B2_time_frequency,dataset_a:imu_20260721_220409,0,0.002
LOSO,euno,Random_Forest,B2_time_frequency,dataset_a:imu_20260721_221129,0,0.0
LOSO,euno,Random_Forest,B2_time_frequency,dataset_a:imu_20260721_221151,0,0.0
LOSO,euno,Random_Forest,B2_time_frequency,dataset_a:imu_20260721_221214,0,0.004666666666666666
LOSO,euno,Random_Forest,B2_time_frequency,dataset_a:imu_20260721_221235,0,0.0013333333333333333
LOSO,euno,Random_Forest,B2_time_frequency,dataset_a:imu_20260721_221256,0,0.0
LOSO,euno,Random_Forest,B2_time_frequency,dataset_a:imu_20260721_221318,0,0.0013333333333333333
LOSO,euno,Random_Forest,B2_time_frequency,dataset_a:imu_20260721_221339,0,0.0
LOSO,euno,Random_Forest,B2_time_frequency,dataset_a:imu_20260721_221400,0,0.0
LOSO,euno,Random_Forest,B2_time_frequency,dataset_a:imu_20260721_221433,0,0.0
LOSO,euno,Random_Forest,B2_time_frequency,dataset_a:imu_20260721_221455,0,0.0005
LOSO,euno,Random_Forest,B2_time_frequency,dataset_a:imu_20260721_221516,0,0.0013333333333333333
LOSO,euno,Random_Forest,B2_time_frequency,dataset_a:imu_20260721_221704,0,0.001
LOSO,euno,Random_Forest,B2_time_frequency,dataset_a:imu_20260721_203056,1,0.996
LOSO,euno,Random_Forest,B2_time_frequency,dataset_a:imu_20260721_203128,1,0.9985
LOSO,euno,Random_Forest,B2_time_frequency,dataset_a:imu_20260721_203200,1,0.9918333333333332
LOSO,euno,Random_Forest,B2_time_frequency,dataset_a:imu_20260721_203245,1,0.985
LOSO,euno,Random_Forest,B2_time_frequency,dataset_a:imu_20260721_203312,1,1.0
LOSO,euno,Random_Forest,B2_time_frequency,dataset_a:imu_20260721_203346,1,1.0
LOSO,euno,Random_Forest,B2_time_frequency,dataset_a:imu_20260721_203417,1,1.0
LOSO,euno,Random_Forest,B2_time_frequency,dataset_a:imu_20260721_203445,1,0.998
LOSO,euno,Random_Forest,B2_time_frequency,dataset_a:imu_20260721_203519,1,1.0
LOSO,euno,Random_Forest,B2_time_frequency,dataset_a:imu_20260721_203543,1,1.0
LOSO,euno,Random_Forest,B2_time_frequency,dataset_a:imu_20260721_203606,1,0.9918333333333332
LOSO,euno,Random_Forest,B2_time_frequency,dataset_a:imu_20260721_215110,1,0.9903333333333333
LOSO,euno,Random_Forest,B2_time_frequency,dataset_a:imu_20260721_215133,1,1.0
LOSO,euno,Random_Forest,B2_time_frequency,dataset_a:imu_20260721_215223,1,0.993
LOSO,euno,Random_Forest,B2_time_frequency,dataset_a:imu_20260721_215726,1,1.0
LOSO,euno,Random_Forest,B2_time_frequency,dataset_a:imu_20260721_215749,1,0.9896666666666667
LOSO,euno,Random_Forest,B2_time_frequency,dataset_a:imu_20260721_215828,1,0.9975
LOSO,euno,Random_Forest,B2_time_frequency,dataset_a:imu_20260721_215941,1,0.997
LOSO,euno,Random_Forest,B2_time_frequency,dataset_a:imu_20260721_220015,1,0.998
LOSO,euno,Random_Forest,B2_time_frequency,dataset_a:imu_20260721_220049,1,0.999
LOSO,euno,Random_Forest,B2_time_frequency,dataset_a:imu_20260721_220445,1,0.997
LOSO,euno,Random_Forest,B2_time_frequency,dataset_a:imu_20260721_220513,1,0.994
LOSO,euno,Random_Forest,B2_time_frequency,dataset_a:imu_20260721_220956,1,0.9913333333333333
LOSO,euno,Random_Forest,B2_time_frequency,dataset_a:imu_20260721_221020,1,0.998
LOSO,euno,Random_Forest,B2_time_frequency,dataset_a:imu_20260721_221056,1,0.996
LOSO,march,RBF_SVM,B1_time,dataset_a:imu_20260721_222227,0,0.009252385209102477
LOSO,march,RBF_SVM,B1_time,dataset_a:imu_20260721_222248,0,0.02179454638438717
LOSO,march,RBF_SVM,B1_time,dataset_a:imu_20260721_222310,0,0.015994520286999363
LOSO,march,RBF_SVM,B1_time,dataset_a:imu_20260721_222332,0,0.02763205824799547
LOSO,march,RBF_SVM,B1_time,dataset_a:imu_20260721_222355,0,0.013114371576719503
LOSO,march,RBF_SVM,B1_time,dataset_a:imu_20260721_222703,0,0.005537909372115595
LOSO,march,RBF_SVM,B1_time,dataset_a:imu_20260721_222726,0,0.00993890461691118
LOSO,march,RBF_SVM,B1_time,dataset_a:imu_20260721_222747,0,0.007556333974244565
LOSO,march,RBF_SVM,B1_time,dataset_a:imu_20260721_222813,0,0.005882890947150181
LOSO,march,RBF_SVM,B1_time,dataset_a:imu_20260721_222834,0,0.010096629391895422
LOSO,march,RBF_SVM,B1_time,dataset_a:imu_20260721_222005,1,0.9909885081474956
LOSO,march,RBF_SVM,B1_time,dataset_a:imu_20260721_222050,1,0.8597282969357894
LOSO,march,RBF_SVM,B1_time,dataset_a:imu_20260721_222119,1,0.8189192045198103
LOSO,march,RBF_SVM,B1_time,dataset_a:imu_20260721_222446,1,0.14183315730849896
LOSO,march,RBF_SVM,B1_time,dataset_a:imu_20260721_222509,1,0.36279685726865635
LOSO,march,RBF_SVM,B1_time,dataset_a:imu_20260721_222534,1,0.6678158002546843
LOSO,march,RBF_SVM,B1_time,dataset_a:imu_20260721_222600,1,0.9907472220815923
LOSO,march,RBF_SVM,B1_time,dataset_a:imu_20260721_222630,1,0.709107584076503
LOSO,march,RBF_SVM,B1_time,dataset_a:imu_20260721_222915,1,0.9850277503370037
LOSO,march,RBF_SVM,B1_time,dataset_a:imu_20260721_222939,1,0.889473486228113
LOSO,march,Random_Forest,B1_time,dataset_a:imu_20260721_222227,0,0.0
LOSO,march,Random_Forest,B1_time,dataset_a:imu_20260721_222248,0,0.003
LOSO,march,Random_Forest,B1_time,dataset_a:imu_20260721_222310,0,0.0
LOSO,march,Random_Forest,B1_time,dataset_a:imu_20260721_222332,0,0.001
LOSO,march,Random_Forest,B1_time,dataset_a:imu_20260721_222355,0,0.001
LOSO,march,Random_Forest,B1_time,dataset_a:imu_20260721_222703,0,0.0
LOSO,march,Random_Forest,B1_time,dataset_a:imu_20260721_222726,0,0.0
LOSO,march,Random_Forest,B1_time,dataset_a:imu_20260721_222747,0,0.0
LOSO,march,Random_Forest,B1_time,dataset_a:imu_20260721_222813,0,0.0
LOSO,march,Random_Forest,B1_time,dataset_a:imu_20260721_222834,0,0.001
LOSO,march,Random_Forest,B1_time,dataset_a:imu_20260721_222005,1,0.999
LOSO,march,Random_Forest,B1_time,dataset_a:imu_20260721_222050,1,0.9094666666666666
LOSO,march,Random_Forest,B1_time,dataset_a:imu_20260721_222119,1,0.989
LOSO,march,Random_Forest,B1_time,dataset_a:imu_20260721_222446,1,0.3172
LOSO,march,Random_Forest,B1_time,dataset_a:imu_20260721_222509,1,0.4906666666666667
LOSO,march,Random_Forest,B1_time,dataset_a:imu_20260721_222534,1,0.8646666666666667
LOSO,march,Random_Forest,B1_time,dataset_a:imu_20260721_222600,1,0.999
LOSO,march,Random_Forest,B1_time,dataset_a:imu_20260721_222630,1,0.968
LOSO,march,Random_Forest,B1_time,dataset_a:imu_20260721_222915,1,0.994
LOSO,march,Random_Forest,B1_time,dataset_a:imu_20260721_222939,1,0.77
LOSO,march,RBF_SVM,B2_time_frequency,dataset_a:imu_20260721_222227,0,0.006969964480816146
LOSO,march,RBF_SVM,B2_time_frequency,dataset_a:imu_20260721_222248,0,0.0519219092422477
LOSO,march,RBF_SVM,B2_time_frequency,dataset_a:imu_20260721_222310,0,0.037181147071689236
LOSO,march,RBF_SVM,B2_time_frequency,dataset_a:imu_20260721_222332,0,0.0736125199198122
LOSO,march,RBF_SVM,B2_time_frequency,dataset_a:imu_20260721_222355,0,0.03451304754618461
LOSO,march,RBF_SVM,B2_time_frequency,dataset_a:imu_20260721_222703,0,0.01177199229608978
LOSO,march,RBF_SVM,B2_time_frequency,dataset_a:imu_20260721_222726,0,0.015271925175794005
LOSO,march,RBF_SVM,B2_time_frequency,dataset_a:imu_20260721_222747,0,0.043041903721923375
LOSO,march,RBF_SVM,B2_time_frequency,dataset_a:imu_20260721_222813,0,0.020170783024394155
LOSO,march,RBF_SVM,B2_time_frequency,dataset_a:imu_20260721_222834,0,0.038009935523833915
LOSO,march,RBF_SVM,B2_time_frequency,dataset_a:imu_20260721_222005,1,0.7738412465096159
LOSO,march,RBF_SVM,B2_time_frequency,dataset_a:imu_20260721_222050,1,0.7624562816727656
LOSO,march,RBF_SVM,B2_time_frequency,dataset_a:imu_20260721_222119,1,0.8545312627828046
LOSO,march,RBF_SVM,B2_time_frequency,dataset_a:imu_20260721_222446,1,0.5226013521735856
LOSO,march,RBF_SVM,B2_time_frequency,dataset_a:imu_20260721_222509,1,0.6715556551518549
LOSO,march,RBF_SVM,B2_time_frequency,dataset_a:imu_20260721_222534,1,0.753356191132129
LOSO,march,RBF_SVM,B2_time_frequency,dataset_a:imu_20260721_222600,1,0.9465930924828697
LOSO,march,RBF_SVM,B2_time_frequency,dataset_a:imu_20260721_222630,1,0.6999166772940805
LOSO,march,RBF_SVM,B2_time_frequency,dataset_a:imu_20260721_222915,1,0.869723488555503
LOSO,march,RBF_SVM,B2_time_frequency,dataset_a:imu_20260721_222939,1,0.6869166863117785
LOSO,march,Random_Forest,B2_time_frequency,dataset_a:imu_20260721_222227,0,0.002
LOSO,march,Random_Forest,B2_time_frequency,dataset_a:imu_20260721_222248,0,0.005
LOSO,march,Random_Forest,B2_time_frequency,dataset_a:imu_20260721_222310,0,0.003
LOSO,march,Random_Forest,B2_time_frequency,dataset_a:imu_20260721_222332,0,0.004333333333333333
LOSO,march,Random_Forest,B2_time_frequency,dataset_a:imu_20260721_222355,0,0.003
LOSO,march,Random_Forest,B2_time_frequency,dataset_a:imu_20260721_222703,0,0.0013333333333333333
LOSO,march,Random_Forest,B2_time_frequency,dataset_a:imu_20260721_222726,0,0.003
LOSO,march,Random_Forest,B2_time_frequency,dataset_a:imu_20260721_222747,0,0.003
LOSO,march,Random_Forest,B2_time_frequency,dataset_a:imu_20260721_222813,0,0.022
LOSO,march,Random_Forest,B2_time_frequency,dataset_a:imu_20260721_222834,0,0.01914285714285714
LOSO,march,Random_Forest,B2_time_frequency,dataset_a:imu_20260721_222005,1,0.9928333333333332
LOSO,march,Random_Forest,B2_time_frequency,dataset_a:imu_20260721_222050,1,0.9341666666666667
LOSO,march,Random_Forest,B2_time_frequency,dataset_a:imu_20260721_222119,1,0.9886428571428572
LOSO,march,Random_Forest,B2_time_frequency,dataset_a:imu_20260721_222446,1,0.44133333333333336
LOSO,march,Random_Forest,B2_time_frequency,dataset_a:imu_20260721_222509,1,0.553
LOSO,march,Random_Forest,B2_time_frequency,dataset_a:imu_20260721_222534,1,0.861
LOSO,march,Random_Forest,B2_time_frequency,dataset_a:imu_20260721_222600,1,0.996
LOSO,march,Random_Forest,B2_time_frequency,dataset_a:imu_20260721_222630,1,0.9773333333333333
LOSO,march,Random_Forest,B2_time_frequency,dataset_a:imu_20260721_222915,1,0.977
LOSO,march,Random_Forest,B2_time_frequency,dataset_a:imu_20260721_222939,1,0.8112999999999999
LOSO,mu,RBF_SVM,B1_time,dataset_b:mu_still_01,0,0.0073363143811219144
LOSO,mu,RBF_SVM,B1_time,dataset_b:mu_still_02,0,0.008920762970187577
LOSO,mu,RBF_SVM,B1_time,dataset_b:mu_still_03,0,0.010880985877335544
LOSO,mu,RBF_SVM,B1_time,dataset_b:mu_still_04,0,0.011685890227833041
LOSO,mu,RBF_SVM,B1_time,dataset_b:mu_still_05,0,0.00868441237492636
LOSO,mu,RBF_SVM,B1_time,dataset_b:mu_still_06,0,0.009855543630802925
LOSO,mu,RBF_SVM,B1_time,dataset_b:mu_still_07,0,0.007171355985965735
LOSO,mu,RBF_SVM,B1_time,dataset_b:mu_still_08,0,0.035561573390246994
LOSO,mu,RBF_SVM,B1_time,dataset_b:mu_still_09,0,0.007835680515465779
LOSO,mu,RBF_SVM,B1_time,dataset_b:mu_still_10,0,0.007256733624981309
LOSO,mu,RBF_SVM,B1_time,dataset_b:mu_still_11,0,0.007631964409179318
LOSO,mu,RBF_SVM,B1_time,dataset_b:mu_still_12,0,0.008074018868480684
LOSO,mu,RBF_SVM,B1_time,dataset_b:mu_still_13,0,0.047548403648012015
LOSO,mu,RBF_SVM,B1_time,dataset_b:mu_still_14,0,0.007854463408930916
LOSO,mu,RBF_SVM,B1_time,dataset_b:mu_still_15,0,0.007017196474863699
LOSO,mu,RBF_SVM,B1_time,dataset_b:mu_still_16,0,0.0035449486719313253
LOSO,mu,RBF_SVM,B1_time,dataset_b:mu_still_17,0,0.004632867726849092
LOSO,mu,RBF_SVM,B1_time,dataset_b:mu_still_18,0,0.2863260716132306
LOSO,mu,RBF_SVM,B1_time,dataset_b:mu_still_19,0,0.0042909208354342445
LOSO,mu,RBF_SVM,B1_time,dataset_b:mu_still_20,0,0.010092065226481522
LOSO,mu,RBF_SVM,B1_time,dataset_b:mu_tremor_01,1,0.9999980972757406
LOSO,mu,RBF_SVM,B1_time,dataset_b:mu_tremor_02,1,0.9999915147406992
LOSO,mu,RBF_SVM,B1_time,dataset_b:mu_tremor_03,1,0.999991973337816
LOSO,mu,RBF_SVM,B1_time,dataset_b:mu_tremor_04,1,0.971913066968176
LOSO,mu,RBF_SVM,B1_time,dataset_b:mu_tremor_05,1,0.9921277189641806
LOSO,mu,RBF_SVM,B1_time,dataset_b:mu_tremor_06,1,0.9999975427212668
LOSO,mu,RBF_SVM,B1_time,dataset_b:mu_tremor_07,1,0.9947002486003816
LOSO,mu,RBF_SVM,B1_time,dataset_b:mu_tremor_08,1,0.8439644169601641
LOSO,mu,RBF_SVM,B1_time,dataset_b:mu_tremor_09,1,0.9964496234120799
LOSO,mu,RBF_SVM,B1_time,dataset_b:mu_tremor_10,1,0.9999971703024995
LOSO,mu,RBF_SVM,B1_time,dataset_b:mu_tremor_11,1,0.8523264689264983
LOSO,mu,RBF_SVM,B1_time,dataset_b:mu_tremor_12,1,0.9899597432713733
LOSO,mu,RBF_SVM,B1_time,dataset_b:mu_tremor_13,1,0.9971431054986832
LOSO,mu,RBF_SVM,B1_time,dataset_b:mu_tremor_14,1,0.9965896037342834
LOSO,mu,RBF_SVM,B1_time,dataset_b:mu_tremor_15,1,0.9999980547976179
LOSO,mu,RBF_SVM,B1_time,dataset_b:mu_tremor_16,1,0.9999958744547431
LOSO,mu,RBF_SVM,B1_time,dataset_b:mu_tremor_17,1,0.9934652786679683
LOSO,mu,RBF_SVM,B1_time,dataset_b:mu_tremor_18,1,0.9819955076944731
LOSO,mu,RBF_SVM,B1_time,dataset_b:mu_tremor_19,1,0.9476969111813948
LOSO,mu,RBF_SVM,B1_time,dataset_b:mu_tremor_20,1,0.9833543640031237
LOSO,mu,Random_Forest,B1_time,dataset_b:mu_still_01,0,0.0
LOSO,mu,Random_Forest,B1_time,dataset_b:mu_still_02,0,0.0005
LOSO,mu,Random_Forest,B1_time,dataset_b:mu_still_03,0,0.0
LOSO,mu,Random_Forest,B1_time,dataset_b:mu_still_04,0,0.0
LOSO,mu,Random_Forest,B1_time,dataset_b:mu_still_05,0,0.0
LOSO,mu,Random_Forest,B1_time,dataset_b:mu_still_06,0,0.0
LOSO,mu,Random_Forest,B1_time,dataset_b:mu_still_07,0,0.0
LOSO,mu,Random_Forest,B1_time,dataset_b:mu_still_08,0,0.006666666666666666
LOSO,mu,Random_Forest,B1_time,dataset_b:mu_still_09,0,0.006
LOSO,mu,Random_Forest,B1_time,dataset_b:mu_still_10,0,0.004
LOSO,mu,Random_Forest,B1_time,dataset_b:mu_still_11,0,0.0
LOSO,mu,Random_Forest,B1_time,dataset_b:mu_still_12,0,0.0
LOSO,mu,Random_Forest,B1_time,dataset_b:mu_still_13,0,0.005666666666666667
LOSO,mu,Random_Forest,B1_time,dataset_b:mu_still_14,0,0.0
LOSO,mu,Random_Forest,B1_time,dataset_b:mu_still_15,0,0.0
LOSO,mu,Random_Forest,B1_time,dataset_b:mu_still_16,0,0.0
LOSO,mu,Random_Forest,B1_time,dataset_b:mu_still_17,0,0.0
LOSO,mu,Random_Forest,B1_time,dataset_b:mu_still_18,0,0.546
LOSO,mu,Random_Forest,B1_time,dataset_b:mu_still_19,0,0.0
LOSO,mu,Random_Forest,B1_time,dataset_b:mu_still_20,0,0.0
LOSO,mu,Random_Forest,B1_time,dataset_b:mu_tremor_01,1,1.0
LOSO,mu,Random_Forest,B1_time,dataset_b:mu_tremor_02,1,1.0
LOSO,mu,Random_Forest,B1_time,dataset_b:mu_tremor_03,1,1.0
LOSO,mu,Random_Forest,B1_time,dataset_b:mu_tremor_04,1,1.0
LOSO,mu,Random_Forest,B1_time,dataset_b:mu_tremor_05,1,0.9685
LOSO,mu,Random_Forest,B1_time,dataset_b:mu_tremor_06,1,1.0
LOSO,mu,Random_Forest,B1_time,dataset_b:mu_tremor_07,1,1.0
LOSO,mu,Random_Forest,B1_time,dataset_b:mu_tremor_08,1,0.998
LOSO,mu,Random_Forest,B1_time,dataset_b:mu_tremor_09,1,1.0
LOSO,mu,Random_Forest,B1_time,dataset_b:mu_tremor_10,1,1.0
LOSO,mu,Random_Forest,B1_time,dataset_b:mu_tremor_11,1,1.0
LOSO,mu,Random_Forest,B1_time,dataset_b:mu_tremor_12,1,1.0
LOSO,mu,Random_Forest,B1_time,dataset_b:mu_tremor_13,1,1.0
LOSO,mu,Random_Forest,B1_time,dataset_b:mu_tremor_14,1,1.0
LOSO,mu,Random_Forest,B1_time,dataset_b:mu_tremor_15,1,1.0
LOSO,mu,Random_Forest,B1_time,dataset_b:mu_tremor_16,1,1.0
LOSO,mu,Random_Forest,B1_time,dataset_b:mu_tremor_17,1,0.999
LOSO,mu,Random_Forest,B1_time,dataset_b:mu_tremor_18,1,0.995
LOSO,mu,Random_Forest,B1_time,dataset_b:mu_tremor_19,1,0.981
LOSO,mu,Random_Forest,B1_time,dataset_b:mu_tremor_20,1,0.998
LOSO,mu,RBF_SVM,B2_time_frequency,dataset_b:mu_still_01,0,0.0018587591782733518
LOSO,mu,RBF_SVM,B2_time_frequency,dataset_b:mu_still_02,0,0.005279568937742581
LOSO,mu,RBF_SVM,B2_time_frequency,dataset_b:mu_still_03,0,0.002875648578022758
LOSO,mu,RBF_SVM,B2_time_frequency,dataset_b:mu_still_04,0,0.003394646887545564
LOSO,mu,RBF_SVM,B2_time_frequency,dataset_b:mu_still_05,0,0.008000342197539508
LOSO,mu,RBF_SVM,B2_time_frequency,dataset_b:mu_still_06,0,0.020295243493562758
LOSO,mu,RBF_SVM,B2_time_frequency,dataset_b:mu_still_07,0,0.003398152945859451
LOSO,mu,RBF_SVM,B2_time_frequency,dataset_b:mu_still_08,0,0.1044088478814142
LOSO,mu,RBF_SVM,B2_time_frequency,dataset_b:mu_still_09,0,0.0016518735443960522
LOSO,mu,RBF_SVM,B2_time_frequency,dataset_b:mu_still_10,0,0.016392029963259804
LOSO,mu,RBF_SVM,B2_time_frequency,dataset_b:mu_still_11,0,0.002329453487090498
LOSO,mu,RBF_SVM,B2_time_frequency,dataset_b:mu_still_12,0,0.010968458923772968
LOSO,mu,RBF_SVM,B2_time_frequency,dataset_b:mu_still_13,0,0.027235413482107746
LOSO,mu,RBF_SVM,B2_time_frequency,dataset_b:mu_still_14,0,0.01735017332910635
LOSO,mu,RBF_SVM,B2_time_frequency,dataset_b:mu_still_15,0,0.002300674520854331
LOSO,mu,RBF_SVM,B2_time_frequency,dataset_b:mu_still_16,0,0.003828706506686322
LOSO,mu,RBF_SVM,B2_time_frequency,dataset_b:mu_still_17,0,0.001315014017598153
LOSO,mu,RBF_SVM,B2_time_frequency,dataset_b:mu_still_18,0,0.11794572449180447
LOSO,mu,RBF_SVM,B2_time_frequency,dataset_b:mu_still_19,0,0.007875468397474331
LOSO,mu,RBF_SVM,B2_time_frequency,dataset_b:mu_still_20,0,0.006600403989953325
LOSO,mu,RBF_SVM,B2_time_frequency,dataset_b:mu_tremor_01,1,0.9940984765760644
LOSO,mu,RBF_SVM,B2_time_frequency,dataset_b:mu_tremor_02,1,0.9961679175849413
LOSO,mu,RBF_SVM,B2_time_frequency,dataset_b:mu_tremor_03,1,0.9695549343617929
LOSO,mu,RBF_SVM,B2_time_frequency,dataset_b:mu_tremor_04,1,0.9448559634235175
LOSO,mu,RBF_SVM,B2_time_frequency,dataset_b:mu_tremor_05,1,0.9112849828599738
LOSO,mu,RBF_SVM,B2_time_frequency,dataset_b:mu_tremor_06,1,0.9557965194194189
LOSO,mu,RBF_SVM,B2_time_frequency,dataset_b:mu_tremor_07,1,0.9453930527286175
LOSO,mu,RBF_SVM,B2_time_frequency,dataset_b:mu_tremor_08,1,0.7964900036755248
LOSO,mu,RBF_SVM,B2_time_frequency,dataset_b:mu_tremor_09,1,0.9586146941283115
LOSO,mu,RBF_SVM,B2_time_frequency,dataset_b:mu_tremor_10,1,0.975803948512006
LOSO,mu,RBF_SVM,B2_time_frequency,dataset_b:mu_tremor_11,1,0.8494370818671627
LOSO,mu,RBF_SVM,B2_time_frequency,dataset_b:mu_tremor_12,1,0.9918990225471126
LOSO,mu,RBF_SVM,B2_time_frequency,dataset_b:mu_tremor_13,1,0.9972358449954182
LOSO,mu,RBF_SVM,B2_time_frequency,dataset_b:mu_tremor_14,1,0.9027113575893285
LOSO,mu,RBF_SVM,B2_time_frequency,dataset_b:mu_tremor_15,1,0.9807287529856035
LOSO,mu,RBF_SVM,B2_time_frequency,dataset_b:mu_tremor_16,1,0.9594710680188803
LOSO,mu,RBF_SVM,B2_time_frequency,dataset_b:mu_tremor_17,1,0.9620979132012212
LOSO,mu,RBF_SVM,B2_time_frequency,dataset_b:mu_tremor_18,1,0.8118332530363722
LOSO,mu,RBF_SVM,B2_time_frequency,dataset_b:mu_tremor_19,1,0.8952420562870363
LOSO,mu,RBF_SVM,B2_time_frequency,dataset_b:mu_tremor_20,1,0.8474339992969996
LOSO,mu,Random_Forest,B2_time_frequency,dataset_b:mu_still_01,0,0.0022
LOSO,mu,Random_Forest,B2_time_frequency,dataset_b:mu_still_02,0,0.0032
LOSO,mu,Random_Forest,B2_time_frequency,dataset_b:mu_still_03,0,0.001
LOSO,mu,Random_Forest,B2_time_frequency,dataset_b:mu_still_04,0,0.001
LOSO,mu,Random_Forest,B2_time_frequency,dataset_b:mu_still_05,0,0.0
LOSO,mu,Random_Forest,B2_time_frequency,dataset_b:mu_still_06,0,0.007
LOSO,mu,Random_Forest,B2_time_frequency,dataset_b:mu_still_07,0,0.003
LOSO,mu,Random_Forest,B2_time_frequency,dataset_b:mu_still_08,0,0.009
LOSO,mu,Random_Forest,B2_time_frequency,dataset_b:mu_still_09,0,0.0036666666666666666
LOSO,mu,Random_Forest,B2_time_frequency,dataset_b:mu_still_10,0,0.0
LOSO,mu,Random_Forest,B2_time_frequency,dataset_b:mu_still_11,0,0.0
LOSO,mu,Random_Forest,B2_time_frequency,dataset_b:mu_still_12,0,0.0012
LOSO,mu,Random_Forest,B2_time_frequency,dataset_b:mu_still_13,0,0.009666666666666665
LOSO,mu,Random_Forest,B2_time_frequency,dataset_b:mu_still_14,0,0.0
LOSO,mu,Random_Forest,B2_time_frequency,dataset_b:mu_still_15,0,0.001
LOSO,mu,Random_Forest,B2_time_frequency,dataset_b:mu_still_16,0,0.0
LOSO,mu,Random_Forest,B2_time_frequency,dataset_b:mu_still_17,0,0.0
LOSO,mu,Random_Forest,B2_time_frequency,dataset_b:mu_still_18,0,0.45766666666666667
LOSO,mu,Random_Forest,B2_time_frequency,dataset_b:mu_still_19,0,0.001
LOSO,mu,Random_Forest,B2_time_frequency,dataset_b:mu_still_20,0,0.004
LOSO,mu,Random_Forest,B2_time_frequency,dataset_b:mu_tremor_01,1,0.997
LOSO,mu,Random_Forest,B2_time_frequency,dataset_b:mu_tremor_02,1,0.992
LOSO,mu,Random_Forest,B2_time_frequency,dataset_b:mu_tremor_03,1,1.0
LOSO,mu,Random_Forest,B2_time_frequency,dataset_b:mu_tremor_04,1,0.996
LOSO,mu,Random_Forest,B2_time_frequency,dataset_b:mu_tremor_05,1,0.97
LOSO,mu,Random_Forest,B2_time_frequency,dataset_b:mu_tremor_06,1,0.9953333333333333
LOSO,mu,Random_Forest,B2_time_frequency,dataset_b:mu_tremor_07,1,0.9993333333333333
LOSO,mu,Random_Forest,B2_time_frequency,dataset_b:mu_tremor_08,1,0.9863333333333334
LOSO,mu,Random_Forest,B2_time_frequency,dataset_b:mu_tremor_09,1,0.9993333333333333
LOSO,mu,Random_Forest,B2_time_frequency,dataset_b:mu_tremor_10,1,0.998
LOSO,mu,Random_Forest,B2_time_frequency,dataset_b:mu_tremor_11,1,1.0
LOSO,mu,Random_Forest,B2_time_frequency,dataset_b:mu_tremor_12,1,1.0
LOSO,mu,Random_Forest,B2_time_frequency,dataset_b:mu_tremor_13,1,1.0
LOSO,mu,Random_Forest,B2_time_frequency,dataset_b:mu_tremor_14,1,0.9993333333333333
LOSO,mu,Random_Forest,B2_time_frequency,dataset_b:mu_tremor_15,1,0.9993333333333333
LOSO,mu,Random_Forest,B2_time_frequency,dataset_b:mu_tremor_16,1,1.0
LOSO,mu,Random_Forest,B2_time_frequency,dataset_b:mu_tremor_17,1,0.9966666666666666
LOSO,mu,Random_Forest,B2_time_frequency,dataset_b:mu_tremor_18,1,0.976
LOSO,mu,Random_Forest,B2_time_frequency,dataset_b:mu_tremor_19,1,0.9653333333333334
LOSO,mu,Random_Forest,B2_time_frequency,dataset_b:mu_tremor_20,1,0.9856666666666667
LOSO,seojin,RBF_SVM,B1_time,dataset_a:imu_20260721_201428,0,0.015826616312593692
LOSO,seojin,RBF_SVM,B1_time,dataset_a:imu_20260721_201455,0,0.05118033368979136
LOSO,seojin,RBF_SVM,B1_time,dataset_a:imu_20260721_201609,0,0.012122421219317472
LOSO,seojin,RBF_SVM,B1_time,dataset_a:imu_20260721_201735,0,0.009647982786862137
LOSO,seojin,RBF_SVM,B1_time,dataset_a:imu_20260721_201808,0,0.0216130011357625
LOSO,seojin,RBF_SVM,B1_time,dataset_a:imu_20260721_201832,0,0.009629834620919528
LOSO,seojin,RBF_SVM,B1_time,dataset_a:imu_20260721_201855,0,0.008249318681488817
LOSO,seojin,RBF_SVM,B1_time,dataset_a:imu_20260721_201917,0,0.018493959290597228
LOSO,seojin,RBF_SVM,B1_time,dataset_a:imu_20260721_201938,0,0.011963815329129953
LOSO,seojin,RBF_SVM,B1_time,dataset_a:imu_20260721_202000,0,0.012878507449862417
LOSO,seojin,RBF_SVM,B1_time,dataset_a:imu_20260721_202022,0,0.014193112310144773
LOSO,seojin,RBF_SVM,B1_time,dataset_a:imu_20260721_202043,0,0.01035271767062109
LOSO,seojin,RBF_SVM,B1_time,dataset_a:imu_20260721_202111,0,0.013768809177571674
LOSO,seojin,RBF_SVM,B1_time,dataset_a:imu_20260721_202136,0,0.01435325348530285
LOSO,seojin,RBF_SVM,B1_time,dataset_a:imu_20260721_202205,0,0.02467533261819423
LOSO,seojin,RBF_SVM,B1_time,dataset_a:imu_20260721_202252,0,0.010363921401414903
LOSO,seojin,RBF_SVM,B1_time,dataset_a:imu_20260721_202326,0,0.01505369661212924
LOSO,seojin,RBF_SVM,B1_time,dataset_a:imu_20260721_202355,0,0.016471214547304717
LOSO,seojin,RBF_SVM,B1_time,dataset_a:imu_20260721_202446,0,0.03028439305819435
LOSO,seojin,RBF_SVM,B1_time,dataset_a:imu_20260721_202508,0,0.02071392930591246
LOSO,seojin,RBF_SVM,B1_time,dataset_a:imu_20260721_202529,0,0.009738672871737295
LOSO,seojin,RBF_SVM,B1_time,dataset_a:imu_20260721_202550,0,0.017206471650497674
LOSO,seojin,RBF_SVM,B1_time,dataset_a:imu_20260721_202613,0,0.014154537354914691
LOSO,seojin,RBF_SVM,B1_time,dataset_a:imu_20260721_202634,0,0.024852693317270108
LOSO,seojin,RBF_SVM,B1_time,dataset_a:imu_20260721_202704,0,0.02818286677528393
LOSO,seojin,RBF_SVM,B1_time,dataset_a:imu_20260721_195856,1,0.9898449310445732
LOSO,seojin,RBF_SVM,B1_time,dataset_a:imu_20260721_200002,1,0.9974146648095246
LOSO,seojin,RBF_SVM,B1_time,dataset_a:imu_20260721_200033,1,0.9999976093715088
LOSO,seojin,RBF_SVM,B1_time,dataset_a:imu_20260721_200059,1,0.9999913435320064
LOSO,seojin,RBF_SVM,B1_time,dataset_a:imu_20260721_200128,1,0.999999884659239
LOSO,seojin,RBF_SVM,B1_time,dataset_a:imu_20260721_200152,1,0.9872780522395843
LOSO,seojin,RBF_SVM,B1_time,dataset_a:imu_20260721_200233,1,0.9999989501245351
LOSO,seojin,RBF_SVM,B1_time,dataset_a:imu_20260721_200256,1,0.9949360184131196
LOSO,seojin,RBF_SVM,B1_time,dataset_a:imu_20260721_200321,1,0.9999998876262491
LOSO,seojin,RBF_SVM,B1_time,dataset_a:imu_20260721_200433,1,0.9999997742916349
LOSO,seojin,RBF_SVM,B1_time,dataset_a:imu_20260721_200508,1,0.9999996718302795
LOSO,seojin,RBF_SVM,B1_time,dataset_a:imu_20260721_200530,1,0.9999992682371555
LOSO,seojin,RBF_SVM,B1_time,dataset_a:imu_20260721_200553,1,0.9999961823832496
LOSO,seojin,RBF_SVM,B1_time,dataset_a:imu_20260721_200617,1,0.9999821274019631
LOSO,seojin,RBF_SVM,B1_time,dataset_a:imu_20260721_200642,1,0.9960490581412826
LOSO,seojin,RBF_SVM,B1_time,dataset_a:imu_20260721_200826,1,0.9731947024567107
LOSO,seojin,RBF_SVM,B1_time,dataset_a:imu_20260721_200851,1,0.9999998023403057
LOSO,seojin,RBF_SVM,B1_time,dataset_a:imu_20260721_201011,1,0.9968596384997359
LOSO,seojin,RBF_SVM,B1_time,dataset_a:imu_20260721_201034,1,0.9999896897267728
LOSO,seojin,RBF_SVM,B1_time,dataset_a:imu_20260721_201110,1,0.9999995083966902
LOSO,seojin,RBF_SVM,B1_time,dataset_a:imu_20260721_201149,1,0.9999844035479509
LOSO,seojin,RBF_SVM,B1_time,dataset_a:imu_20260721_201211,1,0.9967923010513389
LOSO,seojin,RBF_SVM,B1_time,dataset_a:imu_20260721_201234,1,0.9970034235586558
LOSO,seojin,RBF_SVM,B1_time,dataset_a:imu_20260721_201256,1,0.997033080458947
LOSO,seojin,RBF_SVM,B1_time,dataset_a:imu_20260721_201318,1,0.9999965355550317
LOSO,seojin,Random_Forest,B1_time,dataset_a:imu_20260721_201428,0,0.0026666666666666666
LOSO,seojin,Random_Forest,B1_time,dataset_a:imu_20260721_201455,0,0.0
LOSO,seojin,Random_Forest,B1_time,dataset_a:imu_20260721_201609,0,0.0
LOSO,seojin,Random_Forest,B1_time,dataset_a:imu_20260721_201735,0,0.0
LOSO,seojin,Random_Forest,B1_time,dataset_a:imu_20260721_201808,0,0.0
LOSO,seojin,Random_Forest,B1_time,dataset_a:imu_20260721_201832,0,0.0
LOSO,seojin,Random_Forest,B1_time,dataset_a:imu_20260721_201855,0,0.0
LOSO,seojin,Random_Forest,B1_time,dataset_a:imu_20260721_201917,0,0.0
LOSO,seojin,Random_Forest,B1_time,dataset_a:imu_20260721_201938,0,0.0
LOSO,seojin,Random_Forest,B1_time,dataset_a:imu_20260721_202000,0,0.0
LOSO,seojin,Random_Forest,B1_time,dataset_a:imu_20260721_202022,0,0.009
LOSO,seojin,Random_Forest,B1_time,dataset_a:imu_20260721_202043,0,0.0
LOSO,seojin,Random_Forest,B1_time,dataset_a:imu_20260721_202111,0,0.0
LOSO,seojin,Random_Forest,B1_time,dataset_a:imu_20260721_202136,0,0.0
LOSO,seojin,Random_Forest,B1_time,dataset_a:imu_20260721_202205,0,0.005333333333333333
LOSO,seojin,Random_Forest,B1_time,dataset_a:imu_20260721_202252,0,0.002
LOSO,seojin,Random_Forest,B1_time,dataset_a:imu_20260721_202326,0,0.0016666666666666666
LOSO,seojin,Random_Forest,B1_time,dataset_a:imu_20260721_202355,0,0.009
LOSO,seojin,Random_Forest,B1_time,dataset_a:imu_20260721_202446,0,0.0
LOSO,seojin,Random_Forest,B1_time,dataset_a:imu_20260721_202508,0,0.0
LOSO,seojin,Random_Forest,B1_time,dataset_a:imu_20260721_202529,0,0.0
LOSO,seojin,Random_Forest,B1_time,dataset_a:imu_20260721_202550,0,0.0
LOSO,seojin,Random_Forest,B1_time,dataset_a:imu_20260721_202613,0,0.0
LOSO,seojin,Random_Forest,B1_time,dataset_a:imu_20260721_202634,0,0.0
LOSO,seojin,Random_Forest,B1_time,dataset_a:imu_20260721_202704,0,0.0
LOSO,seojin,Random_Forest,B1_time,dataset_a:imu_20260721_195856,1,1.0
LOSO,seojin,Random_Forest,B1_time,dataset_a:imu_20260721_200002,1,1.0
LOSO,seojin,Random_Forest,B1_time,dataset_a:imu_20260721_200033,1,1.0
LOSO,seojin,Random_Forest,B1_time,dataset_a:imu_20260721_200059,1,1.0
LOSO,seojin,Random_Forest,B1_time,dataset_a:imu_20260721_200128,1,1.0
LOSO,seojin,Random_Forest,B1_time,dataset_a:imu_20260721_200152,1,0.997
LOSO,seojin,Random_Forest,B1_time,dataset_a:imu_20260721_200233,1,0.997
LOSO,seojin,Random_Forest,B1_time,dataset_a:imu_20260721_200256,1,1.0
LOSO,seojin,Random_Forest,B1_time,dataset_a:imu_20260721_200321,1,1.0
LOSO,seojin,Random_Forest,B1_time,dataset_a:imu_20260721_200433,1,1.0
LOSO,seojin,Random_Forest,B1_time,dataset_a:imu_20260721_200508,1,0.9986666666666666
LOSO,seojin,Random_Forest,B1_time,dataset_a:imu_20260721_200530,1,1.0
LOSO,seojin,Random_Forest,B1_time,dataset_a:imu_20260721_200553,1,1.0
LOSO,seojin,Random_Forest,B1_time,dataset_a:imu_20260721_200617,1,0.999
LOSO,seojin,Random_Forest,B1_time,dataset_a:imu_20260721_200642,1,1.0
LOSO,seojin,Random_Forest,B1_time,dataset_a:imu_20260721_200826,1,1.0
LOSO,seojin,Random_Forest,B1_time,dataset_a:imu_20260721_200851,1,1.0
LOSO,seojin,Random_Forest,B1_time,dataset_a:imu_20260721_201011,1,1.0
LOSO,seojin,Random_Forest,B1_time,dataset_a:imu_20260721_201034,1,1.0
LOSO,seojin,Random_Forest,B1_time,dataset_a:imu_20260721_201110,1,1.0
LOSO,seojin,Random_Forest,B1_time,dataset_a:imu_20260721_201149,1,1.0
LOSO,seojin,Random_Forest,B1_time,dataset_a:imu_20260721_201211,1,1.0
LOSO,seojin,Random_Forest,B1_time,dataset_a:imu_20260721_201234,1,1.0
LOSO,seojin,Random_Forest,B1_time,dataset_a:imu_20260721_201256,1,1.0
LOSO,seojin,Random_Forest,B1_time,dataset_a:imu_20260721_201318,1,1.0
LOSO,seojin,RBF_SVM,B2_time_frequency,dataset_a:imu_20260721_201428,0,0.021340353263689934
LOSO,seojin,RBF_SVM,B2_time_frequency,dataset_a:imu_20260721_201455,0,0.010550965185860408
LOSO,seojin,RBF_SVM,B2_time_frequency,dataset_a:imu_20260721_201609,0,0.008413289833638314
LOSO,seojin,RBF_SVM,B2_time_frequency,dataset_a:imu_20260721_201735,0,0.028112294197146358
LOSO,seojin,RBF_SVM,B2_time_frequency,dataset_a:imu_20260721_201808,0,0.014169470992485155
LOSO,seojin,RBF_SVM,B2_time_frequency,dataset_a:imu_20260721_201832,0,0.011883001916178741
LOSO,seojin,RBF_SVM,B2_time_frequency,dataset_a:imu_20260721_201855,0,0.004573801539103963
LOSO,seojin,RBF_SVM,B2_time_frequency,dataset_a:imu_20260721_201917,0,0.012846600270586744
LOSO,seojin,RBF_SVM,B2_time_frequency,dataset_a:imu_20260721_201938,0,0.0023679734200720854
LOSO,seojin,RBF_SVM,B2_time_frequency,dataset_a:imu_20260721_202000,0,0.012700902869010152
LOSO,seojin,RBF_SVM,B2_time_frequency,dataset_a:imu_20260721_202022,0,0.026815056447423512
LOSO,seojin,RBF_SVM,B2_time_frequency,dataset_a:imu_20260721_202043,0,0.010404263343597092
LOSO,seojin,RBF_SVM,B2_time_frequency,dataset_a:imu_20260721_202111,0,0.005921864840141686
LOSO,seojin,RBF_SVM,B2_time_frequency,dataset_a:imu_20260721_202136,0,0.004285856109238536
LOSO,seojin,RBF_SVM,B2_time_frequency,dataset_a:imu_20260721_202205,0,0.022317247758342363
LOSO,seojin,RBF_SVM,B2_time_frequency,dataset_a:imu_20260721_202252,0,0.024031165148353528
LOSO,seojin,RBF_SVM,B2_time_frequency,dataset_a:imu_20260721_202326,0,0.01389223527437784
LOSO,seojin,RBF_SVM,B2_time_frequency,dataset_a:imu_20260721_202355,0,0.008196832567649456
LOSO,seojin,RBF_SVM,B2_time_frequency,dataset_a:imu_20260721_202446,0,0.011147398786486544
LOSO,seojin,RBF_SVM,B2_time_frequency,dataset_a:imu_20260721_202508,0,0.020082197692992684
LOSO,seojin,RBF_SVM,B2_time_frequency,dataset_a:imu_20260721_202529,0,0.013913346224284308
LOSO,seojin,RBF_SVM,B2_time_frequency,dataset_a:imu_20260721_202550,0,0.009660682983947455
LOSO,seojin,RBF_SVM,B2_time_frequency,dataset_a:imu_20260721_202613,0,0.013608942697561086
LOSO,seojin,RBF_SVM,B2_time_frequency,dataset_a:imu_20260721_202634,0,0.12524974073760622
LOSO,seojin,RBF_SVM,B2_time_frequency,dataset_a:imu_20260721_202704,0,0.07062857512997882
LOSO,seojin,RBF_SVM,B2_time_frequency,dataset_a:imu_20260721_195856,1,0.9934051143594321
LOSO,seojin,RBF_SVM,B2_time_frequency,dataset_a:imu_20260721_200002,1,0.996724380638889
LOSO,seojin,RBF_SVM,B2_time_frequency,dataset_a:imu_20260721_200033,1,0.9967103588187256
LOSO,seojin,RBF_SVM,B2_time_frequency,dataset_a:imu_20260721_200059,1,0.9999854639237656
LOSO,seojin,RBF_SVM,B2_time_frequency,dataset_a:imu_20260721_200128,1,0.9999869330846419
LOSO,seojin,RBF_SVM,B2_time_frequency,dataset_a:imu_20260721_200152,1,0.9846015281953835
LOSO,seojin,RBF_SVM,B2_time_frequency,dataset_a:imu_20260721_200233,1,0.9999953993809099
LOSO,seojin,RBF_SVM,B2_time_frequency,dataset_a:imu_20260721_200256,1,0.9962653000482898
LOSO,seojin,RBF_SVM,B2_time_frequency,dataset_a:imu_20260721_200321,1,0.9958035127192566
LOSO,seojin,RBF_SVM,B2_time_frequency,dataset_a:imu_20260721_200433,1,0.9971288582679129
LOSO,seojin,RBF_SVM,B2_time_frequency,dataset_a:imu_20260721_200508,1,0.9943500256546195
LOSO,seojin,RBF_SVM,B2_time_frequency,dataset_a:imu_20260721_200530,1,0.9914038403275068
LOSO,seojin,RBF_SVM,B2_time_frequency,dataset_a:imu_20260721_200553,1,0.9876735332476152
LOSO,seojin,RBF_SVM,B2_time_frequency,dataset_a:imu_20260721_200617,1,0.9941132833608156
LOSO,seojin,RBF_SVM,B2_time_frequency,dataset_a:imu_20260721_200642,1,0.9901655979860021
LOSO,seojin,RBF_SVM,B2_time_frequency,dataset_a:imu_20260721_200826,1,0.978364521952622
LOSO,seojin,RBF_SVM,B2_time_frequency,dataset_a:imu_20260721_200851,1,0.9965107622078672
LOSO,seojin,RBF_SVM,B2_time_frequency,dataset_a:imu_20260721_201011,1,0.9947906512655297
LOSO,seojin,RBF_SVM,B2_time_frequency,dataset_a:imu_20260721_201034,1,0.9999870984183787
LOSO,seojin,RBF_SVM,B2_time_frequency,dataset_a:imu_20260721_201110,1,0.9969954502032267
LOSO,seojin,RBF_SVM,B2_time_frequency,dataset_a:imu_20260721_201149,1,0.9944763713313038
LOSO,seojin,RBF_SVM,B2_time_frequency,dataset_a:imu_20260721_201211,1,0.9999934333385908
LOSO,seojin,RBF_SVM,B2_time_frequency,dataset_a:imu_20260721_201234,1,0.9925637031978025
LOSO,seojin,RBF_SVM,B2_time_frequency,dataset_a:imu_20260721_201256,1,0.9967768702290348
LOSO,seojin,RBF_SVM,B2_time_frequency,dataset_a:imu_20260721_201318,1,0.9967276603993894
LOSO,seojin,Random_Forest,B2_time_frequency,dataset_a:imu_20260721_201428,0,0.003
LOSO,seojin,Random_Forest,B2_time_frequency,dataset_a:imu_20260721_201455,0,0.0
LOSO,seojin,Random_Forest,B2_time_frequency,dataset_a:imu_20260721_201609,0,0.0
LOSO,seojin,Random_Forest,B2_time_frequency,dataset_a:imu_20260721_201735,0,0.001
LOSO,seojin,Random_Forest,B2_time_frequency,dataset_a:imu_20260721_201808,0,0.0013333333333333333
LOSO,seojin,Random_Forest,B2_time_frequency,dataset_a:imu_20260721_201832,0,0.0
LOSO,seojin,Random_Forest,B2_time_frequency,dataset_a:imu_20260721_201855,0,0.001
LOSO,seojin,Random_Forest,B2_time_frequency,dataset_a:imu_20260721_201917,0,0.0026666666666666666
LOSO,seojin,Random_Forest,B2_time_frequency,dataset_a:imu_20260721_201938,0,0.0
LOSO,seojin,Random_Forest,B2_time_frequency,dataset_a:imu_20260721_202000,0,0.0
LOSO,seojin,Random_Forest,B2_time_frequency,dataset_a:imu_20260721_202022,0,0.008666666666666666
LOSO,seojin,Random_Forest,B2_time_frequency,dataset_a:imu_20260721_202043,0,0.0
LOSO,seojin,Random_Forest,B2_time_frequency,dataset_a:imu_20260721_202111,0,0.0
LOSO,seojin,Random_Forest,B2_time_frequency,dataset_a:imu_20260721_202136,0,0.0
LOSO,seojin,Random_Forest,B2_time_frequency,dataset_a:imu_20260721_202205,0,0.011166666666666667
LOSO,seojin,Random_Forest,B2_time_frequency,dataset_a:imu_20260721_202252,0,0.001
LOSO,seojin,Random_Forest,B2_time_frequency,dataset_a:imu_20260721_202326,0,0.0026666666666666666
LOSO,seojin,Random_Forest,B2_time_frequency,dataset_a:imu_20260721_202355,0,0.015
LOSO,seojin,Random_Forest,B2_time_frequency,dataset_a:imu_20260721_202446,0,0.0013333333333333333
LOSO,seojin,Random_Forest,B2_time_frequency,dataset_a:imu_20260721_202508,0,0.0
LOSO,seojin,Random_Forest,B2_time_frequency,dataset_a:imu_20260721_202529,0,0.0
LOSO,seojin,Random_Forest,B2_time_frequency,dataset_a:imu_20260721_202550,0,0.0
LOSO,seojin,Random_Forest,B2_time_frequency,dataset_a:imu_20260721_202613,0,0.0
LOSO,seojin,Random_Forest,B2_time_frequency,dataset_a:imu_20260721_202634,0,0.0
LOSO,seojin,Random_Forest,B2_time_frequency,dataset_a:imu_20260721_202704,0,0.0
LOSO,seojin,Random_Forest,B2_time_frequency,dataset_a:imu_20260721_195856,1,1.0
LOSO,seojin,Random_Forest,B2_time_frequency,dataset_a:imu_20260721_200002,1,1.0
LOSO,seojin,Random_Forest,B2_time_frequency,dataset_a:imu_20260721_200033,1,1.0
LOSO,seojin,Random_Forest,B2_time_frequency,dataset_a:imu_20260721_200059,1,1.0
LOSO,seojin,Random_Forest,B2_time_frequency,dataset_a:imu_20260721_200128,1,1.0
LOSO,seojin,Random_Forest,B2_time_frequency,dataset_a:imu_20260721_200152,1,0.9913333333333333
LOSO,seojin,Random_Forest,B2_time_frequency,dataset_a:imu_20260721_200233,1,0.9973333333333334
LOSO,seojin,Random_Forest,B2_time_frequency,dataset_a:imu_20260721_200256,1,0.998
LOSO,seojin,Random_Forest,B2_time_frequency,dataset_a:imu_20260721_200321,1,1.0
LOSO,seojin,Random_Forest,B2_time_frequency,dataset_a:imu_20260721_200433,1,1.0
LOSO,seojin,Random_Forest,B2_time_frequency,dataset_a:imu_20260721_200508,1,0.999
LOSO,seojin,Random_Forest,B2_time_frequency,dataset_a:imu_20260721_200530,1,1.0
LOSO,seojin,Random_Forest,B2_time_frequency,dataset_a:imu_20260721_200553,1,0.998
LOSO,seojin,Random_Forest,B2_time_frequency,dataset_a:imu_20260721_200617,1,1.0
LOSO,seojin,Random_Forest,B2_time_frequency,dataset_a:imu_20260721_200642,1,1.0
LOSO,seojin,Random_Forest,B2_time_frequency,dataset_a:imu_20260721_200826,1,1.0
LOSO,seojin,Random_Forest,B2_time_frequency,dataset_a:imu_20260721_200851,1,1.0
LOSO,seojin,Random_Forest,B2_time_frequency,dataset_a:imu_20260721_201011,1,1.0
LOSO,seojin,Random_Forest,B2_time_frequency,dataset_a:imu_20260721_201034,1,1.0
LOSO,seojin,Random_Forest,B2_time_frequency,dataset_a:imu_20260721_201110,1,1.0
LOSO,seojin,Random_Forest,B2_time_frequency,dataset_a:imu_20260721_201149,1,1.0
LOSO,seojin,Random_Forest,B2_time_frequency,dataset_a:imu_20260721_201211,1,1.0
LOSO,seojin,Random_Forest,B2_time_frequency,dataset_a:imu_20260721_201234,1,1.0
LOSO,seojin,Random_Forest,B2_time_frequency,dataset_a:imu_20260721_201256,1,1.0
LOSO,seojin,Random_Forest,B2_time_frequency,dataset_a:imu_20260721_201318,1,0.996
cross_dataset,dataset_a_to_dataset_b,RBF_SVM,B1_time,dataset_b:anna_still_01,0,0.011911442724554291
cross_dataset,dataset_a_to_dataset_b,RBF_SVM,B1_time,dataset_b:anna_still_02,0,0.011013711617661915
cross_dataset,dataset_a_to_dataset_b,RBF_SVM,B1_time,dataset_b:anna_still_03,0,0.010902755761929072
cross_dataset,dataset_a_to_dataset_b,RBF_SVM,B1_time,dataset_b:anna_still_04,0,0.01856995058171851
cross_dataset,dataset_a_to_dataset_b,RBF_SVM,B1_time,dataset_b:anna_still_05,0,0.8716216840466939
cross_dataset,dataset_a_to_dataset_b,RBF_SVM,B1_time,dataset_b:anna_still_06,0,0.007300659859540641
cross_dataset,dataset_a_to_dataset_b,RBF_SVM,B1_time,dataset_b:anna_still_07,0,0.08303628145784632
cross_dataset,dataset_a_to_dataset_b,RBF_SVM,B1_time,dataset_b:anna_still_08,0,0.039787444184736766
cross_dataset,dataset_a_to_dataset_b,RBF_SVM,B1_time,dataset_b:anna_still_09,0,0.012371092102989258
cross_dataset,dataset_a_to_dataset_b,RBF_SVM,B1_time,dataset_b:anna_still_10,0,0.019197130624452833
cross_dataset,dataset_a_to_dataset_b,RBF_SVM,B1_time,dataset_b:anna_still_11,0,0.015912550942310994
cross_dataset,dataset_a_to_dataset_b,RBF_SVM,B1_time,dataset_b:anna_still_12,0,0.013676327130528384
cross_dataset,dataset_a_to_dataset_b,RBF_SVM,B1_time,dataset_b:anna_still_13,0,0.01347309741744033
cross_dataset,dataset_a_to_dataset_b,RBF_SVM,B1_time,dataset_b:anna_still_14,0,0.009866373050357688
cross_dataset,dataset_a_to_dataset_b,RBF_SVM,B1_time,dataset_b:anna_still_15,0,0.009418691252765982
cross_dataset,dataset_a_to_dataset_b,RBF_SVM,B1_time,dataset_b:anna_still_16,0,0.026171279153906015
cross_dataset,dataset_a_to_dataset_b,RBF_SVM,B1_time,dataset_b:anna_still_17,0,0.023654903623794486
cross_dataset,dataset_a_to_dataset_b,RBF_SVM,B1_time,dataset_b:anna_still_18,0,0.6528137447299028
cross_dataset,dataset_a_to_dataset_b,RBF_SVM,B1_time,dataset_b:anna_still_19,0,0.21827489420567195
cross_dataset,dataset_a_to_dataset_b,RBF_SVM,B1_time,dataset_b:anna_still_20,0,0.013040038621474119
cross_dataset,dataset_a_to_dataset_b,RBF_SVM,B1_time,dataset_b:anna_tremor_01,1,0.9931148080324314
cross_dataset,dataset_a_to_dataset_b,RBF_SVM,B1_time,dataset_b:anna_tremor_02,1,0.9920583564539814
cross_dataset,dataset_a_to_dataset_b,RBF_SVM,B1_time,dataset_b:anna_tremor_03,1,0.9952783407752547
cross_dataset,dataset_a_to_dataset_b,RBF_SVM,B1_time,dataset_b:anna_tremor_04,1,0.9722117830968534
cross_dataset,dataset_a_to_dataset_b,RBF_SVM,B1_time,dataset_b:anna_tremor_05,1,0.9918931347464437
cross_dataset,dataset_a_to_dataset_b,RBF_SVM,B1_time,dataset_b:anna_tremor_06,1,0.9642521942103349
cross_dataset,dataset_a_to_dataset_b,RBF_SVM,B1_time,dataset_b:anna_tremor_07,1,0.9522924198343601
cross_dataset,dataset_a_to_dataset_b,RBF_SVM,B1_time,dataset_b:anna_tremor_08,1,0.9540140526258795
cross_dataset,dataset_a_to_dataset_b,RBF_SVM,B1_time,dataset_b:anna_tremor_09,1,0.9850932678643654
cross_dataset,dataset_a_to_dataset_b,RBF_SVM,B1_time,dataset_b:anna_tremor_10,1,0.9611247811203598
cross_dataset,dataset_a_to_dataset_b,RBF_SVM,B1_time,dataset_b:anna_tremor_11,1,0.9724593706271694
cross_dataset,dataset_a_to_dataset_b,RBF_SVM,B1_time,dataset_b:anna_tremor_12,1,0.9681280823161934
cross_dataset,dataset_a_to_dataset_b,RBF_SVM,B1_time,dataset_b:anna_tremor_13,1,0.9957848958408774
cross_dataset,dataset_a_to_dataset_b,RBF_SVM,B1_time,dataset_b:anna_tremor_14,1,0.9935078447896386
cross_dataset,dataset_a_to_dataset_b,RBF_SVM,B1_time,dataset_b:anna_tremor_15,1,0.9963457133923265
cross_dataset,dataset_a_to_dataset_b,RBF_SVM,B1_time,dataset_b:anna_tremor_16,1,0.9999869258965973
cross_dataset,dataset_a_to_dataset_b,RBF_SVM,B1_time,dataset_b:anna_tremor_17,1,0.9999869308548713
cross_dataset,dataset_a_to_dataset_b,RBF_SVM,B1_time,dataset_b:anna_tremor_18,1,0.9953072278324814
cross_dataset,dataset_a_to_dataset_b,RBF_SVM,B1_time,dataset_b:anna_tremor_19,1,0.891064770768628
cross_dataset,dataset_a_to_dataset_b,RBF_SVM,B1_time,dataset_b:anna_tremor_20,1,0.97242464514678
cross_dataset,dataset_a_to_dataset_b,RBF_SVM,B1_time,dataset_b:mu_still_01,0,0.021303147860844734
cross_dataset,dataset_a_to_dataset_b,RBF_SVM,B1_time,dataset_b:mu_still_02,0,0.01796554071188507
cross_dataset,dataset_a_to_dataset_b,RBF_SVM,B1_time,dataset_b:mu_still_03,0,0.012515849893929254
cross_dataset,dataset_a_to_dataset_b,RBF_SVM,B1_time,dataset_b:mu_still_04,0,0.013134014773516743
cross_dataset,dataset_a_to_dataset_b,RBF_SVM,B1_time,dataset_b:mu_still_05,0,0.013754867983034758
cross_dataset,dataset_a_to_dataset_b,RBF_SVM,B1_time,dataset_b:mu_still_06,0,0.011437451257040555
cross_dataset,dataset_a_to_dataset_b,RBF_SVM,B1_time,dataset_b:mu_still_07,0,0.012393081090720787
cross_dataset,dataset_a_to_dataset_b,RBF_SVM,B1_time,dataset_b:mu_still_08,0,0.3658632016368799
cross_dataset,dataset_a_to_dataset_b,RBF_SVM,B1_time,dataset_b:mu_still_09,0,0.013617410509829592
cross_dataset,dataset_a_to_dataset_b,RBF_SVM,B1_time,dataset_b:mu_still_10,0,0.02706734005360635
cross_dataset,dataset_a_to_dataset_b,RBF_SVM,B1_time,dataset_b:mu_still_11,0,0.009288121830435087
cross_dataset,dataset_a_to_dataset_b,RBF_SVM,B1_time,dataset_b:mu_still_12,0,0.011392350076691114
cross_dataset,dataset_a_to_dataset_b,RBF_SVM,B1_time,dataset_b:mu_still_13,0,0.2802401643031285
cross_dataset,dataset_a_to_dataset_b,RBF_SVM,B1_time,dataset_b:mu_still_14,0,0.011961815815686309
cross_dataset,dataset_a_to_dataset_b,RBF_SVM,B1_time,dataset_b:mu_still_15,0,0.011390414360566505
cross_dataset,dataset_a_to_dataset_b,RBF_SVM,B1_time,dataset_b:mu_still_16,0,0.0062888463520241345
cross_dataset,dataset_a_to_dataset_b,RBF_SVM,B1_time,dataset_b:mu_still_17,0,0.011327405286036712
cross_dataset,dataset_a_to_dataset_b,RBF_SVM,B1_time,dataset_b:mu_still_18,0,0.8737733425927657
cross_dataset,dataset_a_to_dataset_b,RBF_SVM,B1_time,dataset_b:mu_still_19,0,0.009151040565910918
cross_dataset,dataset_a_to_dataset_b,RBF_SVM,B1_time,dataset_b:mu_still_20,0,0.011571041749412167
cross_dataset,dataset_a_to_dataset_b,RBF_SVM,B1_time,dataset_b:mu_tremor_01,1,0.9970236216236166
cross_dataset,dataset_a_to_dataset_b,RBF_SVM,B1_time,dataset_b:mu_tremor_02,1,0.9954199193358986
cross_dataset,dataset_a_to_dataset_b,RBF_SVM,B1_time,dataset_b:mu_tremor_03,1,0.9928392555968977
cross_dataset,dataset_a_to_dataset_b,RBF_SVM,B1_time,dataset_b:mu_tremor_04,1,0.9645245806857078
cross_dataset,dataset_a_to_dataset_b,RBF_SVM,B1_time,dataset_b:mu_tremor_05,1,0.9703689537598698
cross_dataset,dataset_a_to_dataset_b,RBF_SVM,B1_time,dataset_b:mu_tremor_06,1,0.996254084361127
cross_dataset,dataset_a_to_dataset_b,RBF_SVM,B1_time,dataset_b:mu_tremor_07,1,0.9873061089154225
cross_dataset,dataset_a_to_dataset_b,RBF_SVM,B1_time,dataset_b:mu_tremor_08,1,0.8926899018793708
cross_dataset,dataset_a_to_dataset_b,RBF_SVM,B1_time,dataset_b:mu_tremor_09,1,0.9877610596874317
cross_dataset,dataset_a_to_dataset_b,RBF_SVM,B1_time,dataset_b:mu_tremor_10,1,0.9959794703863617
cross_dataset,dataset_a_to_dataset_b,RBF_SVM,B1_time,dataset_b:mu_tremor_11,1,0.8959472450435214
cross_dataset,dataset_a_to_dataset_b,RBF_SVM,B1_time,dataset_b:mu_tremor_12,1,0.9660191839272939
cross_dataset,dataset_a_to_dataset_b,RBF_SVM,B1_time,dataset_b:mu_tremor_13,1,0.9842998215110655
cross_dataset,dataset_a_to_dataset_b,RBF_SVM,B1_time,dataset_b:mu_tremor_14,1,0.9823080247129709
cross_dataset,dataset_a_to_dataset_b,RBF_SVM,B1_time,dataset_b:mu_tremor_15,1,0.996410187959523
cross_dataset,dataset_a_to_dataset_b,RBF_SVM,B1_time,dataset_b:mu_tremor_16,1,0.996157508781765
cross_dataset,dataset_a_to_dataset_b,RBF_SVM,B1_time,dataset_b:mu_tremor_17,1,0.9874520103671086
cross_dataset,dataset_a_to_dataset_b,RBF_SVM,B1_time,dataset_b:mu_tremor_18,1,0.9834516256971646
cross_dataset,dataset_a_to_dataset_b,RBF_SVM,B1_time,dataset_b:mu_tremor_19,1,0.9707977167858367
cross_dataset,dataset_a_to_dataset_b,RBF_SVM,B1_time,dataset_b:mu_tremor_20,1,0.9939413723659187
cross_dataset,dataset_a_to_dataset_b,Random_Forest,B1_time,dataset_b:anna_still_01,0,0.0
cross_dataset,dataset_a_to_dataset_b,Random_Forest,B1_time,dataset_b:anna_still_02,0,0.0
cross_dataset,dataset_a_to_dataset_b,Random_Forest,B1_time,dataset_b:anna_still_03,0,0.0
cross_dataset,dataset_a_to_dataset_b,Random_Forest,B1_time,dataset_b:anna_still_04,0,0.0
cross_dataset,dataset_a_to_dataset_b,Random_Forest,B1_time,dataset_b:anna_still_05,0,0.07396666666666667
cross_dataset,dataset_a_to_dataset_b,Random_Forest,B1_time,dataset_b:anna_still_06,0,0.0
cross_dataset,dataset_a_to_dataset_b,Random_Forest,B1_time,dataset_b:anna_still_07,0,0.0
cross_dataset,dataset_a_to_dataset_b,Random_Forest,B1_time,dataset_b:anna_still_08,0,0.06996666666666666
cross_dataset,dataset_a_to_dataset_b,Random_Forest,B1_time,dataset_b:anna_still_09,0,0.0
cross_dataset,dataset_a_to_dataset_b,Random_Forest,B1_time,dataset_b:anna_still_10,0,0.0
cross_dataset,dataset_a_to_dataset_b,Random_Forest,B1_time,dataset_b:anna_still_11,0,0.0
cross_dataset,dataset_a_to_dataset_b,Random_Forest,B1_time,dataset_b:anna_still_12,0,0.0
cross_dataset,dataset_a_to_dataset_b,Random_Forest,B1_time,dataset_b:anna_still_13,0,0.0
cross_dataset,dataset_a_to_dataset_b,Random_Forest,B1_time,dataset_b:anna_still_14,0,0.0
cross_dataset,dataset_a_to_dataset_b,Random_Forest,B1_time,dataset_b:anna_still_15,0,0.0
cross_dataset,dataset_a_to_dataset_b,Random_Forest,B1_time,dataset_b:anna_still_16,0,0.0013333333333333333
cross_dataset,dataset_a_to_dataset_b,Random_Forest,B1_time,dataset_b:anna_still_17,0,0.0
cross_dataset,dataset_a_to_dataset_b,Random_Forest,B1_time,dataset_b:anna_still_18,0,0.5039666666666667
cross_dataset,dataset_a_to_dataset_b,Random_Forest,B1_time,dataset_b:anna_still_19,0,0.07296666666666667
cross_dataset,dataset_a_to_dataset_b,Random_Forest,B1_time,dataset_b:anna_still_20,0,0.0
cross_dataset,dataset_a_to_dataset_b,Random_Forest,B1_time,dataset_b:anna_tremor_01,1,1.0
cross_dataset,dataset_a_to_dataset_b,Random_Forest,B1_time,dataset_b:anna_tremor_02,1,1.0
cross_dataset,dataset_a_to_dataset_b,Random_Forest,B1_time,dataset_b:anna_tremor_03,1,0.9951666666666666
cross_dataset,dataset_a_to_dataset_b,Random_Forest,B1_time,dataset_b:anna_tremor_04,1,1.0
cross_dataset,dataset_a_to_dataset_b,Random_Forest,B1_time,dataset_b:anna_tremor_05,1,1.0
cross_dataset,dataset_a_to_dataset_b,Random_Forest,B1_time,dataset_b:anna_tremor_06,1,1.0
cross_dataset,dataset_a_to_dataset_b,Random_Forest,B1_time,dataset_b:anna_tremor_07,1,1.0
cross_dataset,dataset_a_to_dataset_b,Random_Forest,B1_time,dataset_b:anna_tremor_08,1,1.0
cross_dataset,dataset_a_to_dataset_b,Random_Forest,B1_time,dataset_b:anna_tremor_09,1,1.0
cross_dataset,dataset_a_to_dataset_b,Random_Forest,B1_time,dataset_b:anna_tremor_10,1,1.0
cross_dataset,dataset_a_to_dataset_b,Random_Forest,B1_time,dataset_b:anna_tremor_11,1,1.0
cross_dataset,dataset_a_to_dataset_b,Random_Forest,B1_time,dataset_b:anna_tremor_12,1,1.0
cross_dataset,dataset_a_to_dataset_b,Random_Forest,B1_time,dataset_b:anna_tremor_13,1,0.9766666666666668
cross_dataset,dataset_a_to_dataset_b,Random_Forest,B1_time,dataset_b:anna_tremor_14,1,1.0
cross_dataset,dataset_a_to_dataset_b,Random_Forest,B1_time,dataset_b:anna_tremor_15,1,0.9935
cross_dataset,dataset_a_to_dataset_b,Random_Forest,B1_time,dataset_b:anna_tremor_16,1,0.9965
cross_dataset,dataset_a_to_dataset_b,Random_Forest,B1_time,dataset_b:anna_tremor_17,1,1.0
cross_dataset,dataset_a_to_dataset_b,Random_Forest,B1_time,dataset_b:anna_tremor_18,1,0.9806666666666666
cross_dataset,dataset_a_to_dataset_b,Random_Forest,B1_time,dataset_b:anna_tremor_19,1,1.0
cross_dataset,dataset_a_to_dataset_b,Random_Forest,B1_time,dataset_b:anna_tremor_20,1,0.9666666666666668
cross_dataset,dataset_a_to_dataset_b,Random_Forest,B1_time,dataset_b:mu_still_01,0,0.0005
cross_dataset,dataset_a_to_dataset_b,Random_Forest,B1_time,dataset_b:mu_still_02,0,0.0031666666666666666
cross_dataset,dataset_a_to_dataset_b,Random_Forest,B1_time,dataset_b:mu_still_03,0,0.0
cross_dataset,dataset_a_to_dataset_b,Random_Forest,B1_time,dataset_b:mu_still_04,0,0.0
cross_dataset,dataset_a_to_dataset_b,Random_Forest,B1_time,dataset_b:mu_still_05,0,0.0
cross_dataset,dataset_a_to_dataset_b,Random_Forest,B1_time,dataset_b:mu_still_06,0,0.0
cross_dataset,dataset_a_to_dataset_b,Random_Forest,B1_time,dataset_b:mu_still_07,0,0.0
cross_dataset,dataset_a_to_dataset_b,Random_Forest,B1_time,dataset_b:mu_still_08,0,0.02263333333333333
cross_dataset,dataset_a_to_dataset_b,Random_Forest,B1_time,dataset_b:mu_still_09,0,0.034
cross_dataset,dataset_a_to_dataset_b,Random_Forest,B1_time,dataset_b:mu_still_10,0,0.03496666666666667
cross_dataset,dataset_a_to_dataset_b,Random_Forest,B1_time,dataset_b:mu_still_11,0,0.0
cross_dataset,dataset_a_to_dataset_b,Random_Forest,B1_time,dataset_b:mu_still_12,0,0.0005
cross_dataset,dataset_a_to_dataset_b,Random_Forest,B1_time,dataset_b:mu_still_13,0,0.04616666666666666
cross_dataset,dataset_a_to_dataset_b,Random_Forest,B1_time,dataset_b:mu_still_14,0,0.0
cross_dataset,dataset_a_to_dataset_b,Random_Forest,B1_time,dataset_b:mu_still_15,0,0.0
cross_dataset,dataset_a_to_dataset_b,Random_Forest,B1_time,dataset_b:mu_still_16,0,0.0
cross_dataset,dataset_a_to_dataset_b,Random_Forest,B1_time,dataset_b:mu_still_17,0,0.0
cross_dataset,dataset_a_to_dataset_b,Random_Forest,B1_time,dataset_b:mu_still_18,0,0.6509666666666667
cross_dataset,dataset_a_to_dataset_b,Random_Forest,B1_time,dataset_b:mu_still_19,0,0.0
cross_dataset,dataset_a_to_dataset_b,Random_Forest,B1_time,dataset_b:mu_still_20,0,0.0
cross_dataset,dataset_a_to_dataset_b,Random_Forest,B1_time,dataset_b:mu_tremor_01,1,0.998
cross_dataset,dataset_a_to_dataset_b,Random_Forest,B1_time,dataset_b:mu_tremor_02,1,1.0
cross_dataset,dataset_a_to_dataset_b,Random_Forest,B1_time,dataset_b:mu_tremor_03,1,1.0
cross_dataset,dataset_a_to_dataset_b,Random_Forest,B1_time,dataset_b:mu_tremor_04,1,1.0
cross_dataset,dataset_a_to_dataset_b,Random_Forest,B1_time,dataset_b:mu_tremor_05,1,0.9526666666666667
cross_dataset,dataset_a_to_dataset_b,Random_Forest,B1_time,dataset_b:mu_tremor_06,1,1.0
cross_dataset,dataset_a_to_dataset_b,Random_Forest,B1_time,dataset_b:mu_tremor_07,1,1.0
cross_dataset,dataset_a_to_dataset_b,Random_Forest,B1_time,dataset_b:mu_tremor_08,1,0.9977999999999999
cross_dataset,dataset_a_to_dataset_b,Random_Forest,B1_time,dataset_b:mu_tremor_09,1,1.0
cross_dataset,dataset_a_to_dataset_b,Random_Forest,B1_time,dataset_b:mu_tremor_10,1,1.0
cross_dataset,dataset_a_to_dataset_b,Random_Forest,B1_time,dataset_b:mu_tremor_11,1,0.9995
cross_dataset,dataset_a_to_dataset_b,Random_Forest,B1_time,dataset_b:mu_tremor_12,1,1.0
cross_dataset,dataset_a_to_dataset_b,Random_Forest,B1_time,dataset_b:mu_tremor_13,1,1.0
cross_dataset,dataset_a_to_dataset_b,Random_Forest,B1_time,dataset_b:mu_tremor_14,1,1.0
cross_dataset,dataset_a_to_dataset_b,Random_Forest,B1_time,dataset_b:mu_tremor_15,1,1.0
cross_dataset,dataset_a_to_dataset_b,Random_Forest,B1_time,dataset_b:mu_tremor_16,1,1.0
cross_dataset,dataset_a_to_dataset_b,Random_Forest,B1_time,dataset_b:mu_tremor_17,1,1.0
cross_dataset,dataset_a_to_dataset_b,Random_Forest,B1_time,dataset_b:mu_tremor_18,1,0.9967999999999999
cross_dataset,dataset_a_to_dataset_b,Random_Forest,B1_time,dataset_b:mu_tremor_19,1,0.9636666666666667
cross_dataset,dataset_a_to_dataset_b,Random_Forest,B1_time,dataset_b:mu_tremor_20,1,0.9977999999999999
cross_dataset,dataset_a_to_dataset_b,RBF_SVM,B2_time_frequency,dataset_b:anna_still_01,0,0.034481441253593634
cross_dataset,dataset_a_to_dataset_b,RBF_SVM,B2_time_frequency,dataset_b:anna_still_02,0,0.022024032091476412
cross_dataset,dataset_a_to_dataset_b,RBF_SVM,B2_time_frequency,dataset_b:anna_still_03,0,0.034900961787108935
cross_dataset,dataset_a_to_dataset_b,RBF_SVM,B2_time_frequency,dataset_b:anna_still_04,0,0.034656101995937105
cross_dataset,dataset_a_to_dataset_b,RBF_SVM,B2_time_frequency,dataset_b:anna_still_05,0,0.7669303088345877
cross_dataset,dataset_a_to_dataset_b,RBF_SVM,B2_time_frequency,dataset_b:anna_still_06,0,0.018988171019346158
cross_dataset,dataset_a_to_dataset_b,RBF_SVM,B2_time_frequency,dataset_b:anna_still_07,0,0.06159457695097712
cross_dataset,dataset_a_to_dataset_b,RBF_SVM,B2_time_frequency,dataset_b:anna_still_08,0,0.25629244269102663
cross_dataset,dataset_a_to_dataset_b,RBF_SVM,B2_time_frequency,dataset_b:anna_still_09,0,0.08542987677590858
cross_dataset,dataset_a_to_dataset_b,RBF_SVM,B2_time_frequency,dataset_b:anna_still_10,0,0.010212399714738873
cross_dataset,dataset_a_to_dataset_b,RBF_SVM,B2_time_frequency,dataset_b:anna_still_11,0,0.03170553495200535
cross_dataset,dataset_a_to_dataset_b,RBF_SVM,B2_time_frequency,dataset_b:anna_still_12,0,0.05384143062842737
cross_dataset,dataset_a_to_dataset_b,RBF_SVM,B2_time_frequency,dataset_b:anna_still_13,0,0.04616820353849716
cross_dataset,dataset_a_to_dataset_b,RBF_SVM,B2_time_frequency,dataset_b:anna_still_14,0,0.03377886168457856
cross_dataset,dataset_a_to_dataset_b,RBF_SVM,B2_time_frequency,dataset_b:anna_still_15,0,0.08124417369382811
cross_dataset,dataset_a_to_dataset_b,RBF_SVM,B2_time_frequency,dataset_b:anna_still_16,0,0.08598518846976723
cross_dataset,dataset_a_to_dataset_b,RBF_SVM,B2_time_frequency,dataset_b:anna_still_17,0,0.05547249519714173
cross_dataset,dataset_a_to_dataset_b,RBF_SVM,B2_time_frequency,dataset_b:anna_still_18,0,0.40340178775989655
cross_dataset,dataset_a_to_dataset_b,RBF_SVM,B2_time_frequency,dataset_b:anna_still_19,0,0.25067595976847795
cross_dataset,dataset_a_to_dataset_b,RBF_SVM,B2_time_frequency,dataset_b:anna_still_20,0,0.039757600591164795
cross_dataset,dataset_a_to_dataset_b,RBF_SVM,B2_time_frequency,dataset_b:anna_tremor_01,1,0.9863440035012703
cross_dataset,dataset_a_to_dataset_b,RBF_SVM,B2_time_frequency,dataset_b:anna_tremor_02,1,0.9373911898682841
cross_dataset,dataset_a_to_dataset_b,RBF_SVM,B2_time_frequency,dataset_b:anna_tremor_03,1,0.9942467448341524
cross_dataset,dataset_a_to_dataset_b,RBF_SVM,B2_time_frequency,dataset_b:anna_tremor_04,1,0.9807708419018611
cross_dataset,dataset_a_to_dataset_b,RBF_SVM,B2_time_frequency,dataset_b:anna_tremor_05,1,0.9952480779144992
cross_dataset,dataset_a_to_dataset_b,RBF_SVM,B2_time_frequency,dataset_b:anna_tremor_06,1,0.9760817320641243
cross_dataset,dataset_a_to_dataset_b,RBF_SVM,B2_time_frequency,dataset_b:anna_tremor_07,1,0.9788829008191627
cross_dataset,dataset_a_to_dataset_b,RBF_SVM,B2_time_frequency,dataset_b:anna_tremor_08,1,0.9784454606800929
cross_dataset,dataset_a_to_dataset_b,RBF_SVM,B2_time_frequency,dataset_b:anna_tremor_09,1,0.9919674445586131
cross_dataset,dataset_a_to_dataset_b,RBF_SVM,B2_time_frequency,dataset_b:anna_tremor_10,1,0.9823264122159667
cross_dataset,dataset_a_to_dataset_b,RBF_SVM,B2_time_frequency,dataset_b:anna_tremor_11,1,0.9811944471672759
cross_dataset,dataset_a_to_dataset_b,RBF_SVM,B2_time_frequency,dataset_b:anna_tremor_12,1,0.9833649176299455
cross_dataset,dataset_a_to_dataset_b,RBF_SVM,B2_time_frequency,dataset_b:anna_tremor_13,1,0.9868930939183702
cross_dataset,dataset_a_to_dataset_b,RBF_SVM,B2_time_frequency,dataset_b:anna_tremor_14,1,0.9953570931153212
cross_dataset,dataset_a_to_dataset_b,RBF_SVM,B2_time_frequency,dataset_b:anna_tremor_15,1,0.9685675785340052
cross_dataset,dataset_a_to_dataset_b,RBF_SVM,B2_time_frequency,dataset_b:anna_tremor_16,1,0.9762662713529281
cross_dataset,dataset_a_to_dataset_b,RBF_SVM,B2_time_frequency,dataset_b:anna_tremor_17,1,0.9970938028216234
cross_dataset,dataset_a_to_dataset_b,RBF_SVM,B2_time_frequency,dataset_b:anna_tremor_18,1,0.9811026434439769
cross_dataset,dataset_a_to_dataset_b,RBF_SVM,B2_time_frequency,dataset_b:anna_tremor_19,1,0.8419103917450269
cross_dataset,dataset_a_to_dataset_b,RBF_SVM,B2_time_frequency,dataset_b:anna_tremor_20,1,0.9878624584928826
cross_dataset,dataset_a_to_dataset_b,RBF_SVM,B2_time_frequency,dataset_b:mu_still_01,0,0.015322349660751959
cross_dataset,dataset_a_to_dataset_b,RBF_SVM,B2_time_frequency,dataset_b:mu_still_02,0,0.044060404036629336
cross_dataset,dataset_a_to_dataset_b,RBF_SVM,B2_time_frequency,dataset_b:mu_still_03,0,0.021071944781108406
cross_dataset,dataset_a_to_dataset_b,RBF_SVM,B2_time_frequency,dataset_b:mu_still_04,0,0.018019982585753266
cross_dataset,dataset_a_to_dataset_b,RBF_SVM,B2_time_frequency,dataset_b:mu_still_05,0,0.0259791438594304
cross_dataset,dataset_a_to_dataset_b,RBF_SVM,B2_time_frequency,dataset_b:mu_still_06,0,0.04522482013936804
cross_dataset,dataset_a_to_dataset_b,RBF_SVM,B2_time_frequency,dataset_b:mu_still_07,0,0.015508185740253823
cross_dataset,dataset_a_to_dataset_b,RBF_SVM,B2_time_frequency,dataset_b:mu_still_08,0,0.28155472311066726
cross_dataset,dataset_a_to_dataset_b,RBF_SVM,B2_time_frequency,dataset_b:mu_still_09,0,0.026733613799392274
cross_dataset,dataset_a_to_dataset_b,RBF_SVM,B2_time_frequency,dataset_b:mu_still_10,0,0.17305566752849336
cross_dataset,dataset_a_to_dataset_b,RBF_SVM,B2_time_frequency,dataset_b:mu_still_11,0,0.012170907004760602
cross_dataset,dataset_a_to_dataset_b,RBF_SVM,B2_time_frequency,dataset_b:mu_still_12,0,0.034172503368490155
cross_dataset,dataset_a_to_dataset_b,RBF_SVM,B2_time_frequency,dataset_b:mu_still_13,0,0.22312373346810904
cross_dataset,dataset_a_to_dataset_b,RBF_SVM,B2_time_frequency,dataset_b:mu_still_14,0,0.09446953474592475
cross_dataset,dataset_a_to_dataset_b,RBF_SVM,B2_time_frequency,dataset_b:mu_still_15,0,0.04627031510521365
cross_dataset,dataset_a_to_dataset_b,RBF_SVM,B2_time_frequency,dataset_b:mu_still_16,0,0.012498737292724648
cross_dataset,dataset_a_to_dataset_b,RBF_SVM,B2_time_frequency,dataset_b:mu_still_17,0,0.005659379243294781
cross_dataset,dataset_a_to_dataset_b,RBF_SVM,B2_time_frequency,dataset_b:mu_still_18,0,0.6878821109520248
cross_dataset,dataset_a_to_dataset_b,RBF_SVM,B2_time_frequency,dataset_b:mu_still_19,0,0.09315626795687725
cross_dataset,dataset_a_to_dataset_b,RBF_SVM,B2_time_frequency,dataset_b:mu_still_20,0,0.027918549856404858
cross_dataset,dataset_a_to_dataset_b,RBF_SVM,B2_time_frequency,dataset_b:mu_tremor_01,1,0.9884716153103368
cross_dataset,dataset_a_to_dataset_b,RBF_SVM,B2_time_frequency,dataset_b:mu_tremor_02,1,0.9928796505024977
cross_dataset,dataset_a_to_dataset_b,RBF_SVM,B2_time_frequency,dataset_b:mu_tremor_03,1,0.9663502239371563
cross_dataset,dataset_a_to_dataset_b,RBF_SVM,B2_time_frequency,dataset_b:mu_tremor_04,1,0.9526292524451293
cross_dataset,dataset_a_to_dataset_b,RBF_SVM,B2_time_frequency,dataset_b:mu_tremor_05,1,0.9306486867585284
cross_dataset,dataset_a_to_dataset_b,RBF_SVM,B2_time_frequency,dataset_b:mu_tremor_06,1,0.9662949746897727
cross_dataset,dataset_a_to_dataset_b,RBF_SVM,B2_time_frequency,dataset_b:mu_tremor_07,1,0.9529473444724655
cross_dataset,dataset_a_to_dataset_b,RBF_SVM,B2_time_frequency,dataset_b:mu_tremor_08,1,0.8404310945288243
cross_dataset,dataset_a_to_dataset_b,RBF_SVM,B2_time_frequency,dataset_b:mu_tremor_09,1,0.962749568297247
cross_dataset,dataset_a_to_dataset_b,RBF_SVM,B2_time_frequency,dataset_b:mu_tremor_10,1,0.9760056257987935
cross_dataset,dataset_a_to_dataset_b,RBF_SVM,B2_time_frequency,dataset_b:mu_tremor_11,1,0.8732043933047762
cross_dataset,dataset_a_to_dataset_b,RBF_SVM,B2_time_frequency,dataset_b:mu_tremor_12,1,0.9844160736644441
cross_dataset,dataset_a_to_dataset_b,RBF_SVM,B2_time_frequency,dataset_b:mu_tremor_13,1,0.9941083971701296
cross_dataset,dataset_a_to_dataset_b,RBF_SVM,B2_time_frequency,dataset_b:mu_tremor_14,1,0.9231680515317824
cross_dataset,dataset_a_to_dataset_b,RBF_SVM,B2_time_frequency,dataset_b:mu_tremor_15,1,0.9776681790182771
cross_dataset,dataset_a_to_dataset_b,RBF_SVM,B2_time_frequency,dataset_b:mu_tremor_16,1,0.958442886826939
cross_dataset,dataset_a_to_dataset_b,RBF_SVM,B2_time_frequency,dataset_b:mu_tremor_17,1,0.9660412041545652
cross_dataset,dataset_a_to_dataset_b,RBF_SVM,B2_time_frequency,dataset_b:mu_tremor_18,1,0.8417683464856969
cross_dataset,dataset_a_to_dataset_b,RBF_SVM,B2_time_frequency,dataset_b:mu_tremor_19,1,0.9130684759851005
cross_dataset,dataset_a_to_dataset_b,RBF_SVM,B2_time_frequency,dataset_b:mu_tremor_20,1,0.8754946094595161
cross_dataset,dataset_a_to_dataset_b,Random_Forest,B2_time_frequency,dataset_b:anna_still_01,0,0.001
cross_dataset,dataset_a_to_dataset_b,Random_Forest,B2_time_frequency,dataset_b:anna_still_02,0,0.002
cross_dataset,dataset_a_to_dataset_b,Random_Forest,B2_time_frequency,dataset_b:anna_still_03,0,0.001
cross_dataset,dataset_a_to_dataset_b,Random_Forest,B2_time_frequency,dataset_b:anna_still_04,0,0.047266666666666665
cross_dataset,dataset_a_to_dataset_b,Random_Forest,B2_time_frequency,dataset_b:anna_still_05,0,0.127
cross_dataset,dataset_a_to_dataset_b,Random_Forest,B2_time_frequency,dataset_b:anna_still_06,0,0.038266666666666664
cross_dataset,dataset_a_to_dataset_b,Random_Forest,B2_time_frequency,dataset_b:anna_still_07,0,0.05126666666666667
cross_dataset,dataset_a_to_dataset_b,Random_Forest,B2_time_frequency,dataset_b:anna_still_08,0,0.12966666666666668
cross_dataset,dataset_a_to_dataset_b,Random_Forest,B2_time_frequency,dataset_b:anna_still_09,0,0.011333333333333332
cross_dataset,dataset_a_to_dataset_b,Random_Forest,B2_time_frequency,dataset_b:anna_still_10,0,0.008666666666666666
cross_dataset,dataset_a_to_dataset_b,Random_Forest,B2_time_frequency,dataset_b:anna_still_11,0,0.04893333333333333
cross_dataset,dataset_a_to_dataset_b,Random_Forest,B2_time_frequency,dataset_b:anna_still_12,0,0.04893333333333333
cross_dataset,dataset_a_to_dataset_b,Random_Forest,B2_time_frequency,dataset_b:anna_still_13,0,0.04393333333333333
cross_dataset,dataset_a_to_dataset_b,Random_Forest,B2_time_frequency,dataset_b:anna_still_14,0,0.015666666666666666
cross_dataset,dataset_a_to_dataset_b,Random_Forest,B2_time_frequency,dataset_b:anna_still_15,0,0.045766666666666664
cross_dataset,dataset_a_to_dataset_b,Random_Forest,B2_time_frequency,dataset_b:anna_still_16,0,0.04293333333333333
cross_dataset,dataset_a_to_dataset_b,Random_Forest,B2_time_frequency,dataset_b:anna_still_17,0,0.010666666666666666
cross_dataset,dataset_a_to_dataset_b,Random_Forest,B2_time_frequency,dataset_b:anna_still_18,0,0.44926666666666665
cross_dataset,dataset_a_to_dataset_b,Random_Forest,B2_time_frequency,dataset_b:anna_still_19,0,0.11016666666666668
cross_dataset,dataset_a_to_dataset_b,Random_Forest,B2_time_frequency,dataset_b:anna_still_20,0,0.04593333333333333
cross_dataset,dataset_a_to_dataset_b,Random_Forest,B2_time_frequency,dataset_b:anna_tremor_01,1,1.0
cross_dataset,dataset_a_to_dataset_b,Random_Forest,B2_time_frequency,dataset_b:anna_tremor_02,1,0.9812666666666667
cross_dataset,dataset_a_to_dataset_b,Random_Forest,B2_time_frequency,dataset_b:anna_tremor_03,1,0.9946666666666666
cross_dataset,dataset_a_to_dataset_b,Random_Forest,B2_time_frequency,dataset_b:anna_tremor_04,1,0.9936
cross_dataset,dataset_a_to_dataset_b,Random_Forest,B2_time_frequency,dataset_b:anna_tremor_05,1,0.9966
cross_dataset,dataset_a_to_dataset_b,Random_Forest,B2_time_frequency,dataset_b:anna_tremor_06,1,0.9996
cross_dataset,dataset_a_to_dataset_b,Random_Forest,B2_time_frequency,dataset_b:anna_tremor_07,1,0.9926
cross_dataset,dataset_a_to_dataset_b,Random_Forest,B2_time_frequency,dataset_b:anna_tremor_08,1,0.9906
cross_dataset,dataset_a_to_dataset_b,Random_Forest,B2_time_frequency,dataset_b:anna_tremor_09,1,0.9851
cross_dataset,dataset_a_to_dataset_b,Random_Forest,B2_time_frequency,dataset_b:anna_tremor_10,1,0.9996
cross_dataset,dataset_a_to_dataset_b,Random_Forest,B2_time_frequency,dataset_b:anna_tremor_11,1,0.9886
cross_dataset,dataset_a_to_dataset_b,Random_Forest,B2_time_frequency,dataset_b:anna_tremor_12,1,0.9861
cross_dataset,dataset_a_to_dataset_b,Random_Forest,B2_time_frequency,dataset_b:anna_tremor_13,1,0.9477666666666668
cross_dataset,dataset_a_to_dataset_b,Random_Forest,B2_time_frequency,dataset_b:anna_tremor_14,1,0.9976
cross_dataset,dataset_a_to_dataset_b,Random_Forest,B2_time_frequency,dataset_b:anna_tremor_15,1,0.9527666666666668
cross_dataset,dataset_a_to_dataset_b,Random_Forest,B2_time_frequency,dataset_b:anna_tremor_16,1,0.9826
cross_dataset,dataset_a_to_dataset_b,Random_Forest,B2_time_frequency,dataset_b:anna_tremor_17,1,1.0
cross_dataset,dataset_a_to_dataset_b,Random_Forest,B2_time_frequency,dataset_b:anna_tremor_18,1,0.9631000000000001
cross_dataset,dataset_a_to_dataset_b,Random_Forest,B2_time_frequency,dataset_b:anna_tremor_19,1,0.998
cross_dataset,dataset_a_to_dataset_b,Random_Forest,B2_time_frequency,dataset_b:anna_tremor_20,1,0.9292666666666668
cross_dataset,dataset_a_to_dataset_b,Random_Forest,B2_time_frequency,dataset_b:mu_still_01,0,0.003
cross_dataset,dataset_a_to_dataset_b,Random_Forest,B2_time_frequency,dataset_b:mu_still_02,0,0.014
cross_dataset,dataset_a_to_dataset_b,Random_Forest,B2_time_frequency,dataset_b:mu_still_03,0,0.013333333333333332
cross_dataset,dataset_a_to_dataset_b,Random_Forest,B2_time_frequency,dataset_b:mu_still_04,0,0.005
cross_dataset,dataset_a_to_dataset_b,Random_Forest,B2_time_frequency,dataset_b:mu_still_05,0,0.016666666666666663
cross_dataset,dataset_a_to_dataset_b,Random_Forest,B2_time_frequency,dataset_b:mu_still_06,0,0.023333333333333334
cross_dataset,dataset_a_to_dataset_b,Random_Forest,B2_time_frequency,dataset_b:mu_still_07,0,0.032933333333333335
cross_dataset,dataset_a_to_dataset_b,Random_Forest,B2_time_frequency,dataset_b:mu_still_08,0,0.04533333333333334
cross_dataset,dataset_a_to_dataset_b,Random_Forest,B2_time_frequency,dataset_b:mu_still_09,0,0.089
cross_dataset,dataset_a_to_dataset_b,Random_Forest,B2_time_frequency,dataset_b:mu_still_10,0,0.025333333333333336
cross_dataset,dataset_a_to_dataset_b,Random_Forest,B2_time_frequency,dataset_b:mu_still_11,0,0.013333333333333332
cross_dataset,dataset_a_to_dataset_b,Random_Forest,B2_time_frequency,dataset_b:mu_still_12,0,0.001
cross_dataset,dataset_a_to_dataset_b,Random_Forest,B2_time_frequency,dataset_b:mu_still_13,0,0.076
cross_dataset,dataset_a_to_dataset_b,Random_Forest,B2_time_frequency,dataset_b:mu_still_14,0,0.012666666666666666
cross_dataset,dataset_a_to_dataset_b,Random_Forest,B2_time_frequency,dataset_b:mu_still_15,0,0.009
cross_dataset,dataset_a_to_dataset_b,Random_Forest,B2_time_frequency,dataset_b:mu_still_16,0,0.003
cross_dataset,dataset_a_to_dataset_b,Random_Forest,B2_time_frequency,dataset_b:mu_still_17,0,0.0
cross_dataset,dataset_a_to_dataset_b,Random_Forest,B2_time_frequency,dataset_b:mu_still_18,0,0.6059333333333334
cross_dataset,dataset_a_to_dataset_b,Random_Forest,B2_time_frequency,dataset_b:mu_still_19,0,0.04359999999999999
cross_dataset,dataset_a_to_dataset_b,Random_Forest,B2_time_frequency,dataset_b:mu_still_20,0,0.04893333333333333
cross_dataset,dataset_a_to_dataset_b,Random_Forest,B2_time_frequency,dataset_b:mu_tremor_01,1,0.9916
cross_dataset,dataset_a_to_dataset_b,Random_Forest,B2_time_frequency,dataset_b:mu_tremor_02,1,0.9986
cross_dataset,dataset_a_to_dataset_b,Random_Forest,B2_time_frequency,dataset_b:mu_tremor_03,1,0.9806
cross_dataset,dataset_a_to_dataset_b,Random_Forest,B2_time_frequency,dataset_b:mu_tremor_04,1,0.9731000000000001
cross_dataset,dataset_a_to_dataset_b,Random_Forest,B2_time_frequency,dataset_b:mu_tremor_05,1,0.9351
cross_dataset,dataset_a_to_dataset_b,Random_Forest,B2_time_frequency,dataset_b:mu_tremor_06,1,0.9721000000000001
cross_dataset,dataset_a_to_dataset_b,Random_Forest,B2_time_frequency,dataset_b:mu_tremor_07,1,0.9791
cross_dataset,dataset_a_to_dataset_b,Random_Forest,B2_time_frequency,dataset_b:mu_tremor_08,1,0.9689333333333334
cross_dataset,dataset_a_to_dataset_b,Random_Forest,B2_time_frequency,dataset_b:mu_tremor_09,1,0.9781
cross_dataset,dataset_a_to_dataset_b,Random_Forest,B2_time_frequency,dataset_b:mu_tremor_10,1,0.9851
cross_dataset,dataset_a_to_dataset_b,Random_Forest,B2_time_frequency,dataset_b:mu_tremor_11,1,0.9891
cross_dataset,dataset_a_to_dataset_b,Random_Forest,B2_time_frequency,dataset_b:mu_tremor_12,1,0.9826
cross_dataset,dataset_a_to_dataset_b,Random_Forest,B2_time_frequency,dataset_b:mu_tremor_13,1,0.9856
cross_dataset,dataset_a_to_dataset_b,Random_Forest,B2_time_frequency,dataset_b:mu_tremor_14,1,0.9761
cross_dataset,dataset_a_to_dataset_b,Random_Forest,B2_time_frequency,dataset_b:mu_tremor_15,1,0.9781
cross_dataset,dataset_a_to_dataset_b,Random_Forest,B2_time_frequency,dataset_b:mu_tremor_16,1,0.9731000000000001
cross_dataset,dataset_a_to_dataset_b,Random_Forest,B2_time_frequency,dataset_b:mu_tremor_17,1,0.9731000000000001
cross_dataset,dataset_a_to_dataset_b,Random_Forest,B2_time_frequency,dataset_b:mu_tremor_18,1,0.9646
cross_dataset,dataset_a_to_dataset_b,Random_Forest,B2_time_frequency,dataset_b:mu_tremor_19,1,0.9344333333333334
cross_dataset,dataset_a_to_dataset_b,Random_Forest,B2_time_frequency,dataset_b:mu_tremor_20,1,0.9629333333333334
cross_dataset,dataset_b_to_dataset_a,RBF_SVM,B1_time,dataset_a:imu_20260721_223610,0,0.021672100090115862
cross_dataset,dataset_b_to_dataset_a,RBF_SVM,B1_time,dataset_a:imu_20260721_223637,0,0.720088143460681
cross_dataset,dataset_b_to_dataset_a,RBF_SVM,B1_time,dataset_a:imu_20260721_223912,0,0.013802934222015896
cross_dataset,dataset_b_to_dataset_a,RBF_SVM,B1_time,dataset_a:imu_20260721_223934,0,0.01724195844395302
cross_dataset,dataset_b_to_dataset_a,RBF_SVM,B1_time,dataset_a:imu_20260721_223956,0,0.011092811244316648
cross_dataset,dataset_b_to_dataset_a,RBF_SVM,B1_time,dataset_a:imu_20260721_224325,0,0.10554097505281117
cross_dataset,dataset_b_to_dataset_a,RBF_SVM,B1_time,dataset_a:imu_20260721_224347,0,0.05221386769450815
cross_dataset,dataset_b_to_dataset_a,RBF_SVM,B1_time,dataset_a:imu_20260721_224411,0,0.0475262988402812
cross_dataset,dataset_b_to_dataset_a,RBF_SVM,B1_time,dataset_a:imu_20260721_224433,0,0.01578563512009104
cross_dataset,dataset_b_to_dataset_a,RBF_SVM,B1_time,dataset_a:imu_20260721_224454,0,0.06645437772170426
cross_dataset,dataset_b_to_dataset_a,RBF_SVM,B1_time,dataset_a:imu_20260721_203653,0,0.03552749047617434
cross_dataset,dataset_b_to_dataset_a,RBF_SVM,B1_time,dataset_a:imu_20260721_203715,0,0.08648875157665412
cross_dataset,dataset_b_to_dataset_a,RBF_SVM,B1_time,dataset_a:imu_20260721_203739,0,0.05300423729910929
cross_dataset,dataset_b_to_dataset_a,RBF_SVM,B1_time,dataset_a:imu_20260721_203800,0,0.027420827061234252
cross_dataset,dataset_b_to_dataset_a,RBF_SVM,B1_time,dataset_a:imu_20260721_203825,0,0.035316971267310496
cross_dataset,dataset_b_to_dataset_a,RBF_SVM,B1_time,dataset_a:imu_20260721_204013,0,0.02816014296388682
cross_dataset,dataset_b_to_dataset_a,RBF_SVM,B1_time,dataset_a:imu_20260721_220136,0,0.01972720237579803
cross_dataset,dataset_b_to_dataset_a,RBF_SVM,B1_time,dataset_a:imu_20260721_220201,0,0.0359263348110454
cross_dataset,dataset_b_to_dataset_a,RBF_SVM,B1_time,dataset_a:imu_20260721_220237,0,0.04056207941541028
cross_dataset,dataset_b_to_dataset_a,RBF_SVM,B1_time,dataset_a:imu_20260721_220259,0,0.09698921066288181
cross_dataset,dataset_b_to_dataset_a,RBF_SVM,B1_time,dataset_a:imu_20260721_220322,0,0.05982155827192484
cross_dataset,dataset_b_to_dataset_a,RBF_SVM,B1_time,dataset_a:imu_20260721_220347,0,0.04636144870324335
cross_dataset,dataset_b_to_dataset_a,RBF_SVM,B1_time,dataset_a:imu_20260721_220409,0,0.06702414740522566
cross_dataset,dataset_b_to_dataset_a,RBF_SVM,B1_time,dataset_a:imu_20260721_221129,0,0.049826320596697456
cross_dataset,dataset_b_to_dataset_a,RBF_SVM,B1_time,dataset_a:imu_20260721_221151,0,0.05028355817223729
cross_dataset,dataset_b_to_dataset_a,RBF_SVM,B1_time,dataset_a:imu_20260721_221214,0,0.07052594342566133
cross_dataset,dataset_b_to_dataset_a,RBF_SVM,B1_time,dataset_a:imu_20260721_221235,0,0.02094125071199894
cross_dataset,dataset_b_to_dataset_a,RBF_SVM,B1_time,dataset_a:imu_20260721_221256,0,0.05386329171893322
cross_dataset,dataset_b_to_dataset_a,RBF_SVM,B1_time,dataset_a:imu_20260721_221318,0,0.067448938875386
cross_dataset,dataset_b_to_dataset_a,RBF_SVM,B1_time,dataset_a:imu_20260721_221339,0,0.043905218686171706
cross_dataset,dataset_b_to_dataset_a,RBF_SVM,B1_time,dataset_a:imu_20260721_221400,0,0.025132387495748042
cross_dataset,dataset_b_to_dataset_a,RBF_SVM,B1_time,dataset_a:imu_20260721_221433,0,0.021865766983183623
cross_dataset,dataset_b_to_dataset_a,RBF_SVM,B1_time,dataset_a:imu_20260721_221455,0,0.0342008998027368
cross_dataset,dataset_b_to_dataset_a,RBF_SVM,B1_time,dataset_a:imu_20260721_221516,0,0.06481827869377217
cross_dataset,dataset_b_to_dataset_a,RBF_SVM,B1_time,dataset_a:imu_20260721_221704,0,0.020930895705862214
cross_dataset,dataset_b_to_dataset_a,RBF_SVM,B1_time,dataset_a:imu_20260721_222227,0,0.07157819143357344
cross_dataset,dataset_b_to_dataset_a,RBF_SVM,B1_time,dataset_a:imu_20260721_222248,0,0.21202837440212377
cross_dataset,dataset_b_to_dataset_a,RBF_SVM,B1_time,dataset_a:imu_20260721_222310,0,0.1648624941555442
cross_dataset,dataset_b_to_dataset_a,RBF_SVM,B1_time,dataset_a:imu_20260721_222332,0,0.23379508565055068
cross_dataset,dataset_b_to_dataset_a,RBF_SVM,B1_time,dataset_a:imu_20260721_222355,0,0.09003446569851134
cross_dataset,dataset_b_to_dataset_a,RBF_SVM,B1_time,dataset_a:imu_20260721_222703,0,0.04057737115242485
cross_dataset,dataset_b_to_dataset_a,RBF_SVM,B1_time,dataset_a:imu_20260721_222726,0,0.06992378401078653
cross_dataset,dataset_b_to_dataset_a,RBF_SVM,B1_time,dataset_a:imu_20260721_222747,0,0.06080799390067157
cross_dataset,dataset_b_to_dataset_a,RBF_SVM,B1_time,dataset_a:imu_20260721_222813,0,0.024467137850568168
cross_dataset,dataset_b_to_dataset_a,RBF_SVM,B1_time,dataset_a:imu_20260721_222834,0,0.061472332324626525
cross_dataset,dataset_b_to_dataset_a,RBF_SVM,B1_time,dataset_a:imu_20260721_201428,0,0.03390250269298805
cross_dataset,dataset_b_to_dataset_a,RBF_SVM,B1_time,dataset_a:imu_20260721_201455,0,0.1271133182208941
cross_dataset,dataset_b_to_dataset_a,RBF_SVM,B1_time,dataset_a:imu_20260721_201609,0,0.04788438390638859
cross_dataset,dataset_b_to_dataset_a,RBF_SVM,B1_time,dataset_a:imu_20260721_201735,0,0.020125692423201946
cross_dataset,dataset_b_to_dataset_a,RBF_SVM,B1_time,dataset_a:imu_20260721_201808,0,0.039063764009226336
cross_dataset,dataset_b_to_dataset_a,RBF_SVM,B1_time,dataset_a:imu_20260721_201832,0,0.02132616248034212
cross_dataset,dataset_b_to_dataset_a,RBF_SVM,B1_time,dataset_a:imu_20260721_201855,0,0.014043408086643446
cross_dataset,dataset_b_to_dataset_a,RBF_SVM,B1_time,dataset_a:imu_20260721_201917,0,0.057157085253304776
cross_dataset,dataset_b_to_dataset_a,RBF_SVM,B1_time,dataset_a:imu_20260721_201938,0,0.03824963241001904
cross_dataset,dataset_b_to_dataset_a,RBF_SVM,B1_time,dataset_a:imu_20260721_202000,0,0.032558457160444976
cross_dataset,dataset_b_to_dataset_a,RBF_SVM,B1_time,dataset_a:imu_20260721_202022,0,0.031674249848405917
cross_dataset,dataset_b_to_dataset_a,RBF_SVM,B1_time,dataset_a:imu_20260721_202043,0,0.09117139153092145
cross_dataset,dataset_b_to_dataset_a,RBF_SVM,B1_time,dataset_a:imu_20260721_202111,0,0.02804609632901296
cross_dataset,dataset_b_to_dataset_a,RBF_SVM,B1_time,dataset_a:imu_20260721_202136,0,0.0382992047264155
cross_dataset,dataset_b_to_dataset_a,RBF_SVM,B1_time,dataset_a:imu_20260721_202205,0,0.055715039961209155
cross_dataset,dataset_b_to_dataset_a,RBF_SVM,B1_time,dataset_a:imu_20260721_202252,0,0.025830182245053318
cross_dataset,dataset_b_to_dataset_a,RBF_SVM,B1_time,dataset_a:imu_20260721_202326,0,0.047219107149454015
cross_dataset,dataset_b_to_dataset_a,RBF_SVM,B1_time,dataset_a:imu_20260721_202355,0,0.025565948152085665
cross_dataset,dataset_b_to_dataset_a,RBF_SVM,B1_time,dataset_a:imu_20260721_202446,0,0.06000069121585074
cross_dataset,dataset_b_to_dataset_a,RBF_SVM,B1_time,dataset_a:imu_20260721_202508,0,0.08619315768839779
cross_dataset,dataset_b_to_dataset_a,RBF_SVM,B1_time,dataset_a:imu_20260721_202529,0,0.02211408702088474
cross_dataset,dataset_b_to_dataset_a,RBF_SVM,B1_time,dataset_a:imu_20260721_202550,0,0.05706186153846835
cross_dataset,dataset_b_to_dataset_a,RBF_SVM,B1_time,dataset_a:imu_20260721_202613,0,0.0472702021800005
cross_dataset,dataset_b_to_dataset_a,RBF_SVM,B1_time,dataset_a:imu_20260721_202634,0,0.11970427101561659
cross_dataset,dataset_b_to_dataset_a,RBF_SVM,B1_time,dataset_a:imu_20260721_202704,0,0.14163138334699668
cross_dataset,dataset_b_to_dataset_a,RBF_SVM,B1_time,dataset_a:imu_20260721_223440,1,0.9542240795926812
cross_dataset,dataset_b_to_dataset_a,RBF_SVM,B1_time,dataset_a:imu_20260721_223504,1,0.9560029601391886
cross_dataset,dataset_b_to_dataset_a,RBF_SVM,B1_time,dataset_a:imu_20260721_223730,1,0.9619119277736349
cross_dataset,dataset_b_to_dataset_a,RBF_SVM,B1_time,dataset_a:imu_20260721_223808,1,0.9041647052209685
cross_dataset,dataset_b_to_dataset_a,RBF_SVM,B1_time,dataset_a:imu_20260721_223840,1,0.9767218818729574
cross_dataset,dataset_b_to_dataset_a,RBF_SVM,B1_time,dataset_a:imu_20260721_224047,1,0.9778742034859896
cross_dataset,dataset_b_to_dataset_a,RBF_SVM,B1_time,dataset_a:imu_20260721_224120,1,0.9957802353542047
cross_dataset,dataset_b_to_dataset_a,RBF_SVM,B1_time,dataset_a:imu_20260721_224153,1,0.9878044352188463
cross_dataset,dataset_b_to_dataset_a,RBF_SVM,B1_time,dataset_a:imu_20260721_224224,1,0.9865098582859381
cross_dataset,dataset_b_to_dataset_a,RBF_SVM,B1_time,dataset_a:imu_20260721_224255,1,0.9933386254290525
cross_dataset,dataset_b_to_dataset_a,RBF_SVM,B1_time,dataset_a:imu_20260721_203056,1,0.9703976112742093
cross_dataset,dataset_b_to_dataset_a,RBF_SVM,B1_time,dataset_a:imu_20260721_203128,1,0.9093206458697258
cross_dataset,dataset_b_to_dataset_a,RBF_SVM,B1_time,dataset_a:imu_20260721_203200,1,0.9641066052741233
cross_dataset,dataset_b_to_dataset_a,RBF_SVM,B1_time,dataset_a:imu_20260721_203245,1,0.9770456654775794
cross_dataset,dataset_b_to_dataset_a,RBF_SVM,B1_time,dataset_a:imu_20260721_203312,1,0.9866432956777447
cross_dataset,dataset_b_to_dataset_a,RBF_SVM,B1_time,dataset_a:imu_20260721_203346,1,0.9933299452782011
cross_dataset,dataset_b_to_dataset_a,RBF_SVM,B1_time,dataset_a:imu_20260721_203417,1,0.9945669724560021
cross_dataset,dataset_b_to_dataset_a,RBF_SVM,B1_time,dataset_a:imu_20260721_203445,1,0.9945345840236124
cross_dataset,dataset_b_to_dataset_a,RBF_SVM,B1_time,dataset_a:imu_20260721_203519,1,0.9898087263870239
cross_dataset,dataset_b_to_dataset_a,RBF_SVM,B1_time,dataset_a:imu_20260721_203543,1,0.9763909121094021
cross_dataset,dataset_b_to_dataset_a,RBF_SVM,B1_time,dataset_a:imu_20260721_203606,1,0.9599018729777697
cross_dataset,dataset_b_to_dataset_a,RBF_SVM,B1_time,dataset_a:imu_20260721_215110,1,0.9426664789534652
cross_dataset,dataset_b_to_dataset_a,RBF_SVM,B1_time,dataset_a:imu_20260721_215133,1,0.9779670027629994
cross_dataset,dataset_b_to_dataset_a,RBF_SVM,B1_time,dataset_a:imu_20260721_215223,1,0.9327907232836051
cross_dataset,dataset_b_to_dataset_a,RBF_SVM,B1_time,dataset_a:imu_20260721_215726,1,0.9808062541249735
cross_dataset,dataset_b_to_dataset_a,RBF_SVM,B1_time,dataset_a:imu_20260721_215749,1,0.9547161255558492
cross_dataset,dataset_b_to_dataset_a,RBF_SVM,B1_time,dataset_a:imu_20260721_215828,1,0.9868368032555457
cross_dataset,dataset_b_to_dataset_a,RBF_SVM,B1_time,dataset_a:imu_20260721_215941,1,0.9499104267335672
cross_dataset,dataset_b_to_dataset_a,RBF_SVM,B1_time,dataset_a:imu_20260721_220015,1,0.9397559975715366
cross_dataset,dataset_b_to_dataset_a,RBF_SVM,B1_time,dataset_a:imu_20260721_220049,1,0.989278722852965
cross_dataset,dataset_b_to_dataset_a,RBF_SVM,B1_time,dataset_a:imu_20260721_220445,1,0.8604344987983367
cross_dataset,dataset_b_to_dataset_a,RBF_SVM,B1_time,dataset_a:imu_20260721_220513,1,0.9526724728536232
cross_dataset,dataset_b_to_dataset_a,RBF_SVM,B1_time,dataset_a:imu_20260721_220956,1,0.9706265609874606
cross_dataset,dataset_b_to_dataset_a,RBF_SVM,B1_time,dataset_a:imu_20260721_221020,1,0.9869148350802874
cross_dataset,dataset_b_to_dataset_a,RBF_SVM,B1_time,dataset_a:imu_20260721_221056,1,0.9743163741629222
cross_dataset,dataset_b_to_dataset_a,RBF_SVM,B1_time,dataset_a:imu_20260721_222005,1,0.9741031271062917
cross_dataset,dataset_b_to_dataset_a,RBF_SVM,B1_time,dataset_a:imu_20260721_222050,1,0.8667261667445003
cross_dataset,dataset_b_to_dataset_a,RBF_SVM,B1_time,dataset_a:imu_20260721_222119,1,0.8413754731636005
cross_dataset,dataset_b_to_dataset_a,RBF_SVM,B1_time,dataset_a:imu_20260721_222446,1,0.3191043722117503
cross_dataset,dataset_b_to_dataset_a,RBF_SVM,B1_time,dataset_a:imu_20260721_222509,1,0.39243576475960285
cross_dataset,dataset_b_to_dataset_a,RBF_SVM,B1_time,dataset_a:imu_20260721_222534,1,0.5976692330247038
cross_dataset,dataset_b_to_dataset_a,RBF_SVM,B1_time,dataset_a:imu_20260721_222600,1,0.9763881268065958
cross_dataset,dataset_b_to_dataset_a,RBF_SVM,B1_time,dataset_a:imu_20260721_222630,1,0.6586569346487302
cross_dataset,dataset_b_to_dataset_a,RBF_SVM,B1_time,dataset_a:imu_20260721_222915,1,0.9622397905007893
cross_dataset,dataset_b_to_dataset_a,RBF_SVM,B1_time,dataset_a:imu_20260721_222939,1,0.8483599905608182
cross_dataset,dataset_b_to_dataset_a,RBF_SVM,B1_time,dataset_a:imu_20260721_195856,1,0.974141971147511
cross_dataset,dataset_b_to_dataset_a,RBF_SVM,B1_time,dataset_a:imu_20260721_200002,1,0.9942457845503572
cross_dataset,dataset_b_to_dataset_a,RBF_SVM,B1_time,dataset_a:imu_20260721_200033,1,0.9999828756191331
cross_dataset,dataset_b_to_dataset_a,RBF_SVM,B1_time,dataset_a:imu_20260721_200059,1,0.9969475424106182
cross_dataset,dataset_b_to_dataset_a,RBF_SVM,B1_time,dataset_a:imu_20260721_200128,1,0.9953504449539875
cross_dataset,dataset_b_to_dataset_a,RBF_SVM,B1_time,dataset_a:imu_20260721_200152,1,0.8942872215448399
cross_dataset,dataset_b_to_dataset_a,RBF_SVM,B1_time,dataset_a:imu_20260721_200233,1,0.9969583224575758
cross_dataset,dataset_b_to_dataset_a,RBF_SVM,B1_time,dataset_a:imu_20260721_200256,1,0.9880170556453952
cross_dataset,dataset_b_to_dataset_a,RBF_SVM,B1_time,dataset_a:imu_20260721_200321,1,0.9957074646077259
cross_dataset,dataset_b_to_dataset_a,RBF_SVM,B1_time,dataset_a:imu_20260721_200433,1,0.9931654771497922
cross_dataset,dataset_b_to_dataset_a,RBF_SVM,B1_time,dataset_a:imu_20260721_200508,1,0.9927966746201264
cross_dataset,dataset_b_to_dataset_a,RBF_SVM,B1_time,dataset_a:imu_20260721_200530,1,0.9803217830133694
cross_dataset,dataset_b_to_dataset_a,RBF_SVM,B1_time,dataset_a:imu_20260721_200553,1,0.9635585132273756
cross_dataset,dataset_b_to_dataset_a,RBF_SVM,B1_time,dataset_a:imu_20260721_200617,1,0.981248196244984
cross_dataset,dataset_b_to_dataset_a,RBF_SVM,B1_time,dataset_a:imu_20260721_200642,1,0.9623913151567737
cross_dataset,dataset_b_to_dataset_a,RBF_SVM,B1_time,dataset_a:imu_20260721_200826,1,0.9700870674923587
cross_dataset,dataset_b_to_dataset_a,RBF_SVM,B1_time,dataset_a:imu_20260721_200851,1,0.9950400647680603
cross_dataset,dataset_b_to_dataset_a,RBF_SVM,B1_time,dataset_a:imu_20260721_201011,1,0.99258034974057
cross_dataset,dataset_b_to_dataset_a,RBF_SVM,B1_time,dataset_a:imu_20260721_201034,1,0.9958432865127798
cross_dataset,dataset_b_to_dataset_a,RBF_SVM,B1_time,dataset_a:imu_20260721_201110,1,0.9955358536992892
cross_dataset,dataset_b_to_dataset_a,RBF_SVM,B1_time,dataset_a:imu_20260721_201149,1,0.9925135591459595
cross_dataset,dataset_b_to_dataset_a,RBF_SVM,B1_time,dataset_a:imu_20260721_201211,1,0.994985135204939
cross_dataset,dataset_b_to_dataset_a,RBF_SVM,B1_time,dataset_a:imu_20260721_201234,1,0.9931338126556962
cross_dataset,dataset_b_to_dataset_a,RBF_SVM,B1_time,dataset_a:imu_20260721_201256,1,0.9960831856943847
cross_dataset,dataset_b_to_dataset_a,RBF_SVM,B1_time,dataset_a:imu_20260721_201318,1,0.9967560989415243
cross_dataset,dataset_b_to_dataset_a,Random_Forest,B1_time,dataset_a:imu_20260721_223610,0,0.0
cross_dataset,dataset_b_to_dataset_a,Random_Forest,B1_time,dataset_a:imu_20260721_223637,0,0.0037
cross_dataset,dataset_b_to_dataset_a,Random_Forest,B1_time,dataset_a:imu_20260721_223912,0,0.0
cross_dataset,dataset_b_to_dataset_a,Random_Forest,B1_time,dataset_a:imu_20260721_223934,0,0.0
cross_dataset,dataset_b_to_dataset_a,Random_Forest,B1_time,dataset_a:imu_20260721_223956,0,0.0
cross_dataset,dataset_b_to_dataset_a,Random_Forest,B1_time,dataset_a:imu_20260721_224325,0,0.0025
cross_dataset,dataset_b_to_dataset_a,Random_Forest,B1_time,dataset_a:imu_20260721_224347,0,0.005
cross_dataset,dataset_b_to_dataset_a,Random_Forest,B1_time,dataset_a:imu_20260721_224411,0,0.004
cross_dataset,dataset_b_to_dataset_a,Random_Forest,B1_time,dataset_a:imu_20260721_224433,0,0.0
cross_dataset,dataset_b_to_dataset_a,Random_Forest,B1_time,dataset_a:imu_20260721_224454,0,0.008
cross_dataset,dataset_b_to_dataset_a,Random_Forest,B1_time,dataset_a:imu_20260721_203653,0,0.0037
cross_dataset,dataset_b_to_dataset_a,Random_Forest,B1_time,dataset_a:imu_20260721_203715,0,0.0037
cross_dataset,dataset_b_to_dataset_a,Random_Forest,B1_time,dataset_a:imu_20260721_203739,0,0.0037
cross_dataset,dataset_b_to_dataset_a,Random_Forest,B1_time,dataset_a:imu_20260721_203800,0,0.001
cross_dataset,dataset_b_to_dataset_a,Random_Forest,B1_time,dataset_a:imu_20260721_203825,0,0.0037
cross_dataset,dataset_b_to_dataset_a,Random_Forest,B1_time,dataset_a:imu_20260721_204013,0,0.0037
cross_dataset,dataset_b_to_dataset_a,Random_Forest,B1_time,dataset_a:imu_20260721_220136,0,0.0
cross_dataset,dataset_b_to_dataset_a,Random_Forest,B1_time,dataset_a:imu_20260721_220201,0,0.0
cross_dataset,dataset_b_to_dataset_a,Random_Forest,B1_time,dataset_a:imu_20260721_220237,0,0.0037
cross_dataset,dataset_b_to_dataset_a,Random_Forest,B1_time,dataset_a:imu_20260721_220259,0,0.0037
cross_dataset,dataset_b_to_dataset_a,Random_Forest,B1_time,dataset_a:imu_20260721_220322,0,0.0037
cross_dataset,dataset_b_to_dataset_a,Random_Forest,B1_time,dataset_a:imu_20260721_220347,0,0.0037
cross_dataset,dataset_b_to_dataset_a,Random_Forest,B1_time,dataset_a:imu_20260721_220409,0,0.0037
cross_dataset,dataset_b_to_dataset_a,Random_Forest,B1_time,dataset_a:imu_20260721_221129,0,0.0
cross_dataset,dataset_b_to_dataset_a,Random_Forest,B1_time,dataset_a:imu_20260721_221151,0,0.0037
cross_dataset,dataset_b_to_dataset_a,Random_Forest,B1_time,dataset_a:imu_20260721_221214,0,0.0037
cross_dataset,dataset_b_to_dataset_a,Random_Forest,B1_time,dataset_a:imu_20260721_221235,0,0.0037
cross_dataset,dataset_b_to_dataset_a,Random_Forest,B1_time,dataset_a:imu_20260721_221256,0,0.0037
cross_dataset,dataset_b_to_dataset_a,Random_Forest,B1_time,dataset_a:imu_20260721_221318,0,0.0037
cross_dataset,dataset_b_to_dataset_a,Random_Forest,B1_time,dataset_a:imu_20260721_221339,0,0.001
cross_dataset,dataset_b_to_dataset_a,Random_Forest,B1_time,dataset_a:imu_20260721_221400,0,0.001
cross_dataset,dataset_b_to_dataset_a,Random_Forest,B1_time,dataset_a:imu_20260721_221433,0,0.0025
cross_dataset,dataset_b_to_dataset_a,Random_Forest,B1_time,dataset_a:imu_20260721_221455,0,0.0
cross_dataset,dataset_b_to_dataset_a,Random_Forest,B1_time,dataset_a:imu_20260721_221516,0,0.0025
cross_dataset,dataset_b_to_dataset_a,Random_Forest,B1_time,dataset_a:imu_20260721_221704,0,0.0025
cross_dataset,dataset_b_to_dataset_a,Random_Forest,B1_time,dataset_a:imu_20260721_222227,0,0.0037
cross_dataset,dataset_b_to_dataset_a,Random_Forest,B1_time,dataset_a:imu_20260721_222248,0,0.0037
cross_dataset,dataset_b_to_dataset_a,Random_Forest,B1_time,dataset_a:imu_20260721_222310,0,0.0037
cross_dataset,dataset_b_to_dataset_a,Random_Forest,B1_time,dataset_a:imu_20260721_222332,0,0.0037
cross_dataset,dataset_b_to_dataset_a,Random_Forest,B1_time,dataset_a:imu_20260721_222355,0,0.0037
cross_dataset,dataset_b_to_dataset_a,Random_Forest,B1_time,dataset_a:imu_20260721_222703,0,0.0037
cross_dataset,dataset_b_to_dataset_a,Random_Forest,B1_time,dataset_a:imu_20260721_222726,0,0.0037
cross_dataset,dataset_b_to_dataset_a,Random_Forest,B1_time,dataset_a:imu_20260721_222747,0,0.0037
cross_dataset,dataset_b_to_dataset_a,Random_Forest,B1_time,dataset_a:imu_20260721_222813,0,0.001
cross_dataset,dataset_b_to_dataset_a,Random_Forest,B1_time,dataset_a:imu_20260721_222834,0,0.0037
cross_dataset,dataset_b_to_dataset_a,Random_Forest,B1_time,dataset_a:imu_20260721_201428,0,0.0
cross_dataset,dataset_b_to_dataset_a,Random_Forest,B1_time,dataset_a:imu_20260721_201455,0,0.0037
cross_dataset,dataset_b_to_dataset_a,Random_Forest,B1_time,dataset_a:imu_20260721_201609,0,0.0037
cross_dataset,dataset_b_to_dataset_a,Random_Forest,B1_time,dataset_a:imu_20260721_201735,0,0.0
cross_dataset,dataset_b_to_dataset_a,Random_Forest,B1_time,dataset_a:imu_20260721_201808,0,0.0037
cross_dataset,dataset_b_to_dataset_a,Random_Forest,B1_time,dataset_a:imu_20260721_201832,0,0.0037
cross_dataset,dataset_b_to_dataset_a,Random_Forest,B1_time,dataset_a:imu_20260721_201855,0,0.0
cross_dataset,dataset_b_to_dataset_a,Random_Forest,B1_time,dataset_a:imu_20260721_201917,0,0.0037
cross_dataset,dataset_b_to_dataset_a,Random_Forest,B1_time,dataset_a:imu_20260721_201938,0,0.0037
cross_dataset,dataset_b_to_dataset_a,Random_Forest,B1_time,dataset_a:imu_20260721_202000,0,0.0037
cross_dataset,dataset_b_to_dataset_a,Random_Forest,B1_time,dataset_a:imu_20260721_202022,0,0.006
cross_dataset,dataset_b_to_dataset_a,Random_Forest,B1_time,dataset_a:imu_20260721_202043,0,0.0
cross_dataset,dataset_b_to_dataset_a,Random_Forest,B1_time,dataset_a:imu_20260721_202111,0,0.0037
cross_dataset,dataset_b_to_dataset_a,Random_Forest,B1_time,dataset_a:imu_20260721_202136,0,0.0037
cross_dataset,dataset_b_to_dataset_a,Random_Forest,B1_time,dataset_a:imu_20260721_202205,0,0.0095
cross_dataset,dataset_b_to_dataset_a,Random_Forest,B1_time,dataset_a:imu_20260721_202252,0,0.0
cross_dataset,dataset_b_to_dataset_a,Random_Forest,B1_time,dataset_a:imu_20260721_202326,0,0.003
cross_dataset,dataset_b_to_dataset_a,Random_Forest,B1_time,dataset_a:imu_20260721_202355,0,0.004
cross_dataset,dataset_b_to_dataset_a,Random_Forest,B1_time,dataset_a:imu_20260721_202446,0,0.0037
cross_dataset,dataset_b_to_dataset_a,Random_Forest,B1_time,dataset_a:imu_20260721_202508,0,0.0037
cross_dataset,dataset_b_to_dataset_a,Random_Forest,B1_time,dataset_a:imu_20260721_202529,0,0.0025
cross_dataset,dataset_b_to_dataset_a,Random_Forest,B1_time,dataset_a:imu_20260721_202550,0,0.0037
cross_dataset,dataset_b_to_dataset_a,Random_Forest,B1_time,dataset_a:imu_20260721_202613,0,0.0037
cross_dataset,dataset_b_to_dataset_a,Random_Forest,B1_time,dataset_a:imu_20260721_202634,0,0.0037
cross_dataset,dataset_b_to_dataset_a,Random_Forest,B1_time,dataset_a:imu_20260721_202704,0,0.0037
cross_dataset,dataset_b_to_dataset_a,Random_Forest,B1_time,dataset_a:imu_20260721_223440,1,1.0
cross_dataset,dataset_b_to_dataset_a,Random_Forest,B1_time,dataset_a:imu_20260721_223504,1,1.0
cross_dataset,dataset_b_to_dataset_a,Random_Forest,B1_time,dataset_a:imu_20260721_223730,1,1.0
cross_dataset,dataset_b_to_dataset_a,Random_Forest,B1_time,dataset_a:imu_20260721_223808,1,1.0
cross_dataset,dataset_b_to_dataset_a,Random_Forest,B1_time,dataset_a:imu_20260721_223840,1,1.0
cross_dataset,dataset_b_to_dataset_a,Random_Forest,B1_time,dataset_a:imu_20260721_224047,1,0.9966666666666666
cross_dataset,dataset_b_to_dataset_a,Random_Forest,B1_time,dataset_a:imu_20260721_224120,1,1.0
cross_dataset,dataset_b_to_dataset_a,Random_Forest,B1_time,dataset_a:imu_20260721_224153,1,1.0
cross_dataset,dataset_b_to_dataset_a,Random_Forest,B1_time,dataset_a:imu_20260721_224224,1,0.9915
cross_dataset,dataset_b_to_dataset_a,Random_Forest,B1_time,dataset_a:imu_20260721_224255,1,0.9956666666666666
cross_dataset,dataset_b_to_dataset_a,Random_Forest,B1_time,dataset_a:imu_20260721_203056,1,0.9754999999999999
cross_dataset,dataset_b_to_dataset_a,Random_Forest,B1_time,dataset_a:imu_20260721_203128,1,0.9513333333333333
cross_dataset,dataset_b_to_dataset_a,Random_Forest,B1_time,dataset_a:imu_20260721_203200,1,0.9701666666666665
cross_dataset,dataset_b_to_dataset_a,Random_Forest,B1_time,dataset_a:imu_20260721_203245,1,0.9764333333333333
cross_dataset,dataset_b_to_dataset_a,Random_Forest,B1_time,dataset_a:imu_20260721_203312,1,1.0
cross_dataset,dataset_b_to_dataset_a,Random_Forest,B1_time,dataset_a:imu_20260721_203346,1,0.999
cross_dataset,dataset_b_to_dataset_a,Random_Forest,B1_time,dataset_a:imu_20260721_203417,1,1.0
cross_dataset,dataset_b_to_dataset_a,Random_Forest,B1_time,dataset_a:imu_20260721_203445,1,0.997
cross_dataset,dataset_b_to_dataset_a,Random_Forest,B1_time,dataset_a:imu_20260721_203519,1,0.9936666666666666
cross_dataset,dataset_b_to_dataset_a,Random_Forest,B1_time,dataset_a:imu_20260721_203543,1,1.0
cross_dataset,dataset_b_to_dataset_a,Random_Forest,B1_time,dataset_a:imu_20260721_203606,1,0.9728333333333332
cross_dataset,dataset_b_to_dataset_a,Random_Forest,B1_time,dataset_a:imu_20260721_215110,1,0.9651666666666665
cross_dataset,dataset_b_to_dataset_a,Random_Forest,B1_time,dataset_a:imu_20260721_215133,1,0.9943333333333333
cross_dataset,dataset_b_to_dataset_a,Random_Forest,B1_time,dataset_a:imu_20260721_215223,1,0.9568
cross_dataset,dataset_b_to_dataset_a,Random_Forest,B1_time,dataset_a:imu_20260721_215726,1,0.9966666666666666
cross_dataset,dataset_b_to_dataset_a,Random_Forest,B1_time,dataset_a:imu_20260721_215749,1,0.9724999999999999
cross_dataset,dataset_b_to_dataset_a,Random_Forest,B1_time,dataset_a:imu_20260721_215828,1,0.9163333333333332
cross_dataset,dataset_b_to_dataset_a,Random_Forest,B1_time,dataset_a:imu_20260721_215941,1,0.9714999999999999
cross_dataset,dataset_b_to_dataset_a,Random_Forest,B1_time,dataset_a:imu_20260721_220015,1,0.9880333333333334
cross_dataset,dataset_b_to_dataset_a,Random_Forest,B1_time,dataset_a:imu_20260721_220049,1,0.9925333333333334
cross_dataset,dataset_b_to_dataset_a,Random_Forest,B1_time,dataset_a:imu_20260721_220445,1,0.9926666666666666
cross_dataset,dataset_b_to_dataset_a,Random_Forest,B1_time,dataset_a:imu_20260721_220513,1,0.9148666666666666
cross_dataset,dataset_b_to_dataset_a,Random_Forest,B1_time,dataset_a:imu_20260721_220956,1,0.9704999999999999
cross_dataset,dataset_b_to_dataset_a,Random_Forest,B1_time,dataset_a:imu_20260721_221020,1,0.9801666666666665
cross_dataset,dataset_b_to_dataset_a,Random_Forest,B1_time,dataset_a:imu_20260721_221056,1,0.9875333333333334
cross_dataset,dataset_b_to_dataset_a,Random_Forest,B1_time,dataset_a:imu_20260721_222005,1,0.9808333333333332
cross_dataset,dataset_b_to_dataset_a,Random_Forest,B1_time,dataset_a:imu_20260721_222050,1,0.7336666666666665
cross_dataset,dataset_b_to_dataset_a,Random_Forest,B1_time,dataset_a:imu_20260721_222119,1,0.9876666666666666
cross_dataset,dataset_b_to_dataset_a,Random_Forest,B1_time,dataset_a:imu_20260721_222446,1,0.2565333333333333
cross_dataset,dataset_b_to_dataset_a,Random_Forest,B1_time,dataset_a:imu_20260721_222509,1,0.4660000000000001
cross_dataset,dataset_b_to_dataset_a,Random_Forest,B1_time,dataset_a:imu_20260721_222534,1,0.7254999999999999
cross_dataset,dataset_b_to_dataset_a,Random_Forest,B1_time,dataset_a:imu_20260721_222600,1,0.9923333333333333
cross_dataset,dataset_b_to_dataset_a,Random_Forest,B1_time,dataset_a:imu_20260721_222630,1,0.8095333333333332
cross_dataset,dataset_b_to_dataset_a,Random_Forest,B1_time,dataset_a:imu_20260721_222915,1,0.8561666666666665
cross_dataset,dataset_b_to_dataset_a,Random_Forest,B1_time,dataset_a:imu_20260721_222939,1,0.6808333333333333
cross_dataset,dataset_b_to_dataset_a,Random_Forest,B1_time,dataset_a:imu_20260721_195856,1,1.0
cross_dataset,dataset_b_to_dataset_a,Random_Forest,B1_time,dataset_a:imu_20260721_200002,1,1.0
cross_dataset,dataset_b_to_dataset_a,Random_Forest,B1_time,dataset_a:imu_20260721_200033,1,1.0
cross_dataset,dataset_b_to_dataset_a,Random_Forest,B1_time,dataset_a:imu_20260721_200059,1,1.0
cross_dataset,dataset_b_to_dataset_a,Random_Forest,B1_time,dataset_a:imu_20260721_200128,1,0.9824999999999999
cross_dataset,dataset_b_to_dataset_a,Random_Forest,B1_time,dataset_a:imu_20260721_200152,1,0.9688333333333331
cross_dataset,dataset_b_to_dataset_a,Random_Forest,B1_time,dataset_a:imu_20260721_200233,1,1.0
cross_dataset,dataset_b_to_dataset_a,Random_Forest,B1_time,dataset_a:imu_20260721_200256,1,1.0
cross_dataset,dataset_b_to_dataset_a,Random_Forest,B1_time,dataset_a:imu_20260721_200321,1,0.999
cross_dataset,dataset_b_to_dataset_a,Random_Forest,B1_time,dataset_a:imu_20260721_200433,1,0.999
cross_dataset,dataset_b_to_dataset_a,Random_Forest,B1_time,dataset_a:imu_20260721_200508,1,0.9635333333333334
cross_dataset,dataset_b_to_dataset_a,Random_Forest,B1_time,dataset_a:imu_20260721_200530,1,0.9764999999999999
cross_dataset,dataset_b_to_dataset_a,Random_Forest,B1_time,dataset_a:imu_20260721_200553,1,0.9628333333333332
cross_dataset,dataset_b_to_dataset_a,Random_Forest,B1_time,dataset_a:imu_20260721_200617,1,0.9966666666666666
cross_dataset,dataset_b_to_dataset_a,Random_Forest,B1_time,dataset_a:imu_20260721_200642,1,0.999
cross_dataset,dataset_b_to_dataset_a,Random_Forest,B1_time,dataset_a:imu_20260721_200826,1,1.0
cross_dataset,dataset_b_to_dataset_a,Random_Forest,B1_time,dataset_a:imu_20260721_200851,1,0.9976666666666666
cross_dataset,dataset_b_to_dataset_a,Random_Forest,B1_time,dataset_a:imu_20260721_201011,1,1.0
cross_dataset,dataset_b_to_dataset_a,Random_Forest,B1_time,dataset_a:imu_20260721_201034,1,1.0
cross_dataset,dataset_b_to_dataset_a,Random_Forest,B1_time,dataset_a:imu_20260721_201110,1,1.0
cross_dataset,dataset_b_to_dataset_a,Random_Forest,B1_time,dataset_a:imu_20260721_201149,1,1.0
cross_dataset,dataset_b_to_dataset_a,Random_Forest,B1_time,dataset_a:imu_20260721_201211,1,1.0
cross_dataset,dataset_b_to_dataset_a,Random_Forest,B1_time,dataset_a:imu_20260721_201234,1,1.0
cross_dataset,dataset_b_to_dataset_a,Random_Forest,B1_time,dataset_a:imu_20260721_201256,1,1.0
cross_dataset,dataset_b_to_dataset_a,Random_Forest,B1_time,dataset_a:imu_20260721_201318,1,0.999
cross_dataset,dataset_b_to_dataset_a,RBF_SVM,B2_time_frequency,dataset_a:imu_20260721_223610,0,0.047871683133337194
cross_dataset,dataset_b_to_dataset_a,RBF_SVM,B2_time_frequency,dataset_a:imu_20260721_223637,0,0.6895141198409146
cross_dataset,dataset_b_to_dataset_a,RBF_SVM,B2_time_frequency,dataset_a:imu_20260721_223912,0,0.14792263000684883
cross_dataset,dataset_b_to_dataset_a,RBF_SVM,B2_time_frequency,dataset_a:imu_20260721_223934,0,0.23726585276561174
cross_dataset,dataset_b_to_dataset_a,RBF_SVM,B2_time_frequency,dataset_a:imu_20260721_223956,0,0.10842198868312054
cross_dataset,dataset_b_to_dataset_a,RBF_SVM,B2_time_frequency,dataset_a:imu_20260721_224325,0,0.17238656830771268
cross_dataset,dataset_b_to_dataset_a,RBF_SVM,B2_time_frequency,dataset_a:imu_20260721_224347,0,0.14041366773358657
cross_dataset,dataset_b_to_dataset_a,RBF_SVM,B2_time_frequency,dataset_a:imu_20260721_224411,0,0.31720451573568215
cross_dataset,dataset_b_to_dataset_a,RBF_SVM,B2_time_frequency,dataset_a:imu_20260721_224433,0,0.037604707985771396
cross_dataset,dataset_b_to_dataset_a,RBF_SVM,B2_time_frequency,dataset_a:imu_20260721_224454,0,0.10127844221223907
cross_dataset,dataset_b_to_dataset_a,RBF_SVM,B2_time_frequency,dataset_a:imu_20260721_203653,0,0.08924428645903938
cross_dataset,dataset_b_to_dataset_a,RBF_SVM,B2_time_frequency,dataset_a:imu_20260721_203715,0,0.11504524223416396
cross_dataset,dataset_b_to_dataset_a,RBF_SVM,B2_time_frequency,dataset_a:imu_20260721_203739,0,0.10109484602700788
cross_dataset,dataset_b_to_dataset_a,RBF_SVM,B2_time_frequency,dataset_a:imu_20260721_203800,0,0.12193000198688045
cross_dataset,dataset_b_to_dataset_a,RBF_SVM,B2_time_frequency,dataset_a:imu_20260721_203825,0,0.0808563266251286
cross_dataset,dataset_b_to_dataset_a,RBF_SVM,B2_time_frequency,dataset_a:imu_20260721_204013,0,0.26628058359968987
cross_dataset,dataset_b_to_dataset_a,RBF_SVM,B2_time_frequency,dataset_a:imu_20260721_220136,0,0.04257167491145558
cross_dataset,dataset_b_to_dataset_a,RBF_SVM,B2_time_frequency,dataset_a:imu_20260721_220201,0,0.022993705290909706
cross_dataset,dataset_b_to_dataset_a,RBF_SVM,B2_time_frequency,dataset_a:imu_20260721_220237,0,0.05051896006004241
cross_dataset,dataset_b_to_dataset_a,RBF_SVM,B2_time_frequency,dataset_a:imu_20260721_220259,0,0.0891764294515662
cross_dataset,dataset_b_to_dataset_a,RBF_SVM,B2_time_frequency,dataset_a:imu_20260721_220322,0,0.17646863628534404
cross_dataset,dataset_b_to_dataset_a,RBF_SVM,B2_time_frequency,dataset_a:imu_20260721_220347,0,0.07722033583574822
cross_dataset,dataset_b_to_dataset_a,RBF_SVM,B2_time_frequency,dataset_a:imu_20260721_220409,0,0.10443765852676443
cross_dataset,dataset_b_to_dataset_a,RBF_SVM,B2_time_frequency,dataset_a:imu_20260721_221129,0,0.03220267283461324
cross_dataset,dataset_b_to_dataset_a,RBF_SVM,B2_time_frequency,dataset_a:imu_20260721_221151,0,0.03477031332970151
cross_dataset,dataset_b_to_dataset_a,RBF_SVM,B2_time_frequency,dataset_a:imu_20260721_221214,0,0.27705274192564694
cross_dataset,dataset_b_to_dataset_a,RBF_SVM,B2_time_frequency,dataset_a:imu_20260721_221235,0,0.056626458999640625
cross_dataset,dataset_b_to_dataset_a,RBF_SVM,B2_time_frequency,dataset_a:imu_20260721_221256,0,0.12526470863624492
cross_dataset,dataset_b_to_dataset_a,RBF_SVM,B2_time_frequency,dataset_a:imu_20260721_221318,0,0.21772123422753037
cross_dataset,dataset_b_to_dataset_a,RBF_SVM,B2_time_frequency,dataset_a:imu_20260721_221339,0,0.03078865320089971
cross_dataset,dataset_b_to_dataset_a,RBF_SVM,B2_time_frequency,dataset_a:imu_20260721_221400,0,0.03790462811269804
cross_dataset,dataset_b_to_dataset_a,RBF_SVM,B2_time_frequency,dataset_a:imu_20260721_221433,0,0.05695186281348883
cross_dataset,dataset_b_to_dataset_a,RBF_SVM,B2_time_frequency,dataset_a:imu_20260721_221455,0,0.0909419416998246
cross_dataset,dataset_b_to_dataset_a,RBF_SVM,B2_time_frequency,dataset_a:imu_20260721_221516,0,0.11010870364790436
cross_dataset,dataset_b_to_dataset_a,RBF_SVM,B2_time_frequency,dataset_a:imu_20260721_221704,0,0.031181460896304726
cross_dataset,dataset_b_to_dataset_a,RBF_SVM,B2_time_frequency,dataset_a:imu_20260721_222227,0,0.17379374641490433
cross_dataset,dataset_b_to_dataset_a,RBF_SVM,B2_time_frequency,dataset_a:imu_20260721_222248,0,0.3791197706634854
cross_dataset,dataset_b_to_dataset_a,RBF_SVM,B2_time_frequency,dataset_a:imu_20260721_222310,0,0.35592982813901236
cross_dataset,dataset_b_to_dataset_a,RBF_SVM,B2_time_frequency,dataset_a:imu_20260721_222332,0,0.44435956622457473
cross_dataset,dataset_b_to_dataset_a,RBF_SVM,B2_time_frequency,dataset_a:imu_20260721_222355,0,0.3333664619333194
cross_dataset,dataset_b_to_dataset_a,RBF_SVM,B2_time_frequency,dataset_a:imu_20260721_222703,0,0.18959837476650385
cross_dataset,dataset_b_to_dataset_a,RBF_SVM,B2_time_frequency,dataset_a:imu_20260721_222726,0,0.19976554554163128
cross_dataset,dataset_b_to_dataset_a,RBF_SVM,B2_time_frequency,dataset_a:imu_20260721_222747,0,0.44527419702281235
cross_dataset,dataset_b_to_dataset_a,RBF_SVM,B2_time_frequency,dataset_a:imu_20260721_222813,0,0.2702593319128911
cross_dataset,dataset_b_to_dataset_a,RBF_SVM,B2_time_frequency,dataset_a:imu_20260721_222834,0,0.1882201049652634
cross_dataset,dataset_b_to_dataset_a,RBF_SVM,B2_time_frequency,dataset_a:imu_20260721_201428,0,0.045513746973268675
cross_dataset,dataset_b_to_dataset_a,RBF_SVM,B2_time_frequency,dataset_a:imu_20260721_201455,0,0.11661876356492958
cross_dataset,dataset_b_to_dataset_a,RBF_SVM,B2_time_frequency,dataset_a:imu_20260721_201609,0,0.08357572207877316
cross_dataset,dataset_b_to_dataset_a,RBF_SVM,B2_time_frequency,dataset_a:imu_20260721_201735,0,0.08723275632842127
cross_dataset,dataset_b_to_dataset_a,RBF_SVM,B2_time_frequency,dataset_a:imu_20260721_201808,0,0.09152205250475268
cross_dataset,dataset_b_to_dataset_a,RBF_SVM,B2_time_frequency,dataset_a:imu_20260721_201832,0,0.07426873126004203
cross_dataset,dataset_b_to_dataset_a,RBF_SVM,B2_time_frequency,dataset_a:imu_20260721_201855,0,0.03194030227110251
cross_dataset,dataset_b_to_dataset_a,RBF_SVM,B2_time_frequency,dataset_a:imu_20260721_201917,0,0.1535914616476647
cross_dataset,dataset_b_to_dataset_a,RBF_SVM,B2_time_frequency,dataset_a:imu_20260721_201938,0,0.03515385017355612
cross_dataset,dataset_b_to_dataset_a,RBF_SVM,B2_time_frequency,dataset_a:imu_20260721_202000,0,0.10010220073713932
cross_dataset,dataset_b_to_dataset_a,RBF_SVM,B2_time_frequency,dataset_a:imu_20260721_202022,0,0.07258415957393778
cross_dataset,dataset_b_to_dataset_a,RBF_SVM,B2_time_frequency,dataset_a:imu_20260721_202043,0,0.06030068826494916
cross_dataset,dataset_b_to_dataset_a,RBF_SVM,B2_time_frequency,dataset_a:imu_20260721_202111,0,0.051219909881347704
cross_dataset,dataset_b_to_dataset_a,RBF_SVM,B2_time_frequency,dataset_a:imu_20260721_202136,0,0.04501784282570553
cross_dataset,dataset_b_to_dataset_a,RBF_SVM,B2_time_frequency,dataset_a:imu_20260721_202205,0,0.04500139420105984
cross_dataset,dataset_b_to_dataset_a,RBF_SVM,B2_time_frequency,dataset_a:imu_20260721_202252,0,0.0701144749362629
cross_dataset,dataset_b_to_dataset_a,RBF_SVM,B2_time_frequency,dataset_a:imu_20260721_202326,0,0.034726252428966854
cross_dataset,dataset_b_to_dataset_a,RBF_SVM,B2_time_frequency,dataset_a:imu_20260721_202355,0,0.016305241388983968
cross_dataset,dataset_b_to_dataset_a,RBF_SVM,B2_time_frequency,dataset_a:imu_20260721_202446,0,0.15217612530406485
cross_dataset,dataset_b_to_dataset_a,RBF_SVM,B2_time_frequency,dataset_a:imu_20260721_202508,0,0.2922547053848395
cross_dataset,dataset_b_to_dataset_a,RBF_SVM,B2_time_frequency,dataset_a:imu_20260721_202529,0,0.12532981738172425
cross_dataset,dataset_b_to_dataset_a,RBF_SVM,B2_time_frequency,dataset_a:imu_20260721_202550,0,0.14947496903509816
cross_dataset,dataset_b_to_dataset_a,RBF_SVM,B2_time_frequency,dataset_a:imu_20260721_202613,0,0.16573863463367813
cross_dataset,dataset_b_to_dataset_a,RBF_SVM,B2_time_frequency,dataset_a:imu_20260721_202634,0,0.7187126719878332
cross_dataset,dataset_b_to_dataset_a,RBF_SVM,B2_time_frequency,dataset_a:imu_20260721_202704,0,0.5159910927451224
cross_dataset,dataset_b_to_dataset_a,RBF_SVM,B2_time_frequency,dataset_a:imu_20260721_223440,1,0.9351130770148744
cross_dataset,dataset_b_to_dataset_a,RBF_SVM,B2_time_frequency,dataset_a:imu_20260721_223504,1,0.9416206144177433
cross_dataset,dataset_b_to_dataset_a,RBF_SVM,B2_time_frequency,dataset_a:imu_20260721_223730,1,0.972317055506499
cross_dataset,dataset_b_to_dataset_a,RBF_SVM,B2_time_frequency,dataset_a:imu_20260721_223808,1,0.9328778804706418
cross_dataset,dataset_b_to_dataset_a,RBF_SVM,B2_time_frequency,dataset_a:imu_20260721_223840,1,0.9572938798724195
cross_dataset,dataset_b_to_dataset_a,RBF_SVM,B2_time_frequency,dataset_a:imu_20260721_224047,1,0.9389291563102905
cross_dataset,dataset_b_to_dataset_a,RBF_SVM,B2_time_frequency,dataset_a:imu_20260721_224120,1,0.9551294417369544
cross_dataset,dataset_b_to_dataset_a,RBF_SVM,B2_time_frequency,dataset_a:imu_20260721_224153,1,0.9178676150335393
cross_dataset,dataset_b_to_dataset_a,RBF_SVM,B2_time_frequency,dataset_a:imu_20260721_224224,1,0.9164793058186886
cross_dataset,dataset_b_to_dataset_a,RBF_SVM,B2_time_frequency,dataset_a:imu_20260721_224255,1,0.942520097473325
cross_dataset,dataset_b_to_dataset_a,RBF_SVM,B2_time_frequency,dataset_a:imu_20260721_203056,1,0.8862094111373295
cross_dataset,dataset_b_to_dataset_a,RBF_SVM,B2_time_frequency,dataset_a:imu_20260721_203128,1,0.8721379028977807
cross_dataset,dataset_b_to_dataset_a,RBF_SVM,B2_time_frequency,dataset_a:imu_20260721_203200,1,0.8985597563363087
cross_dataset,dataset_b_to_dataset_a,RBF_SVM,B2_time_frequency,dataset_a:imu_20260721_203245,1,0.9212328545423901
cross_dataset,dataset_b_to_dataset_a,RBF_SVM,B2_time_frequency,dataset_a:imu_20260721_203312,1,0.9067147381164176
cross_dataset,dataset_b_to_dataset_a,RBF_SVM,B2_time_frequency,dataset_a:imu_20260721_203346,1,0.9624082350193108
cross_dataset,dataset_b_to_dataset_a,RBF_SVM,B2_time_frequency,dataset_a:imu_20260721_203417,1,0.9815401518256972
cross_dataset,dataset_b_to_dataset_a,RBF_SVM,B2_time_frequency,dataset_a:imu_20260721_203445,1,0.9773599144815703
cross_dataset,dataset_b_to_dataset_a,RBF_SVM,B2_time_frequency,dataset_a:imu_20260721_203519,1,0.9271833348065409
cross_dataset,dataset_b_to_dataset_a,RBF_SVM,B2_time_frequency,dataset_a:imu_20260721_203543,1,0.9003879045641342
cross_dataset,dataset_b_to_dataset_a,RBF_SVM,B2_time_frequency,dataset_a:imu_20260721_203606,1,0.8934618762752705
cross_dataset,dataset_b_to_dataset_a,RBF_SVM,B2_time_frequency,dataset_a:imu_20260721_215110,1,0.873023150114264
cross_dataset,dataset_b_to_dataset_a,RBF_SVM,B2_time_frequency,dataset_a:imu_20260721_215133,1,0.8824132055032748
cross_dataset,dataset_b_to_dataset_a,RBF_SVM,B2_time_frequency,dataset_a:imu_20260721_215223,1,0.8713117349427896
cross_dataset,dataset_b_to_dataset_a,RBF_SVM,B2_time_frequency,dataset_a:imu_20260721_215726,1,0.8765120235404538
cross_dataset,dataset_b_to_dataset_a,RBF_SVM,B2_time_frequency,dataset_a:imu_20260721_215749,1,0.8771735791469963
cross_dataset,dataset_b_to_dataset_a,RBF_SVM,B2_time_frequency,dataset_a:imu_20260721_215828,1,0.886909201536977
cross_dataset,dataset_b_to_dataset_a,RBF_SVM,B2_time_frequency,dataset_a:imu_20260721_215941,1,0.8848213729550837
cross_dataset,dataset_b_to_dataset_a,RBF_SVM,B2_time_frequency,dataset_a:imu_20260721_220015,1,0.8710931549088685
cross_dataset,dataset_b_to_dataset_a,RBF_SVM,B2_time_frequency,dataset_a:imu_20260721_220049,1,0.8816162720043632
cross_dataset,dataset_b_to_dataset_a,RBF_SVM,B2_time_frequency,dataset_a:imu_20260721_220445,1,0.8670740334303765
cross_dataset,dataset_b_to_dataset_a,RBF_SVM,B2_time_frequency,dataset_a:imu_20260721_220513,1,0.8860673185766238
cross_dataset,dataset_b_to_dataset_a,RBF_SVM,B2_time_frequency,dataset_a:imu_20260721_220956,1,0.8876557453158812
cross_dataset,dataset_b_to_dataset_a,RBF_SVM,B2_time_frequency,dataset_a:imu_20260721_221020,1,0.8726636475856482
cross_dataset,dataset_b_to_dataset_a,RBF_SVM,B2_time_frequency,dataset_a:imu_20260721_221056,1,0.8705370429291257
cross_dataset,dataset_b_to_dataset_a,RBF_SVM,B2_time_frequency,dataset_a:imu_20260721_222005,1,0.8591801542444617
cross_dataset,dataset_b_to_dataset_a,RBF_SVM,B2_time_frequency,dataset_a:imu_20260721_222050,1,0.8921383084704683
cross_dataset,dataset_b_to_dataset_a,RBF_SVM,B2_time_frequency,dataset_a:imu_20260721_222119,1,0.8659906543011024
cross_dataset,dataset_b_to_dataset_a,RBF_SVM,B2_time_frequency,dataset_a:imu_20260721_222446,1,0.7777139950027717
cross_dataset,dataset_b_to_dataset_a,RBF_SVM,B2_time_frequency,dataset_a:imu_20260721_222509,1,0.7509490657042864
cross_dataset,dataset_b_to_dataset_a,RBF_SVM,B2_time_frequency,dataset_a:imu_20260721_222534,1,0.7848533825586047
cross_dataset,dataset_b_to_dataset_a,RBF_SVM,B2_time_frequency,dataset_a:imu_20260721_222600,1,0.9308706361504222
cross_dataset,dataset_b_to_dataset_a,RBF_SVM,B2_time_frequency,dataset_a:imu_20260721_222630,1,0.8865686242437042
cross_dataset,dataset_b_to_dataset_a,RBF_SVM,B2_time_frequency,dataset_a:imu_20260721_222915,1,0.9227789933034404
cross_dataset,dataset_b_to_dataset_a,RBF_SVM,B2_time_frequency,dataset_a:imu_20260721_222939,1,0.8548265806585383
cross_dataset,dataset_b_to_dataset_a,RBF_SVM,B2_time_frequency,dataset_a:imu_20260721_195856,1,0.9577619184850962
cross_dataset,dataset_b_to_dataset_a,RBF_SVM,B2_time_frequency,dataset_a:imu_20260721_200002,1,0.9816158135086276
cross_dataset,dataset_b_to_dataset_a,RBF_SVM,B2_time_frequency,dataset_a:imu_20260721_200033,1,0.9801899481903612
cross_dataset,dataset_b_to_dataset_a,RBF_SVM,B2_time_frequency,dataset_a:imu_20260721_200059,1,0.9838725115607488
cross_dataset,dataset_b_to_dataset_a,RBF_SVM,B2_time_frequency,dataset_a:imu_20260721_200128,1,0.9797321474583041
cross_dataset,dataset_b_to_dataset_a,RBF_SVM,B2_time_frequency,dataset_a:imu_20260721_200152,1,0.9549425629627752
cross_dataset,dataset_b_to_dataset_a,RBF_SVM,B2_time_frequency,dataset_a:imu_20260721_200233,1,0.9807652359927972
cross_dataset,dataset_b_to_dataset_a,RBF_SVM,B2_time_frequency,dataset_a:imu_20260721_200256,1,0.994014277525504
cross_dataset,dataset_b_to_dataset_a,RBF_SVM,B2_time_frequency,dataset_a:imu_20260721_200321,1,0.9898642710548005
cross_dataset,dataset_b_to_dataset_a,RBF_SVM,B2_time_frequency,dataset_a:imu_20260721_200433,1,0.9557086146855938
cross_dataset,dataset_b_to_dataset_a,RBF_SVM,B2_time_frequency,dataset_a:imu_20260721_200508,1,0.9898936838230553
cross_dataset,dataset_b_to_dataset_a,RBF_SVM,B2_time_frequency,dataset_a:imu_20260721_200530,1,0.9704131169122064
cross_dataset,dataset_b_to_dataset_a,RBF_SVM,B2_time_frequency,dataset_a:imu_20260721_200553,1,0.9856040867432454
cross_dataset,dataset_b_to_dataset_a,RBF_SVM,B2_time_frequency,dataset_a:imu_20260721_200617,1,0.9746753843509386
cross_dataset,dataset_b_to_dataset_a,RBF_SVM,B2_time_frequency,dataset_a:imu_20260721_200642,1,0.9887504480148311
cross_dataset,dataset_b_to_dataset_a,RBF_SVM,B2_time_frequency,dataset_a:imu_20260721_200826,1,0.9275725143839461
cross_dataset,dataset_b_to_dataset_a,RBF_SVM,B2_time_frequency,dataset_a:imu_20260721_200851,1,0.9785966808076919
cross_dataset,dataset_b_to_dataset_a,RBF_SVM,B2_time_frequency,dataset_a:imu_20260721_201011,1,0.9845859939014838
cross_dataset,dataset_b_to_dataset_a,RBF_SVM,B2_time_frequency,dataset_a:imu_20260721_201034,1,0.9912333748854222
cross_dataset,dataset_b_to_dataset_a,RBF_SVM,B2_time_frequency,dataset_a:imu_20260721_201110,1,0.9895127142979661
cross_dataset,dataset_b_to_dataset_a,RBF_SVM,B2_time_frequency,dataset_a:imu_20260721_201149,1,0.982829283420733
cross_dataset,dataset_b_to_dataset_a,RBF_SVM,B2_time_frequency,dataset_a:imu_20260721_201211,1,0.9931833091024084
cross_dataset,dataset_b_to_dataset_a,RBF_SVM,B2_time_frequency,dataset_a:imu_20260721_201234,1,0.9845216364946443
cross_dataset,dataset_b_to_dataset_a,RBF_SVM,B2_time_frequency,dataset_a:imu_20260721_201256,1,0.9891986287818603
cross_dataset,dataset_b_to_dataset_a,RBF_SVM,B2_time_frequency,dataset_a:imu_20260721_201318,1,0.9797799265071877
cross_dataset,dataset_b_to_dataset_a,Random_Forest,B2_time_frequency,dataset_a:imu_20260721_223610,0,0.0095
cross_dataset,dataset_b_to_dataset_a,Random_Forest,B2_time_frequency,dataset_a:imu_20260721_223637,0,0.06533333333333333
cross_dataset,dataset_b_to_dataset_a,Random_Forest,B2_time_frequency,dataset_a:imu_20260721_223912,0,0.05066666666666667
cross_dataset,dataset_b_to_dataset_a,Random_Forest,B2_time_frequency,dataset_a:imu_20260721_223934,0,0.06666666666666667
cross_dataset,dataset_b_to_dataset_a,Random_Forest,B2_time_frequency,dataset_a:imu_20260721_223956,0,0.03833333333333333
cross_dataset,dataset_b_to_dataset_a,Random_Forest,B2_time_frequency,dataset_a:imu_20260721_224325,0,0.046
cross_dataset,dataset_b_to_dataset_a,Random_Forest,B2_time_frequency,dataset_a:imu_20260721_224347,0,0.028333333333333335
cross_dataset,dataset_b_to_dataset_a,Random_Forest,B2_time_frequency,dataset_a:imu_20260721_224411,0,0.044333333333333336
cross_dataset,dataset_b_to_dataset_a,Random_Forest,B2_time_frequency,dataset_a:imu_20260721_224433,0,0.002
cross_dataset,dataset_b_to_dataset_a,Random_Forest,B2_time_frequency,dataset_a:imu_20260721_224454,0,0.0075
cross_dataset,dataset_b_to_dataset_a,Random_Forest,B2_time_frequency,dataset_a:imu_20260721_203653,0,0.044666666666666674
cross_dataset,dataset_b_to_dataset_a,Random_Forest,B2_time_frequency,dataset_a:imu_20260721_203715,0,0.053
cross_dataset,dataset_b_to_dataset_a,Random_Forest,B2_time_frequency,dataset_a:imu_20260721_203739,0,0.045
cross_dataset,dataset_b_to_dataset_a,Random_Forest,B2_time_frequency,dataset_a:imu_20260721_203800,0,0.048
cross_dataset,dataset_b_to_dataset_a,Random_Forest,B2_time_frequency,dataset_a:imu_20260721_203825,0,0.045666666666666675
cross_dataset,dataset_b_to_dataset_a,Random_Forest,B2_time_frequency,dataset_a:imu_20260721_204013,0,0.06566666666666666
cross_dataset,dataset_b_to_dataset_a,Random_Forest,B2_time_frequency,dataset_a:imu_20260721_220136,0,0.0045
cross_dataset,dataset_b_to_dataset_a,Random_Forest,B2_time_frequency,dataset_a:imu_20260721_220201,0,0.0
cross_dataset,dataset_b_to_dataset_a,Random_Forest,B2_time_frequency,dataset_a:imu_20260721_220237,0,0.007
cross_dataset,dataset_b_to_dataset_a,Random_Forest,B2_time_frequency,dataset_a:imu_20260721_220259,0,0.03766666666666667
cross_dataset,dataset_b_to_dataset_a,Random_Forest,B2_time_frequency,dataset_a:imu_20260721_220322,0,0.06066666666666667
cross_dataset,dataset_b_to_dataset_a,Random_Forest,B2_time_frequency,dataset_a:imu_20260721_220347,0,0.03866666666666666
cross_dataset,dataset_b_to_dataset_a,Random_Forest,B2_time_frequency,dataset_a:imu_20260721_220409,0,0.04566666666666666
cross_dataset,dataset_b_to_dataset_a,Random_Forest,B2_time_frequency,dataset_a:imu_20260721_221129,0,0.03633333333333333
cross_dataset,dataset_b_to_dataset_a,Random_Forest,B2_time_frequency,dataset_a:imu_20260721_221151,0,0.005
cross_dataset,dataset_b_to_dataset_a,Random_Forest,B2_time_frequency,dataset_a:imu_20260721_221214,0,0.056666666666666664
cross_dataset,dataset_b_to_dataset_a,Random_Forest,B2_time_frequency,dataset_a:imu_20260721_221235,0,0.005333333333333333
cross_dataset,dataset_b_to_dataset_a,Random_Forest,B2_time_frequency,dataset_a:imu_20260721_221256,0,0.040333333333333325
cross_dataset,dataset_b_to_dataset_a,Random_Forest,B2_time_frequency,dataset_a:imu_20260721_221318,0,0.017833333333333333
cross_dataset,dataset_b_to_dataset_a,Random_Forest,B2_time_frequency,dataset_a:imu_20260721_221339,0,0.022333333333333334
cross_dataset,dataset_b_to_dataset_a,Random_Forest,B2_time_frequency,dataset_a:imu_20260721_221400,0,0.02033333333333333
cross_dataset,dataset_b_to_dataset_a,Random_Forest,B2_time_frequency,dataset_a:imu_20260721_221433,0,0.0
cross_dataset,dataset_b_to_dataset_a,Random_Forest,B2_time_frequency,dataset_a:imu_20260721_221455,0,0.0095
cross_dataset,dataset_b_to_dataset_a,Random_Forest,B2_time_frequency,dataset_a:imu_20260721_221516,0,0.02666666666666667
cross_dataset,dataset_b_to_dataset_a,Random_Forest,B2_time_frequency,dataset_a:imu_20260721_221704,0,0.0025
cross_dataset,dataset_b_to_dataset_a,Random_Forest,B2_time_frequency,dataset_a:imu_20260721_222227,0,0.049
cross_dataset,dataset_b_to_dataset_a,Random_Forest,B2_time_frequency,dataset_a:imu_20260721_222248,0,0.06766666666666667
cross_dataset,dataset_b_to_dataset_a,Random_Forest,B2_time_frequency,dataset_a:imu_20260721_222310,0,0.06866666666666667
cross_dataset,dataset_b_to_dataset_a,Random_Forest,B2_time_frequency,dataset_a:imu_20260721_222332,0,0.06766666666666667
cross_dataset,dataset_b_to_dataset_a,Random_Forest,B2_time_frequency,dataset_a:imu_20260721_222355,0,0.034333333333333334
cross_dataset,dataset_b_to_dataset_a,Random_Forest,B2_time_frequency,dataset_a:imu_20260721_222703,0,0.013333333333333332
cross_dataset,dataset_b_to_dataset_a,Random_Forest,B2_time_frequency,dataset_a:imu_20260721_222726,0,0.06166666666666667
cross_dataset,dataset_b_to_dataset_a,Random_Forest,B2_time_frequency,dataset_a:imu_20260721_222747,0,0.06766666666666667
cross_dataset,dataset_b_to_dataset_a,Random_Forest,B2_time_frequency,dataset_a:imu_20260721_222813,0,0.044166666666666674
cross_dataset,dataset_b_to_dataset_a,Random_Forest,B2_time_frequency,dataset_a:imu_20260721_222834,0,0.03533333333333333
cross_dataset,dataset_b_to_dataset_a,Random_Forest,B2_time_frequency,dataset_a:imu_20260721_201428,0,0.0055
cross_dataset,dataset_b_to_dataset_a,Random_Forest,B2_time_frequency,dataset_a:imu_20260721_201455,0,0.016666666666666663
cross_dataset,dataset_b_to_dataset_a,Random_Forest,B2_time_frequency,dataset_a:imu_20260721_201609,0,0.028666666666666667
cross_dataset,dataset_b_to_dataset_a,Random_Forest,B2_time_frequency,dataset_a:imu_20260721_201735,0,0.0085
cross_dataset,dataset_b_to_dataset_a,Random_Forest,B2_time_frequency,dataset_a:imu_20260721_201808,0,0.009833333333333333
cross_dataset,dataset_b_to_dataset_a,Random_Forest,B2_time_frequency,dataset_a:imu_20260721_201832,0,0.0075
cross_dataset,dataset_b_to_dataset_a,Random_Forest,B2_time_frequency,dataset_a:imu_20260721_201855,0,0.0035
cross_dataset,dataset_b_to_dataset_a,Random_Forest,B2_time_frequency,dataset_a:imu_20260721_201917,0,0.022333333333333337
cross_dataset,dataset_b_to_dataset_a,Random_Forest,B2_time_frequency,dataset_a:imu_20260721_201938,0,0.0065
cross_dataset,dataset_b_to_dataset_a,Random_Forest,B2_time_frequency,dataset_a:imu_20260721_202000,0,0.0105
cross_dataset,dataset_b_to_dataset_a,Random_Forest,B2_time_frequency,dataset_a:imu_20260721_202022,0,0.017666666666666664
cross_dataset,dataset_b_to_dataset_a,Random_Forest,B2_time_frequency,dataset_a:imu_20260721_202043,0,0.0055
cross_dataset,dataset_b_to_dataset_a,Random_Forest,B2_time_frequency,dataset_a:imu_20260721_202111,0,0.0055
cross_dataset,dataset_b_to_dataset_a,Random_Forest,B2_time_frequency,dataset_a:imu_20260721_202136,0,0.007833333333333333
cross_dataset,dataset_b_to_dataset_a,Random_Forest,B2_time_frequency,dataset_a:imu_20260721_202205,0,0.010166666666666666
cross_dataset,dataset_b_to_dataset_a,Random_Forest,B2_time_frequency,dataset_a:imu_20260721_202252,0,0.0035
cross_dataset,dataset_b_to_dataset_a,Random_Forest,B2_time_frequency,dataset_a:imu_20260721_202326,0,0.009166666666666667
cross_dataset,dataset_b_to_dataset_a,Random_Forest,B2_time_frequency,dataset_a:imu_20260721_202355,0,0.0055
cross_dataset,dataset_b_to_dataset_a,Random_Forest,B2_time_frequency,dataset_a:imu_20260721_202446,0,0.007
cross_dataset,dataset_b_to_dataset_a,Random_Forest,B2_time_frequency,dataset_a:imu_20260721_202508,0,0.03083333333333333
cross_dataset,dataset_b_to_dataset_a,Random_Forest,B2_time_frequency,dataset_a:imu_20260721_202529,0,0.011833333333333333
cross_dataset,dataset_b_to_dataset_a,Random_Forest,B2_time_frequency,dataset_a:imu_20260721_202550,0,0.028833333333333332
cross_dataset,dataset_b_to_dataset_a,Random_Forest,B2_time_frequency,dataset_a:imu_20260721_202613,0,0.0115
cross_dataset,dataset_b_to_dataset_a,Random_Forest,B2_time_frequency,dataset_a:imu_20260721_202634,0,0.05466666666666667
cross_dataset,dataset_b_to_dataset_a,Random_Forest,B2_time_frequency,dataset_a:imu_20260721_202704,0,0.05566666666666667
cross_dataset,dataset_b_to_dataset_a,Random_Forest,B2_time_frequency,dataset_a:imu_20260721_223440,1,1.0
cross_dataset,dataset_b_to_dataset_a,Random_Forest,B2_time_frequency,dataset_a:imu_20260721_223504,1,1.0
cross_dataset,dataset_b_to_dataset_a,Random_Forest,B2_time_frequency,dataset_a:imu_20260721_223730,1,1.0
cross_dataset,dataset_b_to_dataset_a,Random_Forest,B2_time_frequency,dataset_a:imu_20260721_223808,1,1.0
cross_dataset,dataset_b_to_dataset_a,Random_Forest,B2_time_frequency,dataset_a:imu_20260721_223840,1,1.0
cross_dataset,dataset_b_to_dataset_a,Random_Forest,B2_time_frequency,dataset_a:imu_20260721_224047,1,0.9933333333333333
cross_dataset,dataset_b_to_dataset_a,Random_Forest,B2_time_frequency,dataset_a:imu_20260721_224120,1,1.0
cross_dataset,dataset_b_to_dataset_a,Random_Forest,B2_time_frequency,dataset_a:imu_20260721_224153,1,1.0
cross_dataset,dataset_b_to_dataset_a,Random_Forest,B2_time_frequency,dataset_a:imu_20260721_224224,1,0.9873333333333333
cross_dataset,dataset_b_to_dataset_a,Random_Forest,B2_time_frequency,dataset_a:imu_20260721_224255,1,0.9933333333333333
cross_dataset,dataset_b_to_dataset_a,Random_Forest,B2_time_frequency,dataset_a:imu_20260721_203056,1,0.951
cross_dataset,dataset_b_to_dataset_a,Random_Forest,B2_time_frequency,dataset_a:imu_20260721_203128,1,0.9876666666666667
cross_dataset,dataset_b_to_dataset_a,Random_Forest,B2_time_frequency,dataset_a:imu_20260721_203200,1,0.956
cross_dataset,dataset_b_to_dataset_a,Random_Forest,B2_time_frequency,dataset_a:imu_20260721_203245,1,0.959
cross_dataset,dataset_b_to_dataset_a,Random_Forest,B2_time_frequency,dataset_a:imu_20260721_203312,1,0.999
cross_dataset,dataset_b_to_dataset_a,Random_Forest,B2_time_frequency,dataset_a:imu_20260721_203346,1,0.998
cross_dataset,dataset_b_to_dataset_a,Random_Forest,B2_time_frequency,dataset_a:imu_20260721_203417,1,0.998
cross_dataset,dataset_b_to_dataset_a,Random_Forest,B2_time_frequency,dataset_a:imu_20260721_203445,1,0.995
cross_dataset,dataset_b_to_dataset_a,Random_Forest,B2_time_frequency,dataset_a:imu_20260721_203519,1,0.997
cross_dataset,dataset_b_to_dataset_a,Random_Forest,B2_time_frequency,dataset_a:imu_20260721_203543,1,0.999
cross_dataset,dataset_b_to_dataset_a,Random_Forest,B2_time_frequency,dataset_a:imu_20260721_203606,1,0.9593333333333333
cross_dataset,dataset_b_to_dataset_a,Random_Forest,B2_time_frequency,dataset_a:imu_20260721_215110,1,0.9523333333333333
cross_dataset,dataset_b_to_dataset_a,Random_Forest,B2_time_frequency,dataset_a:imu_20260721_215133,1,0.9946666666666667
cross_dataset,dataset_b_to_dataset_a,Random_Forest,B2_time_frequency,dataset_a:imu_20260721_215223,1,0.956
cross_dataset,dataset_b_to_dataset_a,Random_Forest,B2_time_frequency,dataset_a:imu_20260721_215726,1,0.975
cross_dataset,dataset_b_to_dataset_a,Random_Forest,B2_time_frequency,dataset_a:imu_20260721_215749,1,0.9563333333333333
cross_dataset,dataset_b_to_dataset_a,Random_Forest,B2_time_frequency,dataset_a:imu_20260721_215828,1,0.9276666666666668
cross_dataset,dataset_b_to_dataset_a,Random_Forest,B2_time_frequency,dataset_a:imu_20260721_215941,1,0.9493333333333333
cross_dataset,dataset_b_to_dataset_a,Random_Forest,B2_time_frequency,dataset_a:imu_20260721_220015,1,0.975
cross_dataset,dataset_b_to_dataset_a,Random_Forest,B2_time_frequency,dataset_a:imu_20260721_220049,1,0.993
cross_dataset,dataset_b_to_dataset_a,Random_Forest,B2_time_frequency,dataset_a:imu_20260721_220445,1,0.9693333333333333
cross_dataset,dataset_b_to_dataset_a,Random_Forest,B2_time_frequency,dataset_a:imu_20260721_220513,1,0.9466666666666668
cross_dataset,dataset_b_to_dataset_a,Random_Forest,B2_time_frequency,dataset_a:imu_20260721_220956,1,0.9366666666666666
cross_dataset,dataset_b_to_dataset_a,Random_Forest,B2_time_frequency,dataset_a:imu_20260721_221020,1,0.965
cross_dataset,dataset_b_to_dataset_a,Random_Forest,B2_time_frequency,dataset_a:imu_20260721_221056,1,0.967
cross_dataset,dataset_b_to_dataset_a,Random_Forest,B2_time_frequency,dataset_a:imu_20260721_222005,1,0.9065
cross_dataset,dataset_b_to_dataset_a,Random_Forest,B2_time_frequency,dataset_a:imu_20260721_222050,1,0.796
cross_dataset,dataset_b_to_dataset_a,Random_Forest,B2_time_frequency,dataset_a:imu_20260721_222119,1,0.9201666666666666
cross_dataset,dataset_b_to_dataset_a,Random_Forest,B2_time_frequency,dataset_a:imu_20260721_222446,1,0.417
cross_dataset,dataset_b_to_dataset_a,Random_Forest,B2_time_frequency,dataset_a:imu_20260721_222509,1,0.5753333333333333
cross_dataset,dataset_b_to_dataset_a,Random_Forest,B2_time_frequency,dataset_a:imu_20260721_222534,1,0.7686666666666667
cross_dataset,dataset_b_to_dataset_a,Random_Forest,B2_time_frequency,dataset_a:imu_20260721_222600,1,0.9676666666666668
cross_dataset,dataset_b_to_dataset_a,Random_Forest,B2_time_frequency,dataset_a:imu_20260721_222630,1,0.8363333333333333
cross_dataset,dataset_b_to_dataset_a,Random_Forest,B2_time_frequency,dataset_a:imu_20260721_222915,1,0.859
cross_dataset,dataset_b_to_dataset_a,Random_Forest,B2_time_frequency,dataset_a:imu_20260721_222939,1,0.7316666666666667
cross_dataset,dataset_b_to_dataset_a,Random_Forest,B2_time_frequency,dataset_a:imu_20260721_195856,1,1.0
cross_dataset,dataset_b_to_dataset_a,Random_Forest,B2_time_frequency,dataset_a:imu_20260721_200002,1,1.0
cross_dataset,dataset_b_to_dataset_a,Random_Forest,B2_time_frequency,dataset_a:imu_20260721_200033,1,0.998
cross_dataset,dataset_b_to_dataset_a,Random_Forest,B2_time_frequency,dataset_a:imu_20260721_200059,1,0.999
cross_dataset,dataset_b_to_dataset_a,Random_Forest,B2_time_frequency,dataset_a:imu_20260721_200128,1,0.971
cross_dataset,dataset_b_to_dataset_a,Random_Forest,B2_time_frequency,dataset_a:imu_20260721_200152,1,0.9423333333333334
cross_dataset,dataset_b_to_dataset_a,Random_Forest,B2_time_frequency,dataset_a:imu_20260721_200233,1,0.994
cross_dataset,dataset_b_to_dataset_a,Random_Forest,B2_time_frequency,dataset_a:imu_20260721_200256,1,1.0
cross_dataset,dataset_b_to_dataset_a,Random_Forest,B2_time_frequency,dataset_a:imu_20260721_200321,1,0.999
cross_dataset,dataset_b_to_dataset_a,Random_Forest,B2_time_frequency,dataset_a:imu_20260721_200433,1,0.979
cross_dataset,dataset_b_to_dataset_a,Random_Forest,B2_time_frequency,dataset_a:imu_20260721_200508,1,0.963
cross_dataset,dataset_b_to_dataset_a,Random_Forest,B2_time_frequency,dataset_a:imu_20260721_200530,1,0.97
cross_dataset,dataset_b_to_dataset_a,Random_Forest,B2_time_frequency,dataset_a:imu_20260721_200553,1,0.96
cross_dataset,dataset_b_to_dataset_a,Random_Forest,B2_time_frequency,dataset_a:imu_20260721_200617,1,0.995
cross_dataset,dataset_b_to_dataset_a,Random_Forest,B2_time_frequency,dataset_a:imu_20260721_200642,1,0.998
cross_dataset,dataset_b_to_dataset_a,Random_Forest,B2_time_frequency,dataset_a:imu_20260721_200826,1,1.0
cross_dataset,dataset_b_to_dataset_a,Random_Forest,B2_time_frequency,dataset_a:imu_20260721_200851,1,0.999
cross_dataset,dataset_b_to_dataset_a,Random_Forest,B2_time_frequency,dataset_a:imu_20260721_201011,1,1.0
cross_dataset,dataset_b_to_dataset_a,Random_Forest,B2_time_frequency,dataset_a:imu_20260721_201034,1,1.0
cross_dataset,dataset_b_to_dataset_a,Random_Forest,B2_time_frequency,dataset_a:imu_20260721_201110,1,1.0
cross_dataset,dataset_b_to_dataset_a,Random_Forest,B2_time_frequency,dataset_a:imu_20260721_201149,1,0.998
cross_dataset,dataset_b_to_dataset_a,Random_Forest,B2_time_frequency,dataset_a:imu_20260721_201211,1,0.998
cross_dataset,dataset_b_to_dataset_a,Random_Forest,B2_time_frequency,dataset_a:imu_20260721_201234,1,0.999
cross_dataset,dataset_b_to_dataset_a,Random_Forest,B2_time_frequency,dataset_a:imu_20260721_201256,1,0.999
cross_dataset,dataset_b_to_dataset_a,Random_Forest,B2_time_frequency,dataset_a:imu_20260721_201318,1,0.997
