elapsed_ms,acc_x_g,acc_y_g,acc_z_g,gyro_x_dps,gyro_y_dps,gyro_z_dps,angle_x_deg,angle_y_deg,angle_z_deg
0,0.7446,0.0532,-0.6792,-0.977,-0.732,-0.244,176.957,-47.521,150.875
10,0.7412,0.0542,-0.6792,-0.977,-0.610,-0.732,176.924,-47.510,150.886
20,0.7402,0.0562,-0.6792,-0.916,-0.488,-1.282,176.885,-47.505,150.903
30,0.7378,0.0630,-0.6768,-0.732,-0.244,-1.648,176.836,-47.499,150.930
40,0.7354,0.0659,-0.6763,-0.122,0.122,-2.014,176.792,-47.499,150.958
50,0.7349,0.0674,-0.6782,0.732,0.732,-2.441,176.748,-47.499,150.996
60,0.7349,0.0659,-0.6807,1.709,1.465,-2.991,176.710,-47.510,151.040
70,0.7388,0.0649,-0.6841,2.380,2.136,-3.662,176.666,-47.527,151.095
80,0.7456,0.0566,-0.6880,2.625,2.686,-5.188,176.622,-47.543,151.177
90,0.7495,0.0508,-0.6895,2.258,2.258,-5.859,176.572,-47.560,151.265
100,0.7524,0.0435,-0.6865,1.831,1.526,-6.470,176.517,-47.576,151.364
110,0.7524,0.0366,-0.6831,1.343,0.427,-6.653,176.462,-47.576,151.463
120,0.7534,0.0303,-0.6812,0.916,-0.488,-6.470,176.413,-47.571,151.556
130,0.7529,0.0234,-0.6743,0.671,-1.160,-5.920,176.369,-47.560,151.644
140,0.7490,0.0215,-0.6704,0.732,-1.465,-5.005,176.342,-47.549,151.716
150,0.7495,0.0190,-0.6655,1.221,-1.221,-3.845,176.336,-47.543,151.771
160,0.7485,0.0171,-0.6689,1.831,-0.427,-2.686,176.347,-47.543,151.809
170,0.7480,0.0156,-0.6699,2.197,0.549,-1.587,176.375,-47.554,151.831
180,0.7480,0.0137,-0.6733,2.197,1.587,-0.671,176.413,-47.576,151.848
190,0.7500,0.0176,-0.6787,1.892,2.319,0.061,176.451,-47.598,151.848
200,0.7480,0.0239,-0.6841,1.526,2.747,0.671,176.484,-47.626,151.837
210,0.7485,0.0254,-0.6865,0.977,2.747,1.038,176.517,-47.653,151.826
220,0.7500,0.0317,-0.6895,0.366,2.197,1.343,176.545,-47.675,151.809
230,0.7505,0.0352,-0.6929,-0.305,1.221,1.587,176.561,-47.681,151.787
240,0.7490,0.0396,-0.6899,-0.732,0.183,1.709,176.578,-47.681,151.760
250,0.7490,0.0435,-0.6855,-0.916,-0.671,1.770,176.583,-47.675,151.732
260,0.7471,0.0435,-0.6860,-1.038,-1.404,1.587,176.589,-47.659,151.710
270,0.7476,0.0439,-0.6787,-1.160,-1.770,1.343,176.594,-47.642,151.688
280,0.7471,0.0435,-0.6768,-1.282,-1.831,1.099,176.589,-47.626,151.672
290,0.7466,0.0430,-0.6758,-1.404,-1.526,0.854,176.583,-47.615,151.655
300,0.7461,0.0449,-0.6719,-1.282,-0.916,0.610,176.572,-47.609,151.644
310,0.7471,0.0464,-0.6738,-1.038,-0.244,0.549,176.567,-47.609,151.639
320,0.7456,0.0454,-0.6753,-0.610,0.366,0.610,176.561,-47.615,151.628
330,0.7461,0.0454,-0.6748,-0.122,0.916,0.671,176.561,-47.626,151.622
340,0.7490,0.0430,-0.6763,0.122,1.099,0.732,176.567,-47.637,151.611
350,0.7510,0.0415,-0.6826,-0.122,1.038,0.610,176.572,-47.648,151.600
360,0.7529,0.0415,-0.6821,-0.671,0.671,0.488,176.572,-47.659,151.595
370,0.7520,0.0396,-0.6836,-1.404,0.183,0.305,176.561,-47.659,151.589
380,0.7524,0.0396,-0.6831,-2.014,-0.305,0.122,176.545,-47.659,151.589
390,0.7505,0.0371,-0.6826,-2.319,-0.671,0.000,176.523,-47.653,151.589
400,0.7495,0.0356,-0.6821,-2.441,-0.854,0.000,176.506,-47.642,151.589
410,0.7480,0.0342,-0.6821,-2.380,-0.854,0.000,176.490,-47.637,151.584
420,0.7480,0.0332,-0.6831,-2.258,-0.671,0.000,176.473,-47.626,151.584
430,0.7480,0.0356,-0.6821,-2.197,-0.427,0.061,176.457,-47.626,151.584
440,0.7490,0.0352,-0.6831,-2.014,-0.122,0.244,176.446,-47.620,151.578
450,0.7461,0.0376,-0.6816,-1.953,-0.122,0.366,176.435,-47.620,151.573
460,0.7466,0.0391,-0.6851,-1.953,-0.183,0.549,176.424,-47.615,151.567
470,0.7456,0.0410,-0.6836,-2.014,-0.488,0.732,176.413,-47.609,151.556
480,0.7461,0.0435,-0.6826,-2.014,-0.854,0.916,176.407,-47.604,151.540
490,0.7456,0.0479,-0.6797,-2.258,-1.160,1.038,176.391,-47.593,151.523
500,0.7441,0.0518,-0.6787,-2.380,-1.282,1.099,176.375,-47.582,151.507
510,0.7437,0.0503,-0.6782,-2.014,-1.282,1.099,176.358,-47.565,151.490
520,0.7422,0.0518,-0.6787,-1.770,-0.977,0.977,176.347,-47.560,151.474
530,0.7432,0.0498,-0.6792,-1.709,-0.610,0.671,176.331,-47.549,151.463
540,0.7451,0.0415,-0.6831,-1.953,-0.183,0.183,176.314,-47.549,151.463
550,0.7495,0.0361,-0.6826,-2.563,0.061,-0.427,176.292,-47.549,151.469
560,0.7510,0.0322,-0.6836,-3.479,0.000,-0.732,176.259,-47.549,151.479
570,0.7485,0.0371,-0.6841,-4.517,-0.183,-0.854,176.210,-47.549,151.490
580,0.7461,0.0444,-0.6836,-4.944,-0.427,-0.488,176.160,-47.543,151.496
590,0.7407,0.0498,-0.6812,-4.028,-0.610,0.305,176.122,-47.532,151.490
600,0.7358,0.0581,-0.6787,-2.625,-0.793,1.282,176.100,-47.527,151.474
610,0.7349,0.0645,-0.6787,-0.854,-0.793,2.075,176.094,-47.516,151.441
620,0.7339,0.0659,-0.6826,0.549,-0.549,2.502,176.116,-47.505,151.403
630,0.7354,0.0640,-0.6802,1.282,-0.122,2.258,176.138,-47.499,151.370
640,0.7402,0.0591,-0.6836,0.854,0.305,1.343,176.149,-47.505,151.353
650,0.7476,0.0557,-0.6846,-0.488,0.671,0.061,176.133,-47.510,151.353
660,0.7544,0.0537,-0.6870,-2.075,0.793,-1.282,176.094,-47.516,151.370
670,0.7563,0.0493,-0.6855,-3.479,0.610,-2.319,176.034,-47.521,151.403
680,0.7524,0.0474,-0.6841,-4.395,0.061,-2.869,175.957,-47.521,151.447
690,0.7495,0.0483,-0.6787,-4.639,-0.671,-2.808,175.880,-47.516,151.490
700,0.7466,0.0488,-0.6772,-4.028,-1.099,-2.075,175.820,-47.505,151.518
710,0.7407,0.0513,-0.6729,-2.808,-1.160,-1.099,175.781,-47.494,151.534
720,0.7383,0.0518,-0.6714,-1.526,-0.854,-0.183,175.759,-47.488,151.534
730,0.7368,0.0537,-0.6724,-0.488,-0.183,0.610,175.759,-47.488,151.523
740,0.7378,0.0522,-0.6787,0.305,0.488,1.099,175.770,-47.494,151.507
750,0.7432,0.0513,-0.6812,0.671,1.282,1.282,175.792,-47.505,151.490
760,0.7451,0.0488,-0.6855,0.610,1.831,0.916,175.809,-47.521,151.479
770,0.7495,0.0454,-0.6895,0.061,1.892,0.305,175.814,-47.538,151.479
780,0.7490,0.0420,-0.6924,-0.977,1.526,-0.366,175.809,-47.549,151.485
791,0.7520,0.0396,-0.6943,-2.258,0.732,-0.854,175.781,-47.554,151.496
800,0.7534,0.0425,-0.6909,-3.418,-0.244,-1.099,175.743,-47.549,151.512
810,0.7500,0.0420,-0.6875,-3.845,-1.099,-0.854,175.704,-47.538,151.523
820,0.7451,0.0400,-0.6821,-3.540,-1.709,-0.427,175.677,-47.521,151.529
830,0.7432,0.0376,-0.6777,-2.991,-2.075,0.061,175.660,-47.499,151.529
840,0.7412,0.0356,-0.6768,-2.869,-1.953,0.610,175.655,-47.483,151.518
850,0.7432,0.0435,-0.6738,-3.052,-1.587,1.282,175.644,-47.472,151.496
860,0.7422,0.0493,-0.6733,-3.052,-0.854,2.014,175.638,-47.466,151.463
870,0.7397,0.0542,-0.6729,-2.502,-0.061,2.686,175.638,-47.466,151.425
880,0.7373,0.0610,-0.6724,-1.587,0.671,3.174,175.649,-47.477,151.381
890,0.7422,0.0664,-0.6763,-0.793,1.038,3.479,175.666,-47.494,151.331
900,0.7441,0.0713,-0.6802,-0.183,1.099,3.601,175.688,-47.505,151.276
910,0.7500,0.0752,-0.6807,0.305,1.038,3.540,175.704,-47.521,151.227
920,0.7505,0.0718,-0.6846,0.549,0.977,2.930,175.726,-47.532,151.183
930,0.7476,0.0723,-0.6860,0.366,0.793,2.014,175.732,-47.538,151.155
940,0.7446,0.0679,-0.6860,-0.244,0.427,0.916,175.726,-47.538,151.139
950,0.7432,0.0615,-0.6826,-1.221,0.061,-0.122,175.704,-47.538,151.144
960,0.7441,0.0566,-0.6802,-2.197,-0.244,-0.977,175.666,-47.532,151.155
970,0.7456,0.0518,-0.6802,-2.991,-0.427,-1.465,175.622,-47.527,151.177
980,0.7466,0.0479,-0.6777,-3.357,-0.488,-1.404,175.578,-47.527,151.199
990,0.7427,0.0415,-0.6753,-3.296,-0.427,-0.916,175.545,-47.521,151.210
1000,0.7422,0.0376,-0.6743,-3.052,-0.305,-0.122,175.529,-47.521,151.216
1010,0.7466,0.0381,-0.6738,-2.563,-0.061,1.038,175.523,-47.527,151.199
1020,0.7466,0.0361,-0.6777,-2.014,0.061,2.197,175.540,-47.527,151.166
1030,0.7505,0.0327,-0.6787,-1.709,0.122,3.113,175.578,-47.538,151.122
1040,0.7505,0.0205,-0.6797,-1.648,0.061,3.967,175.627,-47.543,151.062
1050,0.7573,0.0205,-0.6836,-2.258,0.000,4.761,175.682,-47.549,150.991
1060,0.7593,0.0254,-0.6855,-3.235,-0.061,5.493,175.732,-47.554,150.908
1070,0.7603,0.0264,-0.6841,-3.601,-0.366,6.226,175.787,-47.560,150.815
1080,0.7549,0.0308,-0.6860,-3.540,-0.549,6.653,175.842,-47.565,150.716
1090,0.7510,0.0376,-0.6875,-3.540,-0.916,6.775,175.891,-47.560,150.617
1100,0.7466,0.0454,-0.6875,-3.601,-1.282,6.836,175.930,-47.549,150.513
1110,0.7437,0.0552,-0.6831,-3.723,-1.526,6.836,175.963,-47.538,150.414
1120,0.7441,0.0635,-0.6826,-3.296,-1.343,6.714,175.990,-47.527,150.309
1130,0.7388,0.0645,-0.6841,-2.563,-0.854,6.165,176.017,-47.516,150.222
1140,0.7373,0.0674,-0.6880,-2.197,-0.305,5.249,176.039,-47.510,150.139
1150,0.7368,0.0742,-0.6875,-2.502,-0.061,4.211,176.039,-47.505,150.079
1160,0.7368,0.0781,-0.6870,-3.052,0.000,3.174,176.017,-47.499,150.035
1170,0.7339,0.0771,-0.6875,-3.418,0.183,2.014,175.979,-47.499,150.002
1180,0.7324,0.0723,-0.6899,-3.418,0.244,0.671,175.935,-47.488,149.991
1190,0.7324,0.0713,-0.6899,-3.784,0.122,-0.549,175.869,-47.483,150.002
1201,0.7344,0.0732,-0.6875,-4.272,0.000,-1.404,175.792,-47.472,150.024
1210,0.7368,0.0742,-0.6870,-4.272,-0.122,-1.709,175.715,-47.466,150.046
1220,0.7368,0.0747,-0.6831,-3.479,-0.183,-1.770,175.644,-47.455,150.073
1230,0.7388,0.0732,-0.6797,-2.014,-0.305,-1.770,175.583,-47.450,150.101
1240,0.7368,0.0684,-0.6792,-0.427,-0.366,-1.526,175.551,-47.444,150.123
1250,0.7388,0.0605,-0.6772,0.732,-0.244,-1.282,175.540,-47.439,150.139
1260,0.7417,0.0586,-0.6768,1.160,0.000,-1.221,175.534,-47.439,150.156
1270,0.7471,0.0557,-0.6777,1.099,0.366,-1.404,175.523,-47.444,150.178
1280,0.7520,0.0469,-0.6782,0.977,0.793,-1.770,175.518,-47.455,150.205
1290,0.7529,0.0415,-0.6826,0.366,1.038,-2.258,175.507,-47.466,150.238
1300,0.7529,0.0381,-0.6851,-0.793,1.099,-2.625,175.485,-47.477,150.282
1310,0.7554,0.0352,-0.6860,-2.014,0.916,-2.686,175.452,-47.488,150.320
1320,0.7544,0.0327,-0.6855,-2.869,0.610,-2.563,175.413,-47.494,150.359
1330,0.7544,0.0317,-0.6865,-3.296,0.305,-2.258,175.375,-47.494,150.392
1340,0.7510,0.0312,-0.6860,-3.479,-0.061,-1.648,175.342,-47.494,150.419
1350,0.7490,0.0308,-0.6855,-3.479,-0.427,-0.854,175.320,-47.488,150.430
1360,0.7446,0.0352,-0.6865,-3.479,-0.671,0.122,175.303,-47.483,150.425
1370,0.7422,0.0444,-0.6846,-3.418,-0.793,1.038,175.292,-47.472,150.408
1380,0.7393,0.0557,-0.6787,-2.991,-0.916,1.953,175.287,-47.466,150.381
1390,0.7358,0.0684,-0.6758,-1.892,-0.732,2.808,175.287,-47.455,150.337
1400,0.7349,0.0747,-0.6729,-0.427,-0.427,3.479,175.303,-47.455,150.287
1410,0.7349,0.0791,-0.6748,0.854,0.000,3.601,175.331,-47.455,150.233
1420,0.7363,0.0835,-0.6768,1.709,0.366,3.357,175.358,-47.461,150.183
1430,0.7378,0.0854,-0.6807,2.014,0.671,2.747,175.386,-47.466,150.145
1440,0.7383,0.0859,-0.6836,1.892,0.916,1.953,175.397,-47.472,150.117
1450,0.7383,0.0859,-0.6841,1.587,1.038,0.854,175.397,-47.477,150.106
1460,0.7368,0.0864,-0.6816,1.282,0.977,-0.183,175.380,-47.483,150.112
1470,0.7407,0.0840,-0.6846,1.343,0.793,-1.099,175.358,-47.483,150.128
1480,0.7368,0.0796,-0.6812,1.526,0.610,-1.648,175.331,-47.483,150.150
1490,0.7354,0.0737,-0.6812,1.953,0.549,-2.014,175.314,-47.483,150.183
1500,0.7378,0.0620,-0.6802,2.380,0.549,-2.075,175.309,-47.483,150.216
1510,0.7456,0.0557,-0.6787,2.625,0.488,-2.075,175.314,-47.488,150.244
1520,0.7505,0.0488,-0.6772,2.808,0.122,-1.831,175.325,-47.494,150.271
1530,0.7568,0.0464,-0.6763,3.052,0.000,-1.343,175.353,-47.499,150.293
1540,0.7578,0.0449,-0.6763,3.601,0.000,-0.671,175.386,-47.505,150.304
1550,0.7568,0.0464,-0.6724,4.272,-0.122,-0.183,175.435,-47.510,150.304
1560,0.7578,0.0474,-0.6743,5.127,-0.366,0.122,175.490,-47.516,150.304
1570,0.7529,0.0498,-0.6729,5.859,-0.183,0.427,175.556,-47.521,150.293
1580,0.7476,0.0571,-0.6694,6.348,0.427,0.732,175.622,-47.532,150.287
1590,0.7427,0.0698,-0.6699,6.836,1.099,0.854,175.682,-47.543,150.276
1600,0.7417,0.0815,-0.6689,7.751,1.648,0.793,175.743,-47.565,150.266
1610,0.7422,0.0937,-0.6704,9.216,2.197,0.366,175.798,-47.587,150.260
1620,0.7432,0.1001,-0.6738,11.108,2.625,-0.305,175.858,-47.615,150.271
1630,0.7451,0.1035,-0.6777,12.817,2.930,-1.343,175.924,-47.637,150.293
1640,0.7461,0.1011,-0.6802,13.916,3.113,-2.991,175.984,-47.664,150.337
1650,0.7476,0.0962,-0.6807,13.855,3.113,-5.188,176.023,-47.686,150.419
1660,0.7510,0.0928,-0.6860,12.878,2.930,-7.874,176.023,-47.708,150.540
1670,0.7520,0.0889,-0.6880,11.353,2.686,-10.681,175.984,-47.725,150.699
1680,0.7539,0.0791,-0.6895,9.888,2.441,-13.184,175.913,-47.736,150.897
1690,0.7539,0.0698,-0.6860,8.667,2.075,-15.259,175.814,-47.741,151.128
1701,0.7554,0.0532,-0.6841,7.629,1.709,-16.785,175.704,-47.747,151.375
1710,0.7578,0.0391,-0.6807,6.531,1.221,-17.700,175.583,-47.752,151.639
1720,0.7573,0.0298,-0.6763,5.310,0.671,-17.883,175.463,-47.747,151.908
1730,0.7568,0.0156,-0.6733,4.211,-0.061,-17.334,175.347,-47.741,152.166
1740,0.7563,0.0112,-0.6689,3.418,-0.610,-16.052,175.243,-47.730,152.402
1750,0.7529,0.0049,-0.6616,3.235,-0.854,-14.099,175.166,-47.719,152.611
1760,0.7480,-0.0010,-0.6606,4.028,-0.610,-11.475,-179.912,-47.714,152.776
1770,0.7451,-0.0044,-0.6592,5.127,-0.061,-8.545,-179.951,-47.719,152.908
1780,0.7437,-0.0093,-0.6606,6.226,0.854,-5.493,-179.945,-47.736,152.985
1790,0.7432,-0.0137,-0.6670,6.775,1.709,-2.441,-179.890,-47.758,153.023
1800,0.7451,-0.0142,-0.6709,6.775,2.563,0.305,-179.808,-47.785,153.018
1810,0.7524,-0.0127,-0.6782,6.226,3.052,2.747,-179.709,-47.813,152.979
1820,0.7544,-0.0112,-0.6802,5.554,3.052,4.700,-179.594,-47.845,152.908
1830,0.7603,-0.0034,-0.6870,4.639,2.502,6.287,-179.484,-47.873,152.814
1840,0.7627,0.0034,-0.6870,3.662,1.587,7.446,179.714,-47.889,152.704
1850,0.7593,0.0107,-0.6895,2.625,0.427,8.240,179.824,-47.889,152.578
1860,0.7588,0.0112,-0.6880,1.526,-0.732,8.545,179.923,-47.884,152.452
1870,0.7554,0.0156,-0.6855,0.305,-1.587,8.484,-179.995,-47.867,152.325
1880,0.7544,0.0195,-0.6821,-1.160,-2.136,8.240,-179.929,-47.845,152.205
1890,0.7544,0.0254,-0.6782,-2.563,-2.319,7.935,-179.890,-47.823,152.084
1900,0.7568,0.0322,-0.6719,-3.540,-2.197,7.629,-179.874,-47.807,151.968
1910,0.7554,0.0405,-0.6714,-3.845,-1.709,7.385,-179.863,-47.796,151.859
1920,0.7559,0.0464,-0.6714,-3.479,-1.221,7.202,-179.863,-47.791,151.754
1930,0.7544,0.0522,-0.6729,-2.991,-0.793,6.897,-179.863,-47.785,151.650
1940,0.7495,0.0591,-0.6738,-2.563,-0.488,6.470,-179.868,-47.780,151.556
1950,0.7471,0.0625,-0.6768,-2.197,-0.183,5.920,-179.879,-47.780,151.469
1960,0.7456,0.0693,-0.6792,-1.892,0.122,5.188,-179.901,-47.780,151.392
1970,0.7441,0.0752,-0.6865,-1.648,0.366,4.211,-179.934,-47.774,151.326
1980,0.7437,0.0771,-0.6860,-1.404,0.427,3.174,-179.978,-47.774,151.282
1990,0.7407,0.0796,-0.6865,-1.221,0.305,2.014,179.967,-47.769,151.249
2000,0.7407,0.0791,-0.6885,-1.099,0.000,0.793,179.896,-47.758,151.238
2010,0.7407,0.0767,-0.6841,-1.038,-0.366,-0.549,179.819,-47.752,151.243
2020,0.7407,0.0728,-0.6841,-1.038,-0.793,-1.770,179.731,-47.736,151.271
2030,0.7432,0.0708,-0.6826,-1.038,-1.038,-2.808,179.632,-47.719,151.315
2040,0.7422,0.0649,-0.6782,-0.977,-1.160,-3.662,179.533,-47.708,151.370
2050,0.7432,0.0571,-0.6758,-0.732,-1.099,-4.211,179.434,-47.697,151.430
2060,0.7432,0.0537,-0.6724,-0.366,-0.854,-4.456,179.341,-47.686,151.496
2070,0.7466,0.0488,-0.6704,0.061,-0.488,-4.395,179.258,-47.686,151.562
2080,0.7451,0.0449,-0.6719,0.671,-0.244,-3.967,179.193,-47.686,151.622
2090,0.7456,0.0415,-0.6743,1.465,0.183,-3.418,179.143,-47.686,151.672
2100,0.7480,0.0381,-0.6738,2.136,0.427,-2.869,179.110,-47.692,151.716
2111,0.7495,0.0303,-0.6748,2.563,0.610,-2.380,179.094,-47.703,151.749
2121,0.7520,0.0254,-0.6782,2.625,0.610,-1.892,179.083,-47.708,151.776
2131,0.7534,0.0234,-0.6816,2.258,0.549,-1.526,179.083,-47.719,151.798
2141,0.7534,0.0220,-0.6821,1.770,0.427,-1.099,179.077,-47.725,151.815
2151,0.7520,0.0220,-0.6797,1.282,0.244,-0.610,179.072,-47.725,151.826
2161,0.7500,0.0225,-0.6797,0.916,0.122,-0.183,179.072,-47.730,151.831
2171,0.7500,0.0254,-0.6777,0.610,-0.061,0.427,179.066,-47.730,151.820
2181,0.7471,0.0308,-0.6782,0.488,-0.244,1.038,179.066,-47.725,151.809
2191,0.7446,0.0342,-0.6768,0.610,-0.366,1.648,179.072,-47.725,151.782
2201,0.7451,0.0376,-0.6772,0.916,-0.427,2.197,179.083,-47.719,151.749
2211,0.7480,0.0356,-0.6777,1.282,-0.366,2.502,179.105,-47.719,151.710
2221,0.7480,0.0371,-0.6768,1.404,-0.244,2.747,179.121,-47.714,151.672
2230,0.7480,0.0356,-0.6802,1.221,0.000,2.808,179.143,-47.719,151.628
2241,0.7490,0.0356,-0.6787,0.793,0.122,2.686,179.160,-47.719,151.589
2251,0.7490,0.0347,-0.6787,0.305,0.244,2.441,179.171,-47.725,151.556
2261,0.7476,0.0391,-0.6802,-0.183,0.183,2.258,179.165,-47.725,151.518
2270,0.7480,0.0405,-0.6792,-0.488,0.000,2.197,179.160,-47.725,151.485
2281,0.7500,0.0415,-0.6782,-0.610,-0.427,2.136,179.154,-47.719,151.458
2291,0.7500,0.0410,-0.6768,-0.549,-0.732,2.258,179.143,-47.719,151.425
2301,0.7495,0.0391,-0.6758,-0.427,-0.916,2.380,179.143,-47.708,151.386
2311,0.7480,0.0371,-0.6748,-0.122,-0.854,2.625,179.149,-47.703,151.348
2321,0.7476,0.0356,-0.6763,-0.061,-0.732,2.808,179.154,-47.697,151.304
2331,0.7480,0.0366,-0.6763,0.000,-0.488,2.930,179.165,-47.697,151.260
2341,0.7471,0.0356,-0.6758,-0.061,-0.183,3.052,179.176,-47.697,151.216
2351,0.7476,0.0366,-0.6792,0.000,0.183,3.113,179.187,-47.697,151.172
2361,0.7456,0.0381,-0.6787,0.122,0.549,3.113,179.198,-47.703,151.122
2371,0.7446,0.0396,-0.6792,0.305,0.732,3.052,179.209,-47.708,151.078
2381,0.7466,0.0425,-0.6816,0.488,0.732,3.052,179.220,-47.719,151.035
2391,0.7466,0.0435,-0.6826,0.732,0.671,2.991,179.231,-47.719,150.991
2401,0.7471,0.0425,-0.6841,1.038,0.488,2.808,179.242,-47.725,150.947
2411,0.7471,0.0425,-0.6836,1.343,0.366,2.563,179.253,-47.725,150.908
2421,0.7480,0.0420,-0.6836,1.465,0.122,2.197,179.264,-47.725,150.875
2431,0.7485,0.0400,-0.6836,1.404,-0.061,1.709,179.269,-47.725,150.853
2441,0.7495,0.0425,-0.6821,1.160,-0.244,1.221,179.269,-47.719,150.831
2451,0.7461,0.0400,-0.6792,1.038,-0.244,0.671,179.258,-47.719,150.826
2461,0.7446,0.0405,-0.6768,0.916,-0.122,0.244,179.242,-47.714,150.820
2471,0.7451,0.0410,-0.6772,1.099,0.061,-0.122,179.225,-47.719,150.820
2481,0.7451,0.0415,-0.6787,1.343,0.244,-0.305,179.209,-47.719,150.826
2491,0.7451,0.0391,-0.6787,1.709,0.427,-0.305,179.198,-47.719,150.831
2501,0.7456,0.0371,-0.6802,2.136,0.610,-0.305,179.193,-47.725,150.837
2511,0.7485,0.0337,-0.6768,2.502,0.732,-0.183,179.193,-47.736,150.837
2521,0.7471,0.0308,-0.6772,2.563,0.671,-0.061,179.203,-47.741,150.837
2531,0.7485,0.0283,-0.6772,2.502,0.549,0.000,179.209,-47.747,150.842
2541,0.7510,0.0288,-0.6753,2.319,0.427,0.122,179.220,-47.758,150.837
2551,0.7510,0.0264,-0.6763,2.197,0.366,0.366,179.231,-47.763,150.831
2561,0.7500,0.0254,-0.6753,2.197,0.366,0.488,179.242,-47.769,150.826
2571,0.7524,0.0220,-0.6738,2.197,0.427,0.671,179.258,-47.774,150.815
2581,0.7524,0.0215,-0.6758,2.014,0.427,0.854,179.280,-47.785,150.804
2591,0.7510,0.0210,-0.6772,1.709,0.427,1.221,179.297,-47.791,150.787
2601,0.7520,0.0215,-0.6738,1.587,0.488,1.587,179.319,-47.796,150.760
2611,0.7490,0.0249,-0.6748,1.953,0.549,2.136,179.346,-47.807,150.727
2621,0.7466,0.0225,-0.6748,2.625,0.732,2.563,179.390,-47.813,150.694
2631,0.7461,0.0229,-0.6763,3.235,0.916,2.930,179.440,-47.823,150.650
2641,0.7451,0.0234,-0.6797,3.479,1.038,3.174,179.495,-47.829,150.601
2651,0.7461,0.0259,-0.6816,3.296,1.099,3.235,179.544,-47.840,150.551
2661,0.7485,0.0239,-0.6821,2.991,1.038,3.174,179.594,-47.851,150.507
2671,0.7505,0.0205,-0.6816,2.747,0.854,2.930,179.643,-47.856,150.463
2681,0.7559,0.0205,-0.6826,2.380,0.671,2.563,179.676,-47.862,150.425
2691,0.7534,0.0176,-0.6816,1.953,0.244,2.258,179.709,-47.867,150.392
2701,0.7524,0.0190,-0.6792,1.465,-0.305,2.136,179.736,-47.862,150.359
2711,0.7529,0.0171,-0.6772,1.160,-0.793,2.014,179.758,-47.856,150.326
2721,0.7524,0.0171,-0.6758,1.099,-0.916,1.953,179.775,-47.851,150.298
2731,0.7520,0.0156,-0.6777,1.282,-0.793,1.831,179.797,-47.845,150.271
2741,0.7534,0.0161,-0.6733,1.282,-0.488,1.648,179.819,-47.845,150.249
2751,0.7529,0.0181,-0.6763,1.099,0.000,1.526,179.830,-47.845,150.227
2761,0.7485,0.0249,-0.6758,0.854,0.549,1.282,179.835,-47.851,150.205
2771,0.7476,0.0337,-0.6768,0.793,1.038,1.099,179.830,-47.862,150.189
2781,0.7441,0.0400,-0.6748,1.282,1.282,0.916,179.819,-47.873,150.178
2792,0.7446,0.0420,-0.6753,2.075,1.282,0.671,179.813,-47.884,150.167
2801,0.7476,0.0435,-0.6782,2.808,1.038,0.366,179.808,-47.895,150.161
2811,0.7490,0.0396,-0.6782,3.052,0.732,-0.061,179.808,-47.900,150.161
2821,0.7510,0.0352,-0.6777,2.808,0.305,-0.732,179.802,-47.906,150.172
2831,0.7529,0.0327,-0.6772,2.197,-0.061,-1.465,179.780,-47.906,150.194
2841,0.7544,0.0303,-0.6758,1.404,-0.305,-2.197,179.747,-47.900,150.227
2851,0.7549,0.0259,-0.6729,0.732,-0.427,-2.808,179.703,-47.900,150.271
2861,0.7544,0.0234,-0.6699,0.244,-0.366,-3.296,179.654,-47.906,150.315
2871,0.7520,0.0244,-0.6675,0.183,-0.244,-3.357,179.599,-47.906,150.370
2881,0.7529,0.0249,-0.6646,0.549,-0.061,-3.113,179.555,-47.911,150.414
2891,0.7515,0.0249,-0.6646,1.526,0.427,-2.563,179.522,-47.922,150.452
2901,0.7495,0.0220,-0.6660,2.747,1.160,-1.953,179.517,-47.939,150.480
2911,0.7495,0.0156,-0.6689,3.723,1.831,-1.343,179.528,-47.961,150.502
2921,0.7476,0.0122,-0.6729,4.028,2.258,-0.977,179.550,-47.983,150.518
2931,0.7515,0.0088,-0.6777,3.662,2.502,-0.793,179.577,-48.005,150.529
2941,0.7524,0.0054,-0.6807,2.686,2.319,-0.793,179.594,-48.027,150.540
2951,0.7534,0.0020,-0.6846,1.526,1.892,-0.793,179.604,-48.043,150.551
2961,0.7529,-0.0029,-0.6836,0.366,1.282,-0.671,-179.753,-48.054,150.562
2971,0.7524,-0.0063,-0.6816,-0.610,0.549,-0.427,-179.758,-48.060,150.568
2981,0.7515,-0.0093,-0.6782,-1.404,-0.244,0.061,-179.769,-48.054,150.568
2991,0.7476,-0.0078,-0.6753,-1.831,-0.732,0.854,-179.769,-48.043,150.557
3001,0.7441,-0.0078,-0.6753,-1.831,-0.732,1.831,-179.764,-48.032,150.529
3011,0.7441,-0.0078,-0.6753,-1.465,-0.427,2.930,-179.742,-48.027,150.485
3021,0.7446,-0.0029,-0.6733,-0.916,0.000,4.028,-179.709,-48.027,150.425
3031,0.7446,-0.0015,-0.6753,-0.305,0.488,5.005,-179.659,-48.027,150.348
3041,0.7480,-0.0015,-0.6772,0.183,0.916,5.920,-179.594,-48.038,150.260
3051,0.7471,0.0005,-0.6753,0.427,1.282,6.653,179.956,-48.049,150.161
3061,0.7480,0.0000,-0.6792,0.366,1.282,7.263,-179.962,-48.054,150.051
3071,0.7461,-0.0005,-0.6846,0.061,1.038,7.568,-179.956,-48.060,149.941
3081,0.7510,0.0024,-0.6865,-0.488,0.610,7.812,179.791,-48.060,149.821
3091,0.7515,0.0020,-0.6821,-0.977,0.366,8.057,179.874,-48.065,149.700
3101,0.7539,0.0044,-0.6826,-1.709,-0.183,8.301,179.945,-48.060,149.579
3111,0.7544,0.0063,-0.6797,-1.892,-0.549,8.301,-179.989,-48.054,149.453
3121,0.7549,0.0117,-0.6753,-2.014,-1.038,8.362,-179.923,-48.043,149.326
3131,0.7549,0.0161,-0.6748,-1.587,-1.160,8.423,-179.863,-48.032,149.205
3141,0.7510,0.0244,-0.6714,-0.732,-1.160,8.545,-179.797,-48.027,149.073
3151,0.7515,0.0278,-0.6704,0.610,-0.732,8.484,-179.725,-48.021,148.947
3161,0.7500,0.0347,-0.6675,2.075,-0.244,8.362,-179.643,-48.021,148.821
3171,0.7534,0.0337,-0.6719,3.662,0.427,7.874,-179.555,-48.027,148.705
3181,0.7554,0.0376,-0.6758,4.700,0.854,7.019,-179.467,-48.032,148.601
3191,0.7578,0.0376,-0.6777,5.432,1.343,5.859,-179.385,-48.049,148.513
3202,0.7603,0.0386,-0.6782,5.493,1.282,4.333,-179.319,-48.065,148.447
3211,0.7622,0.0386,-0.6821,5.188,1.099,2.441,-179.280,-48.076,148.409
3221,0.7651,0.0376,-0.6812,4.456,0.671,0.244,-179.275,-48.082,148.409
3231,0.7637,0.0396,-0.6777,3.296,0.122,-2.014,-179.302,-48.087,148.436
3241,0.7607,0.0391,-0.6753,2.014,-0.427,-4.089,-179.368,-48.087,148.497
3251,0.7568,0.0386,-0.6733,0.916,-0.916,-5.920,-179.467,-48.082,148.585
3261,0.7524,0.0371,-0.6670,0.488,-1.099,-7.202,-179.577,-48.071,148.694
3271,0.7495,0.0327,-0.6641,0.671,-0.916,-7.996,-179.692,-48.071,148.815
3281,0.7490,0.0288,-0.6616,1.465,-0.549,-8.240,-179.797,-48.071,148.936
3291,0.7500,0.0200,-0.6646,2.502,0.000,-8.057,-179.879,-48.071,149.057
3301,0.7500,0.0122,-0.6631,3.662,0.488,-7.629,-179.940,-48.082,149.172
3311,0.7520,0.0044,-0.6636,4.639,0.916,-7.019,-179.973,-48.098,149.277
3321,0.7534,-0.0029,-0.6670,5.188,1.343,-6.348,-179.747,-48.115,149.376
3331,0.7524,-0.0103,-0.6738,5.371,1.587,-5.737,-179.747,-48.131,149.458
3341,0.7529,-0.0181,-0.6753,5.127,1.648,-5.188,-179.742,-48.148,149.535
3351,0.7554,-0.0225,-0.6772,4.578,1.465,-4.639,-179.731,-48.159,149.606
3361,0.7559,-0.0254,-0.6787,3.906,1.221,-4.150,-179.720,-48.170,149.667
3371,0.7559,-0.0293,-0.6812,3.296,0.854,-3.601,-179.709,-48.181,149.722
3381,0.7539,-0.0293,-0.6787,2.686,0.488,-2.930,-179.692,-48.181,149.766
3391,0.7544,-0.0293,-0.6787,2.197,0.061,-2.258,-179.670,-48.181,149.799
3401,0.7534,-0.0312,-0.6777,1.831,-0.305,-1.526,-179.648,-48.175,149.821
3411,0.7520,-0.0303,-0.6772,1.465,-0.427,-0.732,-179.621,-48.170,149.832
3421,0.7476,-0.0293,-0.6748,1.099,-0.305,0.122,-179.588,-48.164,149.832
3431,0.7480,-0.0278,-0.6738,0.793,0.000,0.977,-179.550,-48.164,149.815
3441,0.7485,-0.0234,-0.6758,0.610,0.305,1.892,-179.506,-48.164,149.788
3451,0.7485,-0.0190,-0.6792,0.610,0.610,2.686,-179.456,-48.164,149.749
3461,0.7510,-0.0176,-0.6802,0.671,0.732,3.418,-179.407,-48.170,149.700
3471,0.7520,-0.0151,-0.6812,0.549,0.610,3.967,-179.346,-48.170,149.639
3481,0.7510,-0.0127,-0.6816,0.244,0.366,4.333,-179.291,-48.170,149.573
3491,0.7554,-0.0107,-0.6792,-0.305,-0.061,4.395,-179.247,-48.170,149.507
3501,0.7544,-0.0088,-0.6763,-1.099,-0.549,4.272,-179.209,-48.159,149.442
3511,0.7529,-0.0054,-0.6772,-1.831,-0.977,4.089,-179.187,-48.148,149.381
3521,0.7520,-0.0010,-0.6738,-2.380,-1.160,4.028,-179.171,-48.137,149.321
3531,0.7510,0.0015,-0.6714,-2.686,-1.221,3.967,179.874,-48.126,149.260
3541,0.7515,0.0063,-0.6685,-2.563,-1.099,4.089,179.890,-48.120,149.200
3551,0.7500,0.0078,-0.6689,-2.075,-0.916,4.211,179.907,-48.109,149.139
3561,0.7515,0.0083,-0.6694,-1.465,-0.610,4.333,179.934,-48.104,149.073
3571,0.7529,0.0063,-0.6709,-0.977,-0.244,4.333,179.967,-48.104,149.008
3581,0.7563,0.0054,-0.6709,-0.671,0.000,4.272,-179.995,-48.109,148.942
3591,0.7544,0.0083,-0.6729,-0.549,0.244,4.089,-179.962,-48.115,148.881
3601,0.7554,0.0122,-0.6704,-0.488,0.427,3.723,-179.940,-48.120,148.826
3611,0.7554,0.0132,-0.6733,-0.305,0.366,3.357,-179.912,-48.126,148.777
3621,0.7559,0.0127,-0.6768,-0.061,0.305,2.808,-179.896,-48.131,148.733
3631,0.7554,0.0098,-0.6768,0.122,0.183,2.319,-179.879,-48.131,148.700
3641,0.7539,0.0054,-0.6763,0.183,0.122,1.831,-179.863,-48.131,148.672
3651,0.7529,0.0024,-0.6753,0.000,-0.061,1.282,-179.852,-48.131,148.651
3661,0.7515,-0.0005,-0.6768,-0.366,-0.244,0.793,-179.956,-48.126,148.640
3671,0.7515,-0.0049,-0.6768,-0.854,-0.488,0.427,-179.956,-48.120,148.634
3681,0.7534,-0.0093,-0.6729,-1.282,-0.610,0.244,-179.956,-48.115,148.634
3691,0.7515,-0.0122,-0.6748,-1.587,-0.732,0.305,-179.962,-48.109,148.629
3702,0.7515,-0.0176,-0.6719,-1.892,-0.854,0.488,-179.962,-48.104,148.618
3711,0.7515,-0.0220,-0.6709,-2.197,-0.916,0.854,-179.956,-48.093,148.607
3721,0.7500,-0.0269,-0.6719,-2.563,-1.038,1.465,-179.940,-48.082,148.585
3731,0.7510,-0.0303,-0.6704,-2.930,-1.038,2.258,-179.918,-48.076,148.552
3741,0.7505,-0.0298,-0.6675,-2.991,-0.977,3.296,-179.890,-48.071,148.502
3751,0.7505,-0.0337,-0.6709,-2.930,-0.793,4.333,-179.841,-48.060,148.436
3761,0.7500,-0.0356,-0.6699,-2.869,-0.549,5.493,-179.780,-48.060,148.354
3771,0.7510,-0.0391,-0.6714,-2.930,-0.305,6.592,-179.703,-48.054,148.255
3781,0.7495,-0.0405,-0.6729,-3.235,-0.061,7.690,-179.621,-48.054,148.140
3791,0.7505,-0.0410,-0.6719,-3.723,0.000,8.728,-179.533,-48.054,148.008
3801,0.7495,-0.0396,-0.6738,-4.211,0.122,9.827,-179.434,-48.054,147.865
3811,0.7500,-0.0386,-0.6743,-4.456,0.183,10.925,-179.330,-48.054,147.700
3821,0.7495,-0.0356,-0.6787,-4.395,0.244,11.841,-179.220,-48.054,147.524
3831,0.7520,-0.0342,-0.6812,-4.150,0.427,12.634,-179.105,-48.054,147.332
3841,0.7524,-0.0303,-0.6841,-4.089,0.427,13.184,-178.984,-48.054,147.134
3851,0.7524,-0.0254,-0.6846,-4.272,0.427,13.489,-178.863,-48.049,146.937
3861,0.7505,-0.0210,-0.6826,-4.700,0.122,13.550,-178.753,-48.043,146.733
3871,0.7476,-0.0122,-0.6855,-4.944,-0.305,13.672,-178.654,-48.032,146.525
3881,0.7466,-0.0034,-0.6836,-4.517,-0.549,13.733,-178.561,-48.021,146.321
3891,0.7451,0.0049,-0.6816,-3.540,-0.610,13.611,179.588,-48.005,146.118
3901,0.7446,0.0127,-0.6792,-2.197,-0.549,13.428,179.709,-47.999,145.920
3911,0.7451,0.0151,-0.6812,-0.793,-0.366,12.939,179.830,-47.988,145.723
3921,0.7451,0.0181,-0.6846,0.122,-0.183,12.085,179.951,-47.983,145.547
3931,0.7446,0.0215,-0.6826,0.488,0.000,10.742,-179.945,-47.977,145.382
3941,0.7476,0.0239,-0.6816,0.549,-0.061,9.155,-179.857,-47.972,145.245
3951,0.7495,0.0205,-0.6816,0.366,-0.122,7.385,-179.791,-47.972,145.135
3961,0.7515,0.0215,-0.6816,0.000,-0.183,5.493,-179.753,-47.966,145.052
3971,0.7505,0.0181,-0.6807,-0.488,-0.305,3.540,-179.736,-47.961,145.003
3981,0.7495,0.0161,-0.6772,-1.099,-0.427,1.648,-179.742,-47.955,144.976
3991,0.7466,0.0195,-0.6724,-1.465,-0.427,0.000,-179.780,-47.950,144.976
4001,0.7480,0.0171,-0.6763,-1.282,-0.244,-1.404,-179.824,-47.950,144.998
4011,0.7476,0.0132,-0.6709,-0.610,0.061,-2.441,-179.868,-47.950,145.036
4021,0.7480,0.0078,-0.6724,0.244,0.366,-3.296,-179.912,-47.955,145.085
4031,0.7466,0.0029,-0.6704,0.916,0.549,-4.089,-179.951,-47.966,145.146
4041,0.7490,0.0005,-0.6694,1.282,0.671,-4.639,-179.989,-47.972,145.212
4051,0.7500,-0.0010,-0.6694,1.404,0.854,-5.005,-179.912,-47.983,145.289
4061,0.7529,-0.0015,-0.6699,1.770,1.038,-5.310,-179.956,-47.999,145.366
4071,0.7539,-0.0034,-0.6748,2.563,1.282,-5.554,-179.989,-48.010,145.453
4081,0.7549,-0.0049,-0.6753,3.540,1.465,-5.798,179.989,-48.027,145.536
4091,0.7539,-0.0073,-0.6714,4.333,1.404,-6.104,179.973,-48.043,145.629
4101,0.7568,-0.0098,-0.6738,4.944,1.038,-6.287,179.956,-48.060,145.723
4111,0.7598,-0.0078,-0.6772,5.432,0.916,-6.531,179.945,-48.071,145.822
4121,0.7593,-0.0098,-0.6782,5.676,0.854,-6.958,179.934,-48.082,145.926
4131,0.7573,-0.0112,-0.6777,5.676,0.916,-7.507,179.918,-48.093,146.036
4141,0.7563,-0.0137,-0.6772,5.249,0.793,-8.118,179.896,-48.098,146.157
4151,0.7559,-0.0107,-0.6733,4.822,0.549,-8.667,179.857,-48.104,146.288
4161,0.7544,-0.0059,-0.6719,4.700,0.305,-9.033,179.808,-48.109,146.426
4171,0.7563,-0.0088,-0.6743,5.127,0.366,-9.338,179.769,-48.115,146.563
4181,0.7544,-0.0088,-0.6738,5.615,0.427,-9.460,179.725,-48.120,146.706
4191,0.7544,-0.0142,-0.6714,5.859,0.488,-9.705,179.692,-48.126,146.849
4202,0.7539,-0.0156,-0.6748,5.676,0.427,-9.888,179.654,-48.131,146.997
4211,0.7549,-0.0161,-0.6729,5.127,0.366,-10.193,179.610,-48.137,147.151
4221,0.7559,-0.0151,-0.6709,4.639,0.305,-10.254,179.561,-48.142,147.305
4231,0.7568,-0.0156,-0.6719,4.578,0.366,-10.376,179.511,-48.148,147.464
4241,0.7544,-0.0176,-0.6694,4.639,0.366,-10.193,179.462,-48.153,147.612
4251,0.7554,-0.0166,-0.6724,5.005,0.305,-9.949,179.423,-48.159,147.761
4261,0.7573,-0.0176,-0.6699,5.371,0.244,-9.583,179.390,-48.164,147.909
4271,0.7568,-0.0176,-0.6694,5.615,0.305,-9.399,179.363,-48.170,148.046
4281,0.7573,-0.0156,-0.6685,5.676,0.366,-9.338,179.335,-48.175,148.189
4291,0.7534,-0.0166,-0.6670,5.432,0.244,-9.277,179.308,-48.175,148.326
4301,0.7554,-0.0132,-0.6689,5.249,0.122,-9.216,179.275,-48.181,148.464
4311,0.7559,-0.0112,-0.6709,5.249,0.183,-9.155,179.242,-48.186,148.601
4321,0.7544,-0.0078,-0.6689,5.371,0.427,-9.094,179.209,-48.192,148.738
4331,0.7524,-0.0078,-0.6689,5.554,0.732,-9.033,179.182,-48.197,148.876
4341,0.7500,-0.0054,-0.6680,5.432,0.793,-8.972,179.149,-48.208,149.008
4351,0.7490,-0.0039,-0.6733,5.310,0.671,-9.033,179.110,-48.208,149.145
4361,0.7515,-0.0029,-0.6714,5.310,0.732,-9.033,179.077,-48.214,149.282
4371,0.7490,-0.0054,-0.6699,5.432,1.038,-8.911,179.044,-48.224,149.414
4381,0.7485,-0.0073,-0.6709,5.554,1.404,-8.911,179.017,-48.235,149.551
4391,0.7485,-0.0063,-0.6738,5.371,1.465,-8.850,178.984,-48.246,149.683
4401,0.7520,-0.0059,-0.6758,5.310,1.343,-8.728,178.956,-48.257,149.815
4411,0.7529,-0.0078,-0.6748,5.310,1.160,-8.423,178.934,-48.268,149.941
4421,0.7520,-0.0073,-0.6763,5.371,1.038,-8.118,178.912,-48.274,150.062
4431,0.7534,-0.0093,-0.6772,5.676,0.854,-7.874,178.901,-48.279,150.183
4441,0.7539,-0.0142,-0.6758,5.798,0.549,-7.629,178.896,-48.279,150.298
4451,0.7534,-0.0156,-0.6714,5.676,0.244,-7.446,178.890,-48.279,150.408
4461,0.7549,-0.0225,-0.6738,5.249,0.061,-7.263,178.896,-48.279,150.518
4471,0.7568,-0.0239,-0.6709,4.639,-0.061,-7.080,178.890,-48.279,150.623
4481,0.7563,-0.0259,-0.6694,3.967,0.183,-6.897,178.890,-48.279,150.727
4491,0.7568,-0.0283,-0.6685,3.113,0.305,-6.470,178.885,-48.285,150.826
4501,0.7583,-0.0283,-0.6685,2.319,0.488,-5.920,178.874,-48.290,150.914
4511,0.7598,-0.0259,-0.6685,1.648,0.549,-5.188,178.868,-48.301,150.991
4521,0.7568,-0.0244,-0.6685,1.282,0.671,-4.395,178.863,-48.307,151.057
4531,0.7549,-0.0229,-0.6660,1.221,0.610,-3.418,178.868,-48.318,151.111
4541,0.7529,-0.0195,-0.6680,1.282,0.549,-2.380,178.885,-48.323,151.144
4551,0.7534,-0.0186,-0.6680,1.587,0.488,-1.221,178.912,-48.329,151.166
4561,0.7505,-0.0186,-0.6694,2.014,0.671,-0.122,178.956,-48.334,151.166
4571,0.7495,-0.0186,-0.6724,2.502,0.793,0.854,179.017,-48.340,151.155
4581,0.7505,-0.0190,-0.6733,2.991,1.038,1.587,179.094,-48.351,151.128
4591,0.7515,-0.0220,-0.6748,2.991,1.038,2.197,179.171,-48.356,151.095
4601,0.7544,-0.0215,-0.6758,2.808,1.038,2.625,179.258,-48.367,151.057
4611,0.7568,-0.0210,-0.6758,2.197,0.854,2.869,179.335,-48.373,151.013
4621,0.7578,-0.0215,-0.6777,1.526,0.610,3.052,179.407,-48.378,150.969
4631,0.7598,-0.0200,-0.6753,0.793,0.244,3.113,179.473,-48.378,150.925
4641,0.7573,-0.0210,-0.6743,0.061,-0.122,3.174,179.533,-48.378,150.875
4651,0.7563,-0.0205,-0.6724,-0.610,-0.549,3.357,179.588,-48.373,150.826
4661,0.7563,-0.0200,-0.6694,-1.160,-0.793,3.662,179.637,-48.367,150.771
4671,0.7544,-0.0186,-0.6689,-1.343,-0.916,4.089,179.687,-48.356,150.705
4681,0.7510,-0.0166,-0.6650,-1.404,-0.671,4.639,179.742,-48.356,150.639
4691,0.7480,-0.0156,-0.6631,-1.343,-0.427,5.127,179.802,-48.351,150.562
4702,0.7500,-0.0122,-0.6655,-1.160,-0.183,5.798,179.868,-48.351,150.474
4711,0.7524,-0.0083,-0.6655,-0.610,0.122,6.348,179.945,-48.351,150.375
4721,0.7529,-0.0068,-0.6641,0.000,0.427,6.897,-179.973,-48.362,150.271
4731,0.7568,-0.0093,-0.6665,0.671,0.671,7.324,-179.879,-48.367,150.161
4742,0.7583,-0.0068,-0.6694,1.343,0.671,7.629,-179.775,-48.378,150.046
4752,0.7573,-0.0078,-0.6714,1.770,0.610,7.751,-179.665,-48.384,149.930
4762,0.7549,-0.0068,-0.6709,2.075,0.549,7.629,-179.561,-48.389,149.815
4772,0.7554,-0.0054,-0.6709,2.075,0.366,7.324,-179.456,-48.395,149.705
4782,0.7568,-0.0049,-0.6724,2.075,0.244,6.897,-179.357,-48.395,149.601
4793,0.7583,-0.0024,-0.6724,1.953,0.244,6.287,-179.275,-48.395,149.507
4802,0.7573,-0.0039,-0.6733,1.709,0.244,5.554,-179.198,-48.400,149.425
4812,0.7573,-0.0044,-0.6709,1.404,0.122,4.700,-179.138,-48.400,149.354
4822,0.7573,-0.0034,-0.6709,0.916,0.000,3.967,-179.088,-48.400,149.293
4832,0.7588,-0.0054,-0.6699,0.488,-0.061,3.235,-179.055,-48.400,149.244
4842,0.7578,-0.0049,-0.6694,0.183,-0.061,2.625,-179.028,-48.400,149.205
4852,0.7578,-0.0068,-0.6689,-0.061,-0.122,2.075,-179.011,-48.400,149.172
4862,0.7559,-0.0088,-0.6685,-0.244,-0.183,1.648,-178.995,-48.400,149.150
4872,0.7583,-0.0107,-0.6665,-0.244,-0.183,1.465,-178.984,-48.400,149.128
4882,0.7588,-0.0142,-0.6646,0.000,-0.122,1.465,-178.962,-48.400,149.106
4892,0.7583,-0.0151,-0.6641,0.244,0.000,1.465,-178.940,-48.406,149.084
4902,0.7568,-0.0190,-0.6655,0.732,0.061,1.465,-178.912,-48.411,149.062
4912,0.7598,-0.0200,-0.6655,0.977,0.183,1.587,-178.879,-48.417,149.035
4922,0.7588,-0.0234,-0.6670,1.099,0.305,1.648,-178.841,-48.422,149.013
4932,0.7573,-0.0239,-0.6680,1.160,0.305,1.709,-178.802,-48.422,148.986
4942,0.7573,-0.0249,-0.6689,1.038,0.305,1.709,-178.764,-48.428,148.958
4952,0.7568,-0.0244,-0.6675,0.854,0.244,1.648,-178.726,-48.433,148.936
4962,0.7549,-0.0259,-0.6680,0.671,0.122,1.648,-178.693,-48.433,148.909
4972,0.7559,-0.0244,-0.6694,0.488,-0.061,1.648,-178.660,-48.433,148.887
4982,0.7563,-0.0239,-0.6699,0.427,-0.061,1.709,-178.632,-48.433,148.859
4992,0.7573,-0.0229,-0.6699,0.732,-0.122,1.831,-178.599,-48.433,148.832
5002,0.7563,-0.0200,-0.6709,1.160,0.061,1.953,-178.561,-48.433,148.804
5012,0.7563,-0.0190,-0.6709,1.648,0.122,1.892,-178.522,-48.433,148.777
5022,0.7588,-0.0181,-0.6724,2.136,0.183,1.709,-178.478,-48.433,148.749
5032,0.7593,-0.0190,-0.6714,2.380,0.244,1.404,-178.440,-48.439,148.727
5042,0.7607,-0.0195,-0.6719,2.380,0.305,0.793,-178.407,-48.439,148.716
5052,0.7612,-0.0205,-0.6743,1.953,0.183,-0.061,-178.385,-48.444,148.716
5062,0.7617,-0.0244,-0.6743,1.160,0.000,-1.038,-178.380,-48.444,148.733
5072,0.7583,-0.0234,-0.6758,0.000,0.000,-1.892,-178.401,-48.444,148.760
5082,0.7544,-0.0234,-0.6704,-1.099,-0.061,-2.625,-178.434,-48.439,148.799
5092,0.7554,-0.0254,-0.6714,-1.770,-0.122,-3.174,-178.484,-48.439,148.848
5102,0.7573,-0.0337,-0.6724,-2.197,-0.183,-3.479,-178.528,-48.439,148.898
5112,0.7563,-0.0435,-0.6748,-2.808,-0.366,-3.662,-178.577,-48.433,148.958
5122,0.7554,-0.0542,-0.6763,-3.906,-0.549,-3.601,-178.621,-48.428,149.008
5132,0.7554,-0.0640,-0.6738,-5.615,-0.671,-3.540,-178.676,-48.417,149.062
5142,0.7544,-0.0723,-0.6719,-7.507,-0.854,-3.113,-178.742,-48.406,149.112
5152,0.7549,-0.0752,-0.6714,-9.216,-1.099,-2.319,-178.808,-48.395,149.145
5162,0.7549,-0.0786,-0.6733,-10.559,-1.221,-1.099,-178.868,-48.378,149.161
5172,0.7559,-0.0781,-0.6724,-11.353,-1.343,0.610,-178.918,-48.362,149.156
5182,0.7529,-0.0757,-0.6680,-11.475,-1.526,2.869,-178.945,-48.345,149.112
5192,0.7520,-0.0728,-0.6660,-11.047,-1.648,5.432,-178.945,-48.329,149.030
5202,0.7515,-0.0679,-0.6650,-9.949,-1.770,8.118,-178.907,-48.312,148.909
5212,0.7549,-0.0654,-0.6646,-8.667,-1.709,10.681,-178.830,-48.296,148.749
5222,0.7578,-0.0605,-0.6670,-7.324,-1.465,13.000,-178.715,-48.279,148.552
5232,0.7598,-0.0557,-0.6680,-6.592,-1.160,14.709,-178.583,-48.268,148.332
5242,0.7603,-0.0464,-0.6694,-6.409,-0.732,15.991,-178.445,-48.257,148.096
5252,0.7617,-0.0312,-0.6709,-6.470,-0.366,16.724,-178.314,-48.257,147.843
5262,0.7598,-0.0234,-0.6704,-6.531,-0.061,17.090,-178.182,-48.252,147.585
5272,0.7617,-0.0010,-0.6792,-5.798,0.305,16.418,-178.077,-48.252,147.338
5282,0.7627,0.0068,-0.6787,-5.493,0.244,15.381,179.418,-48.246,147.107
5292,0.7603,0.0146,-0.6787,-5.615,0.000,13.977,179.511,-48.252,146.898
5302,0.7578,0.0210,-0.6812,-6.042,-0.427,12.146,179.577,-48.246,146.717
5312,0.7544,0.0254,-0.6816,-6.653,-0.916,10.010,179.604,-48.235,146.563
5322,0.7500,0.0322,-0.6821,-7.202,-1.282,7.690,179.594,-48.214,146.448
5332,0.7471,0.0322,-0.6816,-7.629,-1.526,5.310,179.555,-48.197,146.371
5342,0.7456,0.0376,-0.6772,-7.996,-1.709,3.113,179.484,-48.175,146.321
5352,0.7422,0.0386,-0.6758,-7.996,-1.709,1.221,179.390,-48.153,146.305
5362,0.7412,0.0371,-0.6714,-7.629,-1.587,-0.427,179.286,-48.131,146.310
5372,0.7383,0.0337,-0.6680,-6.836,-1.465,-1.892,179.176,-48.115,146.338
5382,0.7402,0.0303,-0.6675,-5.920,-1.343,-2.991,179.066,-48.098,146.382
5392,0.7378,0.0254,-0.6665,-5.066,-1.038,-3.845,178.962,-48.087,146.442
5402,0.7417,0.0210,-0.6680,-4.089,-0.793,-4.333,178.863,-48.076,146.503
5412,0.7417,0.0166,-0.6670,-3.052,-0.488,-4.639,178.781,-48.071,146.574
5422,0.7451,0.0103,-0.6680,-1.953,-0.122,-4.700,178.715,-48.071,146.646
5432,0.7480,0.0020,-0.6675,-0.732,0.244,-4.700,178.665,-48.071,146.717
5442,0.7500,-0.0059,-0.6719,0.244,0.427,-4.578,-179.500,-48.076,146.783
5452,0.7515,-0.0151,-0.6724,0.793,0.732,-4.517,-179.533,-48.087,146.849
5462,0.7549,-0.0259,-0.6768,0.793,0.793,-4.578,-179.555,-48.093,146.920
5472,0.7563,-0.0322,-0.6772,0.305,0.671,-4.517,-179.583,-48.098,146.986
5482,0.7563,-0.0371,-0.6772,-0.427,0.488,-4.395,-179.604,-48.104,147.052
5492,0.7588,-0.0420,-0.6777,-1.221,0.244,-4.028,-179.632,-48.109,147.112
5502,0.7563,-0.0420,-0.6738,-1.831,0.122,-3.601,-179.659,-48.115,147.167
5512,0.7529,-0.0420,-0.6772,-2.258,-0.122,-2.991,-179.681,-48.109,147.211
5522,0.7510,-0.0391,-0.6743,-2.380,-0.305,-2.014,-179.698,-48.109,147.244
5532,0.7466,-0.0337,-0.6758,-2.075,-0.305,-0.793,-179.698,-48.104,147.255
5542,0.7451,-0.0283,-0.6719,-1.282,-0.244,0.427,-179.687,-48.098,147.250
5552,0.7446,-0.0249,-0.6758,-0.183,0.000,1.648,-179.654,-48.093,147.222
5562,0.7456,-0.0220,-0.6792,0.916,0.244,2.625,-179.599,-48.093,147.184
5572,0.7480,-0.0190,-0.6787,1.770,0.549,3.235,-179.533,-48.093,147.134
5582,0.7510,-0.0146,-0.6802,2.075,0.732,3.357,-179.467,-48.098,147.085
5592,0.7500,-0.0127,-0.6812,1.953,0.854,3.052,-179.412,-48.104,147.041
5602,0.7480,-0.0083,-0.6836,1.404,0.793,2.441,-179.368,-48.104,147.003
5612,0.7485,-0.0024,-0.6836,0.793,0.671,1.648,-179.346,-48.109,146.975
5622,0.7485,-0.0010,-0.6831,0.122,0.366,0.732,-179.341,-48.104,146.964
5632,0.7490,0.0010,-0.6787,-0.366,-0.122,-0.061,179.912,-48.104,146.970
5642,0.7490,0.0024,-0.6787,-0.610,-0.610,-0.671,179.901,-48.093,146.975
5652,0.7505,-0.0024,-0.6753,-0.488,-1.038,-1.099,-179.791,-48.082,146.992
5662,0.7529,-0.0059,-0.6724,-0.366,-1.282,-1.465,-179.808,-48.071,147.014
5672,0.7524,-0.0137,-0.6699,-0.427,-1.404,-1.709,-179.819,-48.060,147.041
5682,0.7539,-0.0186,-0.6685,-0.793,-1.282,-1.892,-179.835,-48.049,147.068
5692,0.7510,-0.0195,-0.6685,-1.160,-0.916,-1.770,-179.852,-48.043,147.096
5703,0.7524,-0.0181,-0.6655,-1.221,-0.427,-1.404,-179.863,-48.043,147.118
5712,0.7520,-0.0186,-0.6665,-0.977,0.183,-0.977,-179.868,-48.049,147.134
5722,0.7495,-0.0205,-0.6685,-0.305,0.732,-0.366,-179.863,-48.060,147.140
5732,0.7520,-0.0195,-0.6694,0.427,1.160,0.183,-179.841,-48.076,147.134
5742,0.7524,-0.0181,-0.6743,0.977,1.404,0.732,-179.808,-48.087,147.123
5752,0.7534,-0.0225,-0.6787,1.160,1.404,0.977,-179.769,-48.104,147.107
5762,0.7539,-0.0181,-0.6782,0.854,1.221,0.977,-179.736,-48.115,147.096
5772,0.7524,-0.0176,-0.6802,0.427,0.916,0.916,-179.709,-48.120,147.079
5782,0.7520,-0.0146,-0.6802,-0.061,0.549,0.732,-179.692,-48.120,147.068
5792,0.7490,-0.0132,-0.6831,-0.305,0.183,0.488,-179.681,-48.120,147.063
5802,0.7490,-0.0088,-0.6797,-0.305,-0.122,0.305,-179.676,-48.115,147.057
5812,0.7490,-0.0083,-0.6797,-0.183,-0.366,0.122,-179.676,-48.109,147.057
5822,0.7471,-0.0093,-0.6768,0.000,-0.488,0.061,-179.670,-48.098,147.057
5832,0.7480,-0.0098,-0.6772,0.183,-0.488,-0.122,-179.665,-48.093,147.057
5842,0.7485,-0.0107,-0.6763,0.366,-0.427,-0.244,-179.659,-48.087,147.063
5852,0.7480,-0.0122,-0.6733,0.366,-0.305,-0.488,-179.654,-48.082,147.068
5862,0.7485,-0.0132,-0.6733,0.244,-0.122,-0.671,-179.648,-48.082,147.079
5872,0.7524,-0.0127,-0.6743,0.000,-0.061,-0.854,-179.648,-48.082,147.090
5882,0.7529,-0.0127,-0.6748,-0.183,0.061,-0.916,-179.654,-48.082,147.107
5892,0.7544,-0.0127,-0.6733,-0.183,0.061,-0.977,-179.659,-48.087,147.118
5902,0.7549,-0.0132,-0.6699,-0.061,0.000,-0.977,-179.665,-48.087,147.134
5912,0.7524,-0.0117,-0.6689,0.122,0.000,-0.854,-179.665,-48.093,147.145
5922,0.7524,-0.0132,-0.6724,0.244,-0.061,-0.732,-179.665,-48.093,147.156
5932,0.7505,-0.0156,-0.6714,0.427,0.000,-0.671,-179.659,-48.093,147.167
5942,0.7524,-0.0181,-0.6729,0.366,0.061,-0.610,-179.648,-48.093,147.178
5952,0.7510,-0.0161,-0.6733,0.183,0.244,-0.610,-179.643,-48.098,147.184
5962,0.7495,-0.0186,-0.6733,-0.122,0.366,-0.549,-179.637,-48.104,147.195
5972,0.7515,-0.0195,-0.6763,-0.305,0.427,-0.366,-179.632,-48.104,147.200
5982,0.7515,-0.0176,-0.6777,-0.305,0.366,-0.183,-179.626,-48.109,147.200
5992,0.7515,-0.0200,-0.6763,-0.305,0.244,0.122,-179.615,-48.109,147.200
6002,0.7534,-0.0190,-0.6748,-0.122,0.122,0.488,-179.599,-48.109,147.195
6012,0.7505,-0.0181,-0.6763,0.061,0.000,0.854,-179.577,-48.109,147.178
6022,0.7500,-0.0156,-0.6763,0.427,-0.061,1.160,-179.550,-48.109,147.162
6032,0.7500,-0.0166,-0.6772,0.671,0.000,1.343,-179.517,-48.104,147.140
6042,0.7505,-0.0146,-0.6763,0.854,0.061,1.465,-179.489,-48.104,147.118
6052,0.7515,-0.0166,-0.6758,0.793,0.122,1.404,-179.456,-48.104,147.101
6062,0.7529,-0.0156,-0.6768,0.610,0.183,1.282,-179.429,-48.104,147.079
6072,0.7554,-0.0176,-0.6753,0.244,0.183,1.099,-179.401,-48.109,147.063
6082,0.7554,-0.0151,-0.6748,-0.122,0.122,0.854,-179.385,-48.109,147.052
6092,0.7563,-0.0151,-0.6763,-0.427,0.000,0.671,-179.379,-48.109,147.041
6102,0.7529,-0.0122,-0.6724,-0.549,-0.122,0.549,-179.374,-48.109,147.030
6112,0.7510,-0.0107,-0.6724,-0.488,-0.244,0.549,-179.368,-48.109,147.025
6122,0.7510,-0.0112,-0.6709,-0.244,-0.244,0.549,-179.363,-48.109,147.019
6132,0.7495,-0.0107,-0.6714,0.000,-0.244,0.488,-179.352,-48.104,147.008
6142,0.7495,-0.0117,-0.6719,0.244,-0.122,0.549,-179.341,-48.104,147.003
6152,0.7505,-0.0107,-0.6733,0.366,0.061,0.488,-179.330,-48.104,146.992
6162,0.7544,-0.0137,-0.6738,0.366,0.183,0.488,-179.313,-48.109,146.986
6172,0.7529,-0.0151,-0.6772,0.305,0.305,0.305,-179.302,-48.109,146.981
6182,0.7549,-0.0181,-0.6758,0.183,0.244,0.122,-179.291,-48.115,146.981
6192,0.7554,-0.0181,-0.6777,0.061,0.122,0.000,-179.286,-48.115,146.981
6203,0.7539,-0.0186,-0.6768,-0.244,-0.061,-0.061,-179.280,-48.115,146.981
6212,0.7534,-0.0190,-0.6743,-0.427,-0.244,-0.061,-179.275,-48.115,146.981
6222,0.7520,-0.0186,-0.6733,-0.488,-0.366,0.000,-179.269,-48.109,146.981
6232,0.7520,-0.0161,-0.6733,-0.427,-0.305,0.122,-179.264,-48.109,146.981
6242,0.7510,-0.0156,-0.6724,-0.122,-0.244,0.366,-179.258,-48.104,146.975
6252,0.7520,-0.0151,-0.6724,0.183,-0.061,0.549,-179.242,-48.104,146.964
6262,0.7495,-0.0137,-0.6748,0.549,0.183,0.671,-179.225,-48.104,146.959
6272,0.7500,-0.0142,-0.6743,0.793,0.366,0.671,-179.209,-48.109,146.948
6282,0.7505,-0.0151,-0.6753,0.793,0.488,0.610,-179.187,-48.115,146.937
6292,0.7505,-0.0146,-0.6768,0.671,0.488,0.427,-179.171,-48.115,146.931
6302,0.7524,-0.0137,-0.6772,0.305,0.366,0.122,-179.165,-48.120,146.926
6312,0.7515,-0.0161,-0.6768,0.000,0.183,-0.061,-179.160,-48.120,146.931
6322,0.7510,-0.0132,-0.6768,-0.183,-0.122,-0.183,-179.160,-48.115,146.931
6332,0.7524,-0.0137,-0.6733,-0.183,-0.244,-0.244,-179.160,-48.115,146.937
6342,0.7520,-0.0117,-0.6733,0.122,-0.366,-0.244,-179.160,-48.109,146.942
6352,0.7515,-0.0122,-0.6724,0.427,-0.366,-0.183,-179.160,-48.109,146.942
6362,0.7510,-0.0142,-0.6738,0.671,-0.305,-0.244,-179.149,-48.104,146.948
6372,0.7510,-0.0171,-0.6729,0.854,-0.183,-0.244,-179.138,-48.104,146.948
6382,0.7510,-0.0195,-0.6743,0.793,0.122,-0.366,-179.127,-48.104,146.953
6392,0.7515,-0.0171,-0.6729,0.610,0.366,-0.427,-179.121,-48.109,146.964
6402,0.7520,-0.0190,-0.6743,0.366,0.488,-0.488,-179.116,-48.115,146.970
6412,0.7495,-0.0190,-0.6748,0.183,0.488,-0.488,-179.110,-48.120,146.975
6422,0.7534,-0.0181,-0.6768,0.122,0.427,-0.427,-179.105,-48.120,146.981
6432,0.7529,-0.0176,-0.6743,0.183,0.305,-0.366,-179.105,-48.126,146.986
6442,0.7524,-0.0176,-0.6772,0.183,0.122,-0.244,-179.099,-48.126,146.992
6452,0.7505,-0.0186,-0.6748,0.122,0.000,-0.061,-179.088,-48.126,146.992
6462,0.7510,-0.0190,-0.6758,0.122,-0.183,0.122,-179.083,-48.120,146.992
6472,0.7529,-0.0181,-0.6729,0.183,-0.244,0.244,-179.072,-48.120,146.986
6482,0.7510,-0.0181,-0.6719,0.183,-0.183,0.366,-179.061,-48.120,146.981
6492,0.7505,-0.0210,-0.6753,0.244,-0.061,0.427,-179.044,-48.115,146.975
6502,0.7510,-0.0200,-0.6748,0.305,0.061,0.488,-179.028,-48.115,146.970
6512,0.7529,-0.0190,-0.6743,0.244,0.061,0.488,-179.011,-48.120,146.959
6522,0.7534,-0.0176,-0.6743,0.305,0.122,0.427,-179.000,-48.120,146.953
6532,0.7529,-0.0176,-0.6763,0.366,0.244,0.366,-178.989,-48.120,146.948
6542,0.7515,-0.0161,-0.6743,0.305,0.244,0.305,-178.978,-48.126,146.942
6552,0.7490,-0.0127,-0.6724,0.244,0.244,0.244,-178.973,-48.126,146.942
6562,0.7500,-0.0142,-0.6733,0.183,0.122,0.244,-178.967,-48.126,146.937
6572,0.7495,-0.0137,-0.6743,0.244,0.061,0.122,-178.962,-48.126,146.937
6582,0.7520,-0.0171,-0.6743,0.305,0.000,0.000,-178.951,-48.126,146.937
6592,0.7524,-0.0166,-0.6743,0.305,-0.061,0.000,-178.945,-48.126,146.937
6602,0.7510,-0.0195,-0.6758,0.183,0.000,-0.061,-178.940,-48.126,146.937
6612,0.7524,-0.0215,-0.6738,-0.061,-0.122,-0.122,-178.934,-48.126,146.937
6622,0.7539,-0.0220,-0.6738,-0.244,-0.061,-0.183,-178.929,-48.126,146.942
6632,0.7515,-0.0220,-0.6729,-0.366,0.000,-0.183,-178.929,-48.126,146.942
6642,0.7524,-0.0195,-0.6758,-0.366,0.061,-0.183,-178.929,-48.126,146.948
6652,0.7534,-0.0190,-0.6724,-0.305,0.000,-0.122,-178.929,-48.126,146.948
6662,0.7529,-0.0151,-0.6729,-0.122,0.000,0.000,-178.923,-48.126,146.948
6672,0.7529,-0.0156,-0.6724,0.183,0.061,0.183,-178.918,-48.126,146.942
6682,0.7500,-0.0181,-0.6724,0.488,0.061,0.183,-178.907,-48.131,146.942
6692,0.7495,-0.0171,-0.6733,0.610,0.183,0.183,-178.896,-48.131,146.937
6703,0.7500,-0.0156,-0.6753,0.610,0.183,0.061,-178.885,-48.131,146.937
6712,0.7510,-0.0156,-0.6733,0.305,0.183,-0.122,-178.885,-48.131,146.942
6722,0.7515,-0.0171,-0.6763,-0.061,0.122,-0.305,-178.885,-48.131,146.942
6732,0.7544,-0.0166,-0.6758,-0.305,0.122,-0.488,-178.890,-48.137,146.953
6742,0.7529,-0.0161,-0.6743,-0.305,0.122,-0.610,-178.896,-48.137,146.959
6752,0.7510,-0.0142,-0.6763,-0.244,0.000,-0.610,-178.901,-48.137,146.970
6762,0.7505,-0.0151,-0.6729,-0.061,-0.061,-0.488,-178.907,-48.131,146.975
6772,0.7495,-0.0146,-0.6729,0.244,-0.122,-0.366,-178.907,-48.131,146.981
6782,0.7505,-0.0151,-0.6724,0.488,-0.122,-0.244,-178.901,-48.131,146.986
6794,0.7510,-0.0171,-0.6738,0.610,0.000,-0.183,-178.896,-48.131,146.992
6802,0.7524,-0.0176,-0.6729,0.549,0.122,-0.183,-178.890,-48.131,146.992
6812,0.7539,-0.0190,-0.6763,0.366,0.183,-0.183,-178.885,-48.137,146.997
6822,0.7539,-0.0210,-0.6729,0.183,0.183,-0.183,-178.874,-48.137,146.997
6832,0.7549,-0.0190,-0.6738,0.061,0.183,-0.122,-178.874,-48.142,146.997
6842,0.7529,-0.0171,-0.6733,0.183,0.122,-0.061,-178.868,-48.142,147.003
6852,0.7515,-0.0171,-0.6714,0.305,0.061,0.061,-178.857,-48.142,146.997
6862,0.7510,-0.0171,-0.6719,0.427,0.061,0.183,-178.852,-48.148,146.997
6872,0.7515,-0.0161,-0.6758,0.610,0.061,0.183,-178.841,-48.142,146.992
6882,0.7505,-0.0127,-0.6753,0.732,0.183,0.183,-178.830,-48.148,146.992
6892,0.7505,-0.0137,-0.6753,0.854,0.366,0.061,-178.824,-48.148,146.992
6902,0.7505,-0.0093,-0.6782,0.977,0.549,-0.061,-178.819,-48.153,146.992
6912,0.7480,-0.0103,-0.6797,1.038,0.610,-0.366,-178.813,-48.153,146.997
6922,0.7500,-0.0093,-0.6787,0.977,0.549,-0.610,-178.813,-48.153,147.003
6932,0.7510,-0.0117,-0.6797,0.793,0.427,-0.854,-178.819,-48.159,147.019
6942,0.7515,-0.0146,-0.6797,0.488,0.183,-1.160,-178.824,-48.159,147.036
6952,0.7529,-0.0171,-0.6758,0.366,-0.061,-1.282,-178.835,-48.153,147.052
6962,0.7515,-0.0190,-0.6753,0.244,-0.244,-1.343,-178.841,-48.153,147.074
6972,0.7534,-0.0220,-0.6724,0.183,-0.427,-1.221,-178.846,-48.148,147.090
6982,0.7524,-0.0244,-0.6704,0.244,-0.549,-0.977,-178.846,-48.148,147.107
6992,0.7544,-0.0244,-0.6685,0.427,-0.549,-0.549,-178.835,-48.142,147.118
7002,0.7534,-0.0254,-0.6704,0.671,-0.366,-0.183,-178.824,-48.142,147.118
7012,0.7549,-0.0254,-0.6699,0.916,-0.061,0.183,-178.802,-48.142,147.118
7022,0.7573,-0.0254,-0.6694,1.099,0.183,0.488,-178.775,-48.148,147.107
7032,0.7549,-0.0259,-0.6719,1.038,0.427,0.671,-178.748,-48.153,147.096
7042,0.7539,-0.0234,-0.6733,0.854,0.610,0.732,-178.726,-48.159,147.085
7052,0.7529,-0.0200,-0.6743,0.671,0.732,0.732,-178.704,-48.170,147.074
7062,0.7544,-0.0176,-0.6753,0.488,0.732,0.610,-178.693,-48.175,147.068
7072,0.7534,-0.0161,-0.6768,0.366,0.671,0.427,-178.682,-48.181,147.057
7082,0.7524,-0.0151,-0.6782,0.244,0.427,0.366,-178.676,-48.181,147.052
7092,0.7510,-0.0117,-0.6763,0.061,0.183,0.244,-178.676,-48.181,147.052
7102,0.7520,-0.0137,-0.6743,0.061,-0.061,0.122,-178.676,-48.181,147.047
7112,0.7520,-0.0132,-0.6758,0.061,-0.366,0.000,-178.676,-48.175,147.047
7122,0.7529,-0.0161,-0.6758,0.122,-0.549,-0.122,-178.676,-48.170,147.052
7132,0.7529,-0.0171,-0.6763,0.183,-0.610,-0.244,-178.676,-48.164,147.052
7142,0.7515,-0.0200,-0.6729,0.183,-0.549,-0.305,-178.676,-48.159,147.057
7152,0.7529,-0.0186,-0.6689,0.122,-0.366,-0.427,-178.676,-48.159,147.068
7162,0.7544,-0.0190,-0.6685,0.122,-0.183,-0.488,-178.676,-48.159,147.074
7172,0.7505,-0.0186,-0.6709,0.244,0.061,-0.366,-178.676,-48.159,147.079
7182,0.7510,-0.0171,-0.6729,0.427,0.305,-0.305,-178.676,-48.164,147.085
7192,0.7520,-0.0171,-0.6719,0.549,0.488,-0.244,-178.671,-48.170,147.085
7203,0.7505,-0.0176,-0.6729,0.671,0.610,-0.122,-178.660,-48.175,147.090
7212,0.7520,-0.0181,-0.6748,0.610,0.549,-0.122,-178.654,-48.181,147.090
7222,0.7539,-0.0205,-0.6768,0.488,0.427,-0.061,-178.649,-48.181,147.090
7232,0.7539,-0.0210,-0.6768,0.244,0.122,-0.122,-178.643,-48.181,147.090
7242,0.7529,-0.0229,-0.6753,-0.061,-0.122,-0.122,-178.638,-48.181,147.096
7253,0.7515,-0.0220,-0.6772,-0.366,-0.305,-0.122,-178.638,-48.175,147.096
7263,0.7524,-0.0210,-0.6714,-0.427,-0.366,-0.061,-178.638,-48.175,147.096
7273,0.7515,-0.0190,-0.6733,-0.305,-0.427,0.122,-178.638,-48.170,147.096
7282,0.7510,-0.0210,-0.6724,0.000,-0.305,0.366,-178.632,-48.164,147.090
7293,0.7515,-0.0200,-0.6729,0.366,-0.122,0.549,-178.616,-48.164,147.079
7303,0.7505,-0.0190,-0.6719,0.671,0.061,0.732,-178.599,-48.164,147.068
7313,0.7490,-0.0190,-0.6733,0.793,0.183,0.793,-178.583,-48.164,147.057
7323,0.7505,-0.0190,-0.6768,0.732,0.305,0.732,-178.561,-48.164,147.047
7333,0.7524,-0.0181,-0.6743,0.549,0.366,0.549,-178.550,-48.170,147.041
7343,0.7524,-0.0161,-0.6743,0.183,0.305,0.366,-178.544,-48.170,147.036
7353,0.7529,-0.0161,-0.6748,-0.122,0.122,0.244,-178.544,-48.170,147.030
7363,0.7524,-0.0137,-0.6724,-0.244,-0.061,0.244,-178.550,-48.170,147.025
7373,0.7524,-0.0146,-0.6729,-0.122,-0.122,0.122,-178.550,-48.170,147.025
7383,0.7520,-0.0171,-0.6748,0.061,-0.183,0.061,-178.550,-48.170,147.025
7393,0.7515,-0.0171,-0.6763,0.122,-0.244,0.000,-178.544,-48.164,147.025
7403,0.7520,-0.0156,-0.6753,0.183,-0.122,-0.061,-178.544,-48.164,147.025
7413,0.7524,-0.0176,-0.6729,0.244,0.000,-0.122,-178.544,-48.164,147.025
7423,0.7539,-0.0200,-0.6733,0.305,0.122,-0.183,-178.544,-48.164,147.030
7433,0.7524,-0.0200,-0.6743,0.305,0.183,-0.244,-178.539,-48.164,147.036
7443,0.7515,-0.0229,-0.6733,0.183,0.305,-0.244,-178.533,-48.170,147.036
7453,0.7534,-0.0190,-0.6729,0.000,0.244,-0.244,-178.533,-48.170,147.041
7463,0.7534,-0.0181,-0.6729,-0.122,0.183,-0.183,-178.539,-48.175,147.041
7473,0.7534,-0.0176,-0.6738,-0.122,0.061,-0.183,-178.539,-48.175,147.047
7483,0.7520,-0.0171,-0.6743,-0.122,0.000,-0.122,-178.544,-48.175,147.047
7493,0.7524,-0.0186,-0.6768,-0.183,-0.061,-0.183,-178.544,-48.175,147.052
7503,0.7539,-0.0181,-0.6763,-0.061,-0.061,-0.122,-178.550,-48.170,147.052
7513,0.7524,-0.0166,-0.6743,0.000,-0.061,-0.122,-178.550,-48.170,147.052
7523,0.7515,-0.0166,-0.6719,0.122,0.061,-0.183,-178.550,-48.170,147.057
7533,0.7515,-0.0166,-0.6709,0.183,0.122,-0.183,-178.550,-48.175,147.057
7543,0.7510,-0.0181,-0.6743,0.122,0.122,-0.244,-178.550,-48.175,147.063
7553,0.7539,-0.0171,-0.6729,0.061,0.061,-0.305,-178.555,-48.175,147.068
7563,0.7510,-0.0176,-0.6743,0.061,0.061,-0.427,-178.555,-48.175,147.074
7573,0.7500,-0.0171,-0.6729,0.061,0.122,-0.366,-178.561,-48.175,147.079
7583,0.7500,-0.0181,-0.6724,0.183,0.122,-0.305,-178.561,-48.175,147.085
7593,0.7515,-0.0176,-0.6729,0.244,0.061,-0.366,-178.561,-48.175,147.090
7603,0.7510,-0.0181,-0.6714,0.183,0.061,-0.305,-178.561,-48.181,147.096
7613,0.7515,-0.0210,-0.6753,0.122,0.000,-0.244,-178.561,-48.175,147.096
7623,0.7515,-0.0200,-0.6729,0.122,-0.061,-0.183,-178.561,-48.175,147.101
7633,0.7520,-0.0205,-0.6714,0.061,-0.061,-0.122,-178.555,-48.175,147.101
7642,0.7534,-0.0210,-0.6714,0.061,0.000,0.000,-178.555,-48.175,147.101
7653,0.7539,-0.0234,-0.6733,0.061,0.061,0.061,-178.544,-48.181,147.101
7663,0.7529,-0.0210,-0.6738,0.000,0.061,0.183,-178.539,-48.181,147.101
7673,0.7529,-0.0190,-0.6714,0.061,0.061,0.305,-178.533,-48.181,147.096
7683,0.7524,-0.0186,-0.6733,0.122,0.061,0.427,-178.528,-48.181,147.085
7693,0.7534,-0.0200,-0.6724,0.183,0.122,0.488,-178.517,-48.181,147.079
7703,0.7534,-0.0195,-0.6758,0.244,0.122,0.488,-178.511,-48.181,147.074
7713,0.7520,-0.0186,-0.6753,0.183,0.183,0.427,-178.500,-48.186,147.068
7723,0.7510,-0.0166,-0.6768,0.122,0.305,0.366,-178.495,-48.186,147.063
7733,0.7524,-0.0161,-0.6753,0.000,0.366,0.244,-178.495,-48.186,147.057
7743,0.7520,-0.0151,-0.6758,0.000,0.305,0.183,-178.495,-48.192,147.052
7753,0.7500,-0.0161,-0.6753,0.061,0.244,0.122,-178.495,-48.192,147.052
7763,0.7500,-0.0156,-0.6758,0.061,0.122,0.122,-178.495,-48.192,147.052
7773,0.7520,-0.0186,-0.6738,0.061,-0.122,0.122,-178.489,-48.186,147.047
7783,0.7524,-0.0190,-0.6753,0.061,-0.244,0.061,-178.489,-48.186,147.047
7793,0.7529,-0.0190,-0.6719,0.061,-0.366,0.061,-178.489,-48.181,147.047
7803,0.7534,-0.0190,-0.6724,0.000,-0.366,0.061,-178.484,-48.181,147.047
7813,0.7549,-0.0190,-0.6714,-0.061,-0.366,0.061,-178.484,-48.175,147.047
7823,0.7563,-0.0195,-0.6724,0.000,-0.305,0.061,-178.484,-48.175,147.047
7833,0.7544,-0.0215,-0.6709,0.061,-0.183,0.122,-178.478,-48.175,147.041
7843,0.7529,-0.0220,-0.6704,0.122,0.061,0.183,-178.473,-48.175,147.041
7853,0.7529,-0.0195,-0.6719,0.122,0.183,0.244,-178.467,-48.181,147.036
7863,0.7529,-0.0176,-0.6738,0.183,0.366,0.305,-178.462,-48.181,147.030
7873,0.7515,-0.0181,-0.6733,0.244,0.366,0.366,-178.451,-48.186,147.025
7883,0.7500,-0.0181,-0.6738,0.305,0.427,0.366,-178.445,-48.186,147.019
7893,0.7529,-0.0176,-0.6768,0.366,0.427,0.305,-178.440,-48.192,147.014
7903,0.7539,-0.0171,-0.6738,0.305,0.244,0.244,-178.434,-48.192,147.014
7913,0.7524,-0.0181,-0.6777,0.183,0.122,0.061,-178.434,-48.192,147.014
7923,0.7534,-0.0181,-0.6758,0.000,0.000,-0.122,-178.434,-48.192,147.014
7933,0.7534,-0.0176,-0.6733,-0.061,-0.122,-0.183,-178.440,-48.192,147.014
7943,0.7505,-0.0166,-0.6729,-0.122,-0.183,-0.366,-178.445,-48.192,147.019
7953,0.7495,-0.0166,-0.6738,-0.061,-0.244,-0.427,-178.451,-48.186,147.030
7963,0.7520,-0.0171,-0.6719,0.061,-0.244,-0.488,-178.456,-48.181,147.036
7973,0.7520,-0.0176,-0.6724,0.183,-0.244,-0.427,-178.462,-48.181,147.036
7983,0.7539,-0.0200,-0.6733,0.366,-0.183,-0.427,-178.462,-48.181,147.036
7993,0.7524,-0.0210,-0.6704,0.427,-0.061,-0.427,-178.456,-48.181,147.036
8003,0.7554,-0.0225,-0.6704,0.427,0.000,-0.305,-178.451,-48.181,147.036
8013,0.7549,-0.0234,-0.6714,0.366,0.122,-0.244,-178.445,-48.186,147.036
8023,0.7539,-0.0210,-0.6733,0.244,0.183,-0.183,-178.445,-48.186,147.036
8033,0.7539,-0.0200,-0.6719,0.122,0.244,-0.061,-178.445,-48.192,147.036
8043,0.7520,-0.0186,-0.6714,0.000,0.183,0.000,-178.445,-48.192,147.036
8053,0.7524,-0.0200,-0.6729,-0.061,0.244,0.122,-178.440,-48.197,147.036
8063,0.7520,-0.0210,-0.6738,0.000,0.122,0.366,-178.434,-48.197,147.036
8073,0.7510,-0.0200,-0.6743,0.061,0.000,0.488,-178.429,-48.197,147.036
8083,0.7524,-0.0190,-0.6729,0.122,-0.122,0.549,-178.418,-48.197,147.036
8093,0.7515,-0.0205,-0.6724,0.183,-0.183,0.610,-178.407,-48.192,147.036
8103,0.7520,-0.0229,-0.6743,0.183,-0.183,0.610,-178.396,-48.192,147.036
8113,0.7539,-0.0200,-0.6743,0.061,-0.183,0.488,-178.391,-48.186,147.036
8123,0.7549,-0.0200,-0.6753,-0.122,-0.122,0.366,-178.385,-48.186,147.036
8133,0.7549,-0.0200,-0.6743,-0.305,-0.183,0.183,-178.385,-48.186,147.036
8143,0.7524,-0.0186,-0.6763,-0.305,-0.122,0.061,-178.391,-48.181,147.036
8153,0.7539,-0.0166,-0.6719,-0.244,-0.122,0.000,-178.396,-48.181,147.036
8163,0.7534,-0.0171,-0.6714,-0.061,-0.183,-0.061,-178.396,-48.181,147.036
8173,0.7490,-0.0186,-0.6733,0.000,-0.122,-0.122,-178.396,-48.181,147.036
8183,0.7480,-0.0171,-0.6729,-0.183,-0.122,-0.183,-178.401,-48.175,147.036
8193,0.7490,-0.0205,-0.6709,-0.305,-0.061,-0.244,-178.407,-48.175,147.036
8204,0.7495,-0.0205,-0.6719,-0.549,-0.061,-0.183,-178.412,-48.175,147.036
8213,0.7505,-0.0215,-0.6738,-0.671,-0.061,-0.183,-178.418,-48.175,147.036
8223,0.7524,-0.0200,-0.6733,-0.793,-0.183,0.000,-178.423,-48.170,147.036
8233,0.7510,-0.0200,-0.6714,-0.732,-0.305,0.305,-178.429,-48.170,147.036
8243,0.7485,-0.0166,-0.6704,-0.549,-0.366,0.671,-178.429,-48.164,147.036
8253,0.7476,-0.0181,-0.6709,-0.122,-0.244,1.038,-178.418,-48.159,147.019
8263,0.7480,-0.0161,-0.6694,0.305,-0.244,1.282,-178.401,-48.159,147.003
8273,0.7510,-0.0176,-0.6719,0.732,-0.122,1.404,-178.380,-48.159,146.981
8283,0.7524,-0.0205,-0.6714,0.977,0.000,1.465,-178.352,-48.159,146.959
8293,0.7539,-0.0249,-0.6748,1.160,0.183,1.465,-178.325,-48.159,146.937
8303,0.7573,-0.0259,-0.6743,1.038,0.305,1.221,-178.292,-48.164,146.915
8313,0.7563,-0.0283,-0.6738,0.610,0.305,0.977,-178.270,-48.170,146.904
8323,0.7544,-0.0298,-0.6743,0.244,0.244,0.793,-178.248,-48.170,146.893
8333,0.7534,-0.0317,-0.6758,-0.183,0.061,0.793,-178.231,-48.170,146.876
8343,0.7524,-0.0332,-0.6743,-0.671,-0.244,0.916,-178.220,-48.164,146.865
8353,0.7505,-0.0312,-0.6748,-1.099,-0.488,1.282,-178.209,-48.159,146.843
8363,0.7505,-0.0303,-0.6738,-1.343,-0.610,1.709,-178.193,-48.153,146.821
8373,0.7480,-0.0259,-0.6733,-1.343,-0.610,2.197,-178.182,-48.142,146.788
8383,0.7461,-0.0215,-0.6724,-1.160,-0.610,2.808,-178.160,-48.137,146.744
8393,0.7441,-0.0156,-0.6704,-0.610,-0.488,3.357,-178.132,-48.126,146.695
8403,0.7466,-0.0122,-0.6694,0.305,-0.244,3.906,-178.094,-48.126,146.640
8413,0.7456,-0.0127,-0.6748,1.465,0.122,4.211,-178.044,-48.120,146.574
8423,0.7485,-0.0122,-0.6763,2.380,0.427,4.272,-177.984,-48.120,146.508
8433,0.7505,-0.0132,-0.6777,2.747,0.671,3.906,-177.918,-48.126,146.453
8443,0.7529,-0.0156,-0.6792,2.380,0.793,3.296,-177.869,-48.131,146.404
8453,0.7563,-0.0190,-0.6802,1.526,0.610,2.441,-177.830,-48.137,146.365
8463,0.7578,-0.0195,-0.6802,0.793,0.305,1.587,-177.808,-48.137,146.343
8473,0.7559,-0.0200,-0.6777,0.183,-0.061,0.793,-177.803,-48.137,146.327
8483,0.7563,-0.0220,-0.6743,-0.305,-0.549,0.244,-177.808,-48.131,146.327
8493,0.7539,-0.0225,-0.6748,-0.610,-1.099,-0.061,-177.819,-48.120,146.327
8503,0.7520,-0.0264,-0.6719,-0.671,-1.465,-0.061,-177.825,-48.109,146.327
8513,0.7515,-0.0283,-0.6670,-0.488,-1.526,0.183,-177.825,-48.093,146.327
8523,0.7524,-0.0283,-0.6660,-0.061,-1.160,0.549,-177.819,-48.087,146.321
8533,0.7520,-0.0298,-0.6660,0.549,-0.610,1.038,-177.797,-48.087,146.305
8543,0.7495,-0.0308,-0.6655,1.038,0.122,1.465,-177.770,-48.087,146.283
8553,0.7480,-0.0298,-0.6709,1.404,0.671,1.831,-177.731,-48.093,146.255
8563,0.7471,-0.0273,-0.6714,1.648,1.038,2.136,-177.687,-48.104,146.223
8573,0.7490,-0.0264,-0.6758,1.892,1.282,2.258,-177.643,-48.115,146.190
8583,0.7500,-0.0273,-0.6763,1.953,1.404,2.258,-177.599,-48.126,146.151
8593,0.7495,-0.0293,-0.6792,1.709,1.343,2.136,-177.561,-48.137,146.118
8603,0.7490,-0.0308,-0.6802,1.282,1.099,1.953,-177.523,-48.142,146.091
8613,0.7505,-0.0298,-0.6797,0.793,0.610,1.709,-177.495,-48.142,146.063
8623,0.7485,-0.0327,-0.6816,0.305,0.122,1.587,-177.473,-48.137,146.041
8633,0.7471,-0.0347,-0.6812,0.061,-0.244,1.465,-177.451,-48.131,146.019
8643,0.7456,-0.0347,-0.6772,-0.122,-0.427,1.404,-177.435,-48.120,145.997
8653,0.7471,-0.0371,-0.6772,-0.183,-0.610,1.587,-177.413,-48.109,145.975
8663,0.7485,-0.0396,-0.6743,0.000,-0.671,1.953,-177.385,-48.104,145.948
8673,0.7520,-0.0415,-0.6748,0.305,-0.549,2.258,-177.347,-48.093,145.915
8683,0.7515,-0.0459,-0.6733,0.549,-0.427,2.563,-177.303,-48.087,145.876
8693,0.7534,-0.0469,-0.6719,0.610,-0.244,2.930,-177.248,-48.087,145.833
8704,0.7544,-0.0474,-0.6743,0.427,0.000,3.357,-177.198,-48.087,145.778
8713,0.7524,-0.0454,-0.6729,0.244,0.061,3.723,-177.144,-48.087,145.723
8723,0.7559,-0.0435,-0.6743,0.122,0.122,4.028,-177.089,-48.087,145.662
8733,0.7539,-0.0415,-0.6729,0.183,0.183,4.333,-177.034,-48.087,145.602
8743,0.7544,-0.0391,-0.6724,0.305,0.244,4.517,-176.979,-48.087,145.530
8753,0.7520,-0.0381,-0.6719,0.305,0.183,4.517,-176.918,-48.087,145.464
8763,0.7495,-0.0366,-0.6738,0.061,0.061,4.578,-176.869,-48.087,145.393
8773,0.7480,-0.0361,-0.6724,-0.366,0.061,4.456,-176.825,-48.082,145.327
8783,0.7485,-0.0337,-0.6763,-0.610,0.122,4.333,-176.786,-48.082,145.261
8795,0.7485,-0.0327,-0.6768,-0.610,0.244,4.272,-176.748,-48.076,145.201
8803,0.7510,-0.0356,-0.6753,-0.549,0.305,4.211,-176.710,-48.076,145.135
8813,0.7534,-0.0371,-0.6748,-0.549,0.183,4.028,-176.671,-48.076,145.074
8823,0.7554,-0.0371,-0.6768,-0.549,0.000,3.967,-176.638,-48.076,145.020
8833,0.7539,-0.0410,-0.6758,-0.610,-0.122,3.845,-176.600,-48.071,144.959
8843,0.7544,-0.0415,-0.6768,-0.671,-0.305,3.601,-176.567,-48.065,144.904
8853,0.7510,-0.0420,-0.6748,-0.854,-0.366,3.357,-176.534,-48.060,144.855
8863,0.7510,-0.0415,-0.6704,-1.099,-0.488,3.235,-176.512,-48.054,144.811
8873,0.7510,-0.0415,-0.6719,-1.221,-0.549,3.235,-176.484,-48.049,144.761
8883,0.7500,-0.0410,-0.6729,-1.160,-0.427,3.296,-176.462,-48.043,144.712
8893,0.7515,-0.0376,-0.6724,-0.977,-0.366,3.418,-176.440,-48.038,144.662
8903,0.7524,-0.0371,-0.6729,-0.610,-0.305,3.601,-176.407,-48.032,144.608
8913,0.7524,-0.0376,-0.6743,-0.183,-0.244,3.845,-176.375,-48.032,144.553
8923,0.7500,-0.0356,-0.6714,0.366,-0.183,4.028,-176.331,-48.027,144.492
8933,0.7485,-0.0371,-0.6704,0.793,0.061,4.028,-176.281,-48.027,144.432
8943,0.7490,-0.0371,-0.6699,1.038,0.122,3.906,-176.237,-48.027,144.371
8953,0.7490,-0.0366,-0.6753,1.160,0.305,3.662,-176.193,-48.027,144.316
8963,0.7515,-0.0381,-0.6777,1.160,0.488,3.235,-176.149,-48.027,144.267
8973,0.7524,-0.0420,-0.6797,0.977,0.610,2.686,-176.111,-48.032,144.229
8983,0.7549,-0.0410,-0.6797,0.549,0.610,2.014,-176.089,-48.032,144.196
8993,0.7554,-0.0449,-0.6812,0.061,0.488,1.160,-176.078,-48.038,144.179
9003,0.7588,-0.0474,-0.6846,-0.732,0.122,0.366,-176.078,-48.038,144.174
9013,0.7588,-0.0498,-0.6826,-1.587,-0.305,-0.427,-176.100,-48.032,144.179
9023,0.7583,-0.0527,-0.6812,-2.380,-0.732,-1.099,-176.127,-48.027,144.196
9033,0.7563,-0.0566,-0.6816,-3.113,-1.160,-1.648,-176.171,-48.016,144.223
9043,0.7544,-0.0605,-0.6787,-3.845,-1.465,-2.075,-176.221,-47.999,144.256
9053,0.7505,-0.0635,-0.6792,-4.761,-1.770,-2.197,-176.276,-47.983,144.289
9063,0.7510,-0.0645,-0.6777,-5.554,-1.892,-2.136,-176.336,-47.961,144.322
9073,0.7495,-0.0649,-0.6763,-6.409,-1.892,-1.770,-176.402,-47.944,144.349
9083,0.7495,-0.0649,-0.6743,-6.714,-1.831,-1.160,-176.468,-47.928,144.371
9093,0.7490,-0.0654,-0.6719,-6.714,-1.770,-0.366,-176.517,-47.911,144.377
9103,0.7471,-0.0640,-0.6724,-6.409,-1.587,0.549,-176.556,-47.895,144.371
9113,0.7456,-0.0610,-0.6719,-6.104,-1.465,1.648,-176.583,-47.878,144.349
9123,0.7471,-0.0605,-0.6733,-5.554,-1.160,2.747,-176.589,-47.862,144.311
9133,0.7437,-0.0571,-0.6768,-5.066,-0.916,3.845,-176.583,-47.851,144.250
9143,0.7412,-0.0552,-0.6782,-4.517,-0.427,4.883,-176.561,-47.840,144.179
9153,0.7397,-0.0527,-0.6812,-3.845,0.061,5.737,-176.528,-47.829,144.097
9163,0.7397,-0.0459,-0.6851,-3.296,0.549,6.348,-176.490,-47.823,143.998
9173,0.7393,-0.0459,-0.6909,-2.625,0.854,6.714,-176.440,-47.823,143.899
9183,0.7412,-0.0444,-0.6904,-2.502,1.038,6.653,-176.391,-47.818,143.800
9193,0.7437,-0.0430,-0.6924,-3.052,0.854,6.287,-176.353,-47.818,143.707
9204,0.7480,-0.0425,-0.6948,-3.906,0.366,5.737,-176.325,-47.807,143.619
9213,0.7515,-0.0347,-0.6938,-4.944,-0.305,5.005,-176.331,-47.796,143.547
9223,0.7549,-0.0312,-0.6968,-5.493,-0.916,4.150,-176.353,-47.780,143.481
9233,0.7529,-0.0254,-0.6904,-5.737,-1.587,3.357,-176.385,-47.758,143.437
9243,0.7520,-0.0234,-0.6890,-5.798,-2.136,2.319,-176.440,-47.736,143.405
9253,0.7495,-0.0200,-0.6865,-6.042,-2.625,1.160,-176.506,-47.703,143.388
9263,0.7490,-0.0254,-0.6812,-6.775,-2.869,-0.244,-176.589,-47.675,143.394
9273,0.7529,-0.0278,-0.6831,-7.874,-2.991,-1.770,-176.699,-47.648,143.421
9283,0.7554,-0.0278,-0.6841,-9.644,-3.052,-3.418,-176.847,-47.620,143.476
9293,0.7578,-0.0308,-0.6802,-11.536,-3.052,-5.066,-177.023,-47.598,143.553
9303,0.7612,-0.0322,-0.6777,-13.489,-3.113,-6.287,-177.226,-47.582,143.652
9313,0.7607,-0.0298,-0.6729,-14.954,-3.296,-7.019,-177.457,-47.560,143.756
9323,0.7627,-0.0254,-0.6704,-15.686,-3.540,-7.202,-177.693,-47.538,143.866
9333,0.7588,-0.0171,-0.6665,-15.320,-3.845,-6.714,-177.929,-47.516,143.965
9343,0.7520,-0.0029,-0.6646,-13.733,-3.906,-5.676,-178.143,-47.488,144.053
9353,0.7456,0.0054,-0.6616,-10.925,-3.662,-4.150,179.533,-47.461,144.119
9363,0.7388,0.0103,-0.6626,-7.324,-3.235,-2.502,179.429,-47.439,144.152
9373,0.7290,0.0166,-0.6592,-3.662,-2.563,-0.916,179.374,-47.417,144.168
9383,0.7246,0.0171,-0.6621,-0.549,-1.831,0.305,179.363,-47.401,144.163
9393,0.7183,0.0156,-0.6641,1.587,-1.038,1.038,179.385,-47.390,144.146
9403,0.7148,0.0166,-0.6641,2.441,-0.488,1.099,179.412,-47.379,144.130
9413,0.7139,0.0156,-0.6689,2.380,0.000,0.732,179.434,-47.373,144.119
9423,0.7139,0.0210,-0.6699,1.953,0.549,0.000,179.440,-47.373,144.119
9433,0.7192,0.0244,-0.6733,1.709,1.160,-0.732,179.434,-47.384,144.130
9443,0.7246,0.0278,-0.6763,2.075,1.831,-1.526,179.423,-47.395,144.152
9453,0.7314,0.0269,-0.6802,3.174,2.625,-2.197,179.412,-47.417,144.185
9463,0.7344,0.0244,-0.6836,4.517,3.296,-2.930,179.412,-47.444,144.229
9473,0.7388,0.0186,-0.6860,5.676,3.723,-3.845,179.418,-47.477,144.289
9483,0.7446,0.0093,-0.6890,6.042,3.784,-4.883,179.418,-47.516,144.360
9493,0.7485,-0.0020,-0.6943,5.859,3.479,-6.104,-179.835,-47.543,144.448
9503,0.7539,-0.0146,-0.6943,4.883,2.869,-7.385,-179.857,-47.571,144.558
9513,0.7578,-0.0225,-0.6929,3.418,1.953,-8.606,-179.901,-47.593,144.684
9523,0.7612,-0.0337,-0.6890,1.892,0.732,-9.399,-179.956,-47.598,144.827
9533,0.7598,-0.0425,-0.6846,0.427,-0.549,-9.583,179.978,-47.598,144.970
9543,0.7583,-0.0488,-0.6782,-0.549,-1.770,-9.216,179.918,-47.587,145.107
9553,0.7563,-0.0557,-0.6758,-1.099,-2.563,-8.301,179.863,-47.565,145.228
9563,0.7524,-0.0576,-0.6714,-1.038,-2.869,-6.775,179.830,-47.543,145.327
9573,0.7490,-0.0601,-0.6675,-0.488,-2.502,-4.883,179.824,-47.527,145.399
9583,0.7461,-0.0630,-0.6704,0.549,-1.648,-2.747,179.857,-47.516,145.443
9594,0.7485,-0.0625,-0.6753,1.709,-0.366,-0.671,179.923,-47.510,145.453
9604,0.7490,-0.0630,-0.6812,2.625,1.038,1.038,-179.989,-47.527,145.437
9613,0.7534,-0.0601,-0.6875,2.991,2.258,2.319,-179.885,-47.549,145.404
9624,0.7559,-0.0537,-0.6948,2.747,3.235,3.235,-179.780,-47.576,145.355
9634,0.7549,-0.0483,-0.7002,2.136,3.662,3.540,-179.681,-47.609,145.300
9644,0.7544,-0.0396,-0.7100,1.221,3.540,3.418,-179.604,-47.631,145.250
9654,0.7515,-0.0322,-0.7158,0.183,2.930,2.869,-179.550,-47.648,145.206
9664,0.7480,-0.0176,-0.7158,-0.793,1.831,2.014,-179.522,-47.653,145.179
9674,0.7437,-0.0068,-0.7134,-1.465,0.427,1.099,-179.528,-47.642,145.162
9684,0.7417,0.0015,-0.7134,-1.831,-1.038,0.061,179.879,-47.620,145.157
9694,0.7363,0.0059,-0.7085,-1.831,-2.380,-1.160,179.846,-47.582,145.179
9704,0.7339,0.0107,-0.7046,-1.831,-3.479,-2.319,179.797,-47.532,145.212
9713,0.7285,0.0132,-0.7002,-1.770,-4.272,-3.479,179.731,-47.477,145.261
9724,0.7256,0.0166,-0.6895,-1.770,-4.822,-4.578,179.654,-47.417,145.327
9733,0.7236,0.0176,-0.6865,-1.648,-4.883,-5.676,179.566,-47.357,145.415
9743,0.7217,0.0186,-0.6777,-1.709,-4.700,-6.897,179.462,-47.307,145.514
9753,0.7202,0.0215,-0.6724,-1.770,-4.150,-7.935,179.346,-47.263,145.629
9763,0.7192,0.0195,-0.6680,-1.770,-3.235,-8.789,179.225,-47.225,145.761
9773,0.7236,0.0195,-0.6694,-1.831,-2.014,-9.338,179.099,-47.208,145.898
9784,0.7290,0.0142,-0.6689,-1.770,-0.549,-9.949,178.973,-47.203,146.041
9794,0.7407,0.0142,-0.6680,-2.136,0.916,-10.742,178.835,-47.214,146.201
9804,0.7500,0.0132,-0.6724,-2.808,2.075,-11.475,178.682,-47.241,146.371
9814,0.7578,0.0161,-0.6733,-3.540,2.686,-11.902,178.522,-47.280,146.547
9824,0.7646,0.0166,-0.6768,-4.028,2.808,-12.268,178.347,-47.313,146.728
9834,0.7642,0.0156,-0.6768,-4.150,2.319,-12.512,178.176,-47.346,146.915
9844,0.7656,0.0142,-0.6709,-3.784,1.404,-12.512,178.011,-47.373,147.101
9854,0.7627,0.0107,-0.6724,-3.235,0.244,-12.207,177.858,-47.379,147.283
9864,0.7612,0.0068,-0.6704,-2.563,-0.854,-11.719,177.720,-47.379,147.453
9874,0.7593,0.0049,-0.6685,-2.075,-1.648,-11.047,177.599,-47.373,147.612
9884,0.7563,0.0054,-0.6655,-1.526,-1.770,-10.193,177.495,-47.362,147.766
9894,0.7505,0.0034,-0.6636,-0.977,-1.465,-9.216,177.413,-47.357,147.898
9904,0.7451,0.0010,-0.6641,-0.305,-0.732,-8.179,177.347,-47.357,148.019
9914,0.7402,-0.0010,-0.6660,0.488,0.183,-6.958,-179.912,-47.362,148.123
9924,0.7358,-0.0005,-0.6680,0.977,1.221,-5.798,-179.967,-47.379,148.206
9934,0.7344,-0.0005,-0.6738,1.465,2.075,-4.578,-180.000,-47.401,148.277
9943,0.7363,0.0034,-0.6802,1.953,2.747,-3.296,179.709,-47.422,148.321
9954,0.7388,0.0044,-0.6860,2.502,3.235,-2.197,179.709,-47.455,148.354
9964,0.7412,0.0054,-0.6909,2.930,3.418,-1.343,179.720,-47.483,148.376
9974,0.7427,0.0044,-0.6934,2.930,3.113,-0.671,179.742,-47.510,148.387
9984,0.7441,0.0039,-0.6973,2.441,2.380,-0.244,179.764,-47.527,148.392
9994,0.7456,0.0063,-0.6968,1.648,1.465,0.061,179.780,-47.538,148.387
10004,0.7446,0.0068,-0.6978,0.793,0.366,0.061,179.780,-47.532,148.387
10014,0.7432,0.0078,-0.6929,0.183,-0.549,0.122,179.780,-47.521,148.387
10024,0.7427,0.0098,-0.6890,0.000,-1.343,0.366,179.780,-47.505,148.381
10034,0.7422,0.0112,-0.6851,0.305,-1.953,0.793,179.786,-47.483,148.370
10044,0.7422,0.0122,-0.6812,0.916,-2.136,1.282,179.797,-47.461,148.348
10054,0.7422,0.0083,-0.6763,1.587,-2.075,1.831,179.830,-47.444,148.321
10064,0.7446,0.0029,-0.6763,2.197,-1.709,2.258,179.874,-47.428,148.288
10074,0.7446,-0.0005,-0.6738,2.319,-1.160,2.625,-179.956,-47.422,148.250
10084,0.7476,-0.0034,-0.6743,1.953,-0.732,3.052,-179.901,-47.422,148.206
10094,0.7500,-0.0059,-0.6777,1.465,-0.366,3.540,-179.846,-47.422,148.156
10104,0.7544,-0.0059,-0.6782,1.038,-0.183,4.028,-179.786,-47.428,148.096
10114,0.7549,-0.0059,-0.6777,0.732,-0.183,4.639,-179.725,-47.433,148.024
10124,0.7495,-0.0059,-0.6763,0.610,-0.305,5.249,-179.665,-47.433,147.947
10134,0.7480,-0.0005,-0.6802,0.488,-0.366,5.981,-179.594,-47.433,147.859
10144,0.7422,0.0073,-0.6802,0.610,-0.366,6.714,179.379,-47.428,147.761
10154,0.7388,0.0146,-0.6807,1.160,-0.244,7.324,179.467,-47.428,147.651
10164,0.7373,0.0200,-0.6812,2.136,0.122,7.629,179.555,-47.428,147.541
10174,0.7383,0.0244,-0.6836,3.174,0.549,7.629,179.654,-47.433,147.426
10184,0.7388,0.0229,-0.6851,3.845,0.793,7.385,179.758,-47.439,147.316
10194,0.7388,0.0225,-0.6865,3.845,0.793,6.714,179.852,-47.439,147.217
10204,0.7349,0.0269,-0.6865,3.479,0.671,5.859,179.929,-47.444,147.129
10214,0.7363,0.0293,-0.6851,2.991,0.488,4.944,179.984,-47.444,147.057
10223,0.7358,0.0283,-0.6821,2.869,0.305,3.906,-179.967,-47.444,147.003
10234,0.7363,0.0259,-0.6841,2.930,0.183,2.991,-179.929,-47.444,146.959
10244,0.7358,0.0220,-0.6816,3.052,0.122,2.136,-179.896,-47.439,146.926
10254,0.7368,0.0190,-0.6797,3.113,0.183,1.587,-179.863,-47.444,146.904
10264,0.7397,0.0146,-0.6782,3.174,0.305,1.038,-179.835,-47.444,146.887
10274,0.7417,0.0078,-0.6748,3.113,0.427,0.671,-179.802,-47.450,146.876
10284,0.7466,0.0044,-0.6768,3.174,0.610,0.366,-179.775,-47.461,146.871
10294,0.7485,-0.0010,-0.6738,3.174,0.793,0.244,-179.912,-47.477,146.865
10304,0.7495,-0.0049,-0.6743,3.174,1.038,0.244,-179.879,-47.494,146.865
10314,0.7500,-0.0146,-0.6729,2.991,1.221,0.427,-179.830,-47.510,146.854
10324,0.7495,-0.0195,-0.6719,2.747,1.404,0.732,-179.780,-47.532,146.843
10334,0.7510,-0.0220,-0.6753,2.502,1.465,1.160,-179.725,-47.549,146.827
10344,0.7534,-0.0273,-0.6763,2.319,1.465,1.770,-179.665,-47.571,146.805
10354,0.7578,-0.0327,-0.6777,2.258,1.465,2.563,-179.588,-47.587,146.766
10364,0.7607,-0.0361,-0.6802,2.319,1.465,3.357,-179.506,-47.609,146.717
10374,0.7632,-0.0361,-0.6816,2.258,1.282,4.089,-179.412,-47.626,146.651
10384,0.7607,-0.0391,-0.6841,2.502,1.038,4.883,-179.308,-47.642,146.580
10394,0.7563,-0.0396,-0.6855,2.686,0.916,5.493,-179.193,-47.653,146.497
10404,0.7480,-0.0342,-0.6880,2.747,0.854,5.981,-179.083,-47.659,146.409
10414,0.7407,-0.0303,-0.6875,2.686,0.854,6.409,-178.967,-47.659,146.316
10424,0.7349,-0.0269,-0.6885,2.502,0.916,6.653,-178.863,-47.659,146.217
10434,0.7349,-0.0215,-0.6924,2.502,1.099,6.775,-178.753,-47.659,146.113
10444,0.7339,-0.0117,-0.6929,2.686,1.465,6.531,-178.660,-47.659,146.019
10454,0.7339,-0.0112,-0.6953,2.625,1.465,6.165,-178.572,-47.664,145.926
10464,0.7300,-0.0078,-0.6953,2.319,1.221,5.676,-178.495,-47.659,145.844
10474,0.7300,-0.0029,-0.6904,1.953,0.793,4.944,-178.434,-47.659,145.767
10484,0.7339,-0.0024,-0.6919,1.770,0.427,4.272,-178.385,-47.653,145.706
10494,0.7373,-0.0039,-0.6904,1.709,0.183,3.479,-178.341,-47.642,145.651
10504,0.7402,-0.0073,-0.6890,1.648,0.122,2.686,-178.308,-47.637,145.613
10514,0.7422,-0.0127,-0.6860,1.343,0.122,1.892,-178.281,-47.637,145.585
10524,0.7456,-0.0176,-0.6851,0.732,0.122,1.099,-178.264,-47.637,145.569
10534,0.7480,-0.0205,-0.6831,0.061,0.000,0.427,-178.259,-47.631,145.563
10544,0.7500,-0.0200,-0.6792,-0.488,-0.183,0.000,-178.264,-47.631,145.563
10554,0.7515,-0.0229,-0.6763,-0.793,-0.305,-0.183,-178.270,-47.637,145.563
10564,0.7515,-0.0273,-0.6733,-0.732,-0.366,-0.122,-178.275,-47.637,145.569
10574,0.7534,-0.0312,-0.6709,-0.610,-0.427,0.183,-178.270,-47.637,145.563
10584,0.7568,-0.0342,-0.6680,-0.610,-0.427,0.549,-178.253,-47.642,145.558
10594,0.7603,-0.0430,-0.6685,-0.916,-0.427,1.099,-178.231,-47.648,145.541
10604,0.7612,-0.0469,-0.6675,-1.404,-0.610,1.770,-178.204,-47.653,145.514
10614,0.7612,-0.0527,-0.6675,-1.709,-0.488,2.502,-178.171,-47.659,145.475
10624,0.7598,-0.0557,-0.6699,-2.136,-0.366,3.357,-178.127,-47.659,145.426
10634,0.7578,-0.0591,-0.6685,-2.502,-0.244,4.211,-178.072,-47.664,145.366
10644,0.7520,-0.0522,-0.6699,-2.930,-0.305,5.310,-178.017,-47.664,145.289
10654,0.7480,-0.0479,-0.6724,-2.869,-0.305,6.531,-177.957,-47.664,145.190
10664,0.7432,-0.0410,-0.6719,-2.136,-0.183,8.118,-177.874,-47.659,145.069
10674,0.7393,-0.0352,-0.6714,-0.732,0.000,9.827,-177.764,-47.659,144.921
10684,0.7344,-0.0273,-0.6719,1.282,0.244,11.475,-177.627,-47.653,144.750
10694,0.7319,-0.0234,-0.6738,3.357,0.427,13.123,-177.457,-47.648,144.558
10705,0.7305,-0.0161,-0.6738,5.798,0.793,14.526,-177.253,-47.648,144.344
10714,0.7285,-0.0112,-0.6797,8.057,1.160,15.503,-177.023,-47.648,144.113
10724,0.7290,-0.0083,-0.6841,10.315,1.526,15.991,-176.765,-47.642,143.871
10734,0.7305,-0.0112,-0.6895,12.024,1.953,15.747,-176.501,-47.648,143.635
10744,0.7319,-0.0142,-0.6953,12.817,2.197,14.832,-176.232,-47.648,143.416
10754,0.7402,-0.0190,-0.6958,12.573,2.197,13.306,-175.984,-47.653,143.218
10764,0.7480,-0.0234,-0.7007,11.353,1.953,11.169,-175.770,-47.653,143.047
10774,0.7539,-0.0298,-0.7021,9.399,1.526,8.484,-175.600,-47.659,142.921
10784,0.7622,-0.0376,-0.7036,7.080,1.099,5.554,-175.485,-47.659,142.839
10796,0.7656,-0.0454,-0.7036,4.272,0.549,2.319,-175.424,-47.659,142.806
10804,0.7627,-0.0503,-0.7002,1.099,-0.122,-0.793,-175.430,-47.659,142.817
10814,0.7612,-0.0527,-0.6948,-2.075,-0.916,-3.540,-175.490,-47.648,142.872
10824,0.7559,-0.0522,-0.6895,-4.578,-1.648,-5.737,-175.600,-47.637,142.954
10834,0.7510,-0.0518,-0.6836,-5.981,-2.197,-6.897,-175.737,-47.620,143.058
10844,0.7466,-0.0508,-0.6738,-6.104,-2.441,-7.202,-175.875,-47.604,143.168
10854,0.7412,-0.0522,-0.6694,-5.371,-2.258,-6.775,-176.001,-47.587,143.273
10864,0.7368,-0.0527,-0.6670,-4.150,-1.953,-5.859,-176.100,-47.576,143.361
10874,0.7363,-0.0562,-0.6660,-2.808,-1.465,-4.578,-176.171,-47.565,143.432
10884,0.7358,-0.0552,-0.6641,-1.587,-0.916,-3.235,-176.215,-47.560,143.481
10894,0.7378,-0.0557,-0.6646,-0.488,-0.244,-1.831,-176.226,-47.565,143.509
10904,0.7393,-0.0557,-0.6650,0.427,0.488,-0.610,-176.221,-47.576,143.514
10914,0.7412,-0.0562,-0.6704,1.343,1.160,0.427,-176.193,-47.587,143.509
10924,0.7451,-0.0581,-0.6729,1.953,1.587,1.160,-176.144,-47.604,143.487
10934,0.7466,-0.0566,-0.6758,2.075,1.892,1.526,-176.100,-47.626,143.465
10944,0.7480,-0.0571,-0.6807,1.709,1.892,1.709,-176.050,-47.642,143.437
10954,0.7524,-0.0601,-0.6831,1.099,1.648,1.770,-176.012,-47.659,143.410
10964,0.7559,-0.0601,-0.6865,0.427,1.282,1.770,-175.974,-47.670,143.383
10974,0.7559,-0.0630,-0.6860,-0.305,0.793,1.526,-175.952,-47.675,143.361
10984,0.7554,-0.0684,-0.6860,-1.160,0.244,1.221,-175.930,-47.675,143.339
10994,0.7539,-0.0698,-0.6855,-2.319,-0.427,1.099,-175.924,-47.670,143.322
11004,0.7500,-0.0713,-0.6802,-3.601,-0.977,1.099,-175.930,-47.659,143.311
11014,0.7480,-0.0684,-0.6797,-4.700,-1.343,1.221,-175.946,-47.642,143.295
11024,0.7476,-0.0674,-0.6763,-5.188,-1.465,1.709,-175.968,-47.631,143.267
11034,0.7451,-0.0649,-0.6753,-5.066,-1.343,2.319,-175.979,-47.615,143.234
11044,0.7451,-0.0625,-0.6763,-4.456,-1.099,3.174,-175.974,-47.604,143.190
11054,0.7427,-0.0537,-0.6743,-3.601,-0.610,4.028,-175.963,-47.593,143.130
11064,0.7432,-0.0498,-0.6792,-2.625,-0.244,4.761,-175.935,-47.587,143.058
11074,0.7451,-0.0464,-0.6807,-1.709,0.244,5.066,-175.897,-47.587,142.987
11084,0.7441,-0.0425,-0.6816,-0.977,0.549,5.005,-175.858,-47.587,142.910
11094,0.7432,-0.0396,-0.6875,-0.793,0.793,4.578,-175.825,-47.587,142.844
11104,0.7451,-0.0381,-0.6890,-1.221,0.793,3.845,-175.803,-47.587,142.784
11114,0.7441,-0.0342,-0.6875,-1.953,0.610,2.991,-175.803,-47.587,142.740
11124,0.7451,-0.0298,-0.6895,-2.625,0.244,2.075,-175.825,-47.587,142.707
11134,0.7432,-0.0254,-0.6865,-2.930,-0.244,1.099,-175.864,-47.582,142.690
11144,0.7417,-0.0264,-0.6826,-3.052,-0.854,0.244,-175.913,-47.571,142.690
11154,0.7393,-0.0254,-0.6797,-3.052,-1.343,-0.488,-175.968,-47.554,142.696
11164,0.7368,-0.0249,-0.6758,-2.930,-1.709,-0.977,-176.028,-47.538,142.712
11174,0.7397,-0.0249,-0.6729,-2.563,-1.770,-1.343,-176.089,-47.521,142.734
11184,0.7368,-0.0278,-0.6724,-1.953,-1.526,-1.648,-176.138,-47.510,142.762
11194,0.7407,-0.0322,-0.6733,-1.282,-0.977,-1.831,-176.188,-47.505,142.789
11205,0.7432,-0.0342,-0.6724,-0.610,-0.366,-1.892,-176.221,-47.505,142.817
11214,0.7456,-0.0391,-0.6719,-0.183,0.244,-1.892,-176.248,-47.510,142.844
11224,0.7471,-0.0420,-0.6738,0.122,0.732,-1.892,-176.270,-47.527,142.872
11234,0.7471,-0.0430,-0.6768,0.122,1.038,-1.892,-176.287,-47.538,142.899
11244,0.7505,-0.0439,-0.6782,0.122,1.160,-1.892,-176.309,-47.554,142.927
11254,0.7490,-0.0444,-0.6812,-0.061,1.038,-1.831,-176.325,-47.565,142.954
11264,0.7471,-0.0449,-0.6797,-0.183,0.793,-1.770,-176.347,-47.576,142.976
11274,0.7461,-0.0439,-0.6812,-0.183,0.488,-1.587,-176.364,-47.582,143.004
11284,0.7427,-0.0449,-0.6812,-0.122,0.305,-1.465,-176.380,-47.587,143.026
11294,0.7422,-0.0459,-0.6821,0.061,0.244,-1.343,-176.391,-47.587,143.042
11304,0.7412,-0.0474,-0.6826,0.244,0.366,-1.221,-176.396,-47.587,143.058
11314,0.7397,-0.0488,-0.6821,0.244,0.427,-1.099,-176.402,-47.587,143.075
11324,0.7402,-0.0483,-0.6812,0.122,0.366,-1.099,-176.407,-47.593,143.091
11334,0.7422,-0.0488,-0.6797,-0.122,0.366,-1.038,-176.413,-47.593,143.108
11344,0.7441,-0.0498,-0.6797,-0.244,0.305,-0.916,-176.418,-47.598,143.119
11354,0.7437,-0.0527,-0.6812,-0.244,0.244,-0.671,-176.418,-47.598,143.130
11364,0.7427,-0.0518,-0.6812,-0.122,0.183,-0.366,-176.418,-47.598,143.135
11374,0.7432,-0.0518,-0.6826,0.000,0.061,-0.061,-176.413,-47.598,143.135
11384,0.7451,-0.0508,-0.6816,0.061,0.000,0.244,-176.402,-47.593,143.135
11394,0.7461,-0.0498,-0.6797,0.183,0.000,0.488,-176.385,-47.593,143.124
11404,0.7451,-0.0488,-0.6792,0.244,0.000,0.671,-176.375,-47.593,143.113
11414,0.7471,-0.0483,-0.6782,0.366,0.061,0.854,-176.358,-47.598,143.102
11424,0.7495,-0.0479,-0.6807,0.305,0.000,0.916,-176.342,-47.598,143.091
11434,0.7500,-0.0498,-0.6768,0.122,0.061,0.854,-176.325,-47.598,143.075
11444,0.7485,-0.0479,-0.6782,-0.122,0.000,0.732,-176.314,-47.598,143.064
11454,0.7495,-0.0469,-0.6807,-0.366,-0.061,0.671,-176.309,-47.598,143.058
11464,0.7480,-0.0449,-0.6792,-0.549,-0.061,0.610,-176.303,-47.598,143.047
11474,0.7466,-0.0435,-0.6792,-0.488,-0.061,0.610,-176.303,-47.598,143.036
11484,0.7432,-0.0420,-0.6772,-0.366,-0.061,0.549,-176.303,-47.598,143.031
11494,0.7441,-0.0400,-0.6792,-0.183,0.000,0.549,-176.303,-47.598,143.020
11504,0.7437,-0.0381,-0.6802,0.000,0.061,0.427,-176.303,-47.598,143.015
11514,0.7427,-0.0376,-0.6792,0.183,0.061,0.366,-176.303,-47.598,143.009
11524,0.7441,-0.0396,-0.6802,0.305,0.122,0.244,-176.298,-47.598,143.004
11534,0.7441,-0.0381,-0.6812,0.488,0.244,0.061,-176.298,-47.598,143.004
11544,0.7446,-0.0396,-0.6821,0.488,0.244,-0.183,-176.298,-47.604,143.009
11554,0.7441,-0.0386,-0.6826,0.488,0.244,-0.427,-176.303,-47.604,143.015
11564,0.7456,-0.0400,-0.6826,0.427,0.183,-0.610,-176.309,-47.604,143.020
11574,0.7471,-0.0435,-0.6836,0.366,0.061,-0.854,-176.314,-47.604,143.036
11584,0.7476,-0.0469,-0.6802,0.244,-0.122,-1.038,-176.320,-47.604,143.053
11594,0.7480,-0.0474,-0.6802,0.061,-0.305,-1.099,-176.331,-47.604,143.069
11604,0.7471,-0.0464,-0.6772,-0.122,-0.427,-1.160,-176.342,-47.598,143.086
11614,0.7480,-0.0479,-0.6772,-0.183,-0.549,-1.099,-176.353,-47.598,143.102
11624,0.7471,-0.0479,-0.6772,-0.122,-0.549,-0.977,-176.358,-47.593,143.119
11634,0.7441,-0.0469,-0.6792,0.061,-0.427,-0.732,-176.364,-47.587,143.130
11644,0.7417,-0.0493,-0.6792,0.244,-0.305,-0.488,-176.364,-47.587,143.135
11654,0.7427,-0.0488,-0.6743,0.305,-0.061,-0.305,-176.358,-47.587,143.141
11664,0.7432,-0.0488,-0.6763,0.366,0.122,-0.061,-176.347,-47.587,143.141
11674,0.7441,-0.0464,-0.6782,0.305,0.305,0.183,-176.342,-47.593,143.135
11684,0.7441,-0.0425,-0.6816,0.366,0.305,0.366,-176.336,-47.593,143.130
11694,0.7461,-0.0396,-0.6807,0.610,0.427,0.549,-176.325,-47.598,143.124
11705,0.7432,-0.0356,-0.6826,1.038,0.366,0.610,-176.314,-47.598,143.113
11714,0.7417,-0.0366,-0.6846,1.465,0.427,0.427,-176.303,-47.598,143.108
11724,0.7427,-0.0381,-0.6821,1.526,0.366,0.061,-176.292,-47.598,143.108
11734,0.7432,-0.0405,-0.6807,1.038,0.244,-0.427,-176.287,-47.604,143.113
11744,0.7427,-0.0415,-0.6802,0.305,0.000,-0.916,-176.298,-47.598,143.124
11754,0.7461,-0.0439,-0.6797,-0.244,-0.183,-1.160,-176.314,-47.598,143.141
11764,0.7466,-0.0488,-0.6797,-0.488,-0.305,-1.343,-176.331,-47.598,143.163
11774,0.7466,-0.0532,-0.6768,-0.610,-0.488,-1.221,-176.342,-47.593,143.179
11784,0.7446,-0.0547,-0.6758,-0.671,-0.671,-0.854,-176.347,-47.593,143.196
11794,0.7446,-0.0547,-0.6763,-0.549,-0.793,-0.305,-176.347,-47.582,143.201
11804,0.7441,-0.0522,-0.6758,-0.183,-0.732,0.366,-176.336,-47.576,143.196
11814,0.7422,-0.0537,-0.6748,0.366,-0.427,1.038,-176.314,-47.571,143.179
11824,0.7446,-0.0532,-0.6782,0.916,0.061,1.587,-176.281,-47.571,143.157
11834,0.7471,-0.0532,-0.6782,1.221,0.610,2.014,-176.237,-47.576,143.124
11844,0.7441,-0.0508,-0.6821,1.160,1.038,2.197,-176.193,-47.587,143.091
11854,0.7466,-0.0503,-0.6836,0.916,1.221,2.258,-176.155,-47.593,143.058
11864,0.7446,-0.0483,-0.6846,0.610,1.282,2.136,-176.127,-47.604,143.026
11874,0.7466,-0.0444,-0.6865,0.366,0.977,1.953,-176.100,-47.609,142.998
11884,0.7451,-0.0444,-0.6851,0.061,0.427,1.709,-176.083,-47.609,142.971
11895,0.7441,-0.0444,-0.6865,-0.305,-0.244,1.404,-176.072,-47.604,142.949
11904,0.7451,-0.0449,-0.6860,-0.610,-0.854,1.160,-176.072,-47.593,142.932
11914,0.7451,-0.0469,-0.6797,-0.854,-1.282,1.038,-176.067,-47.576,142.921
11925,0.7432,-0.0474,-0.6782,-0.916,-1.343,0.977,-176.067,-47.565,142.905
11935,0.7422,-0.0454,-0.6729,-0.793,-1.221,1.038,-176.067,-47.554,142.894
11945,0.7432,-0.0483,-0.6768,-0.488,-0.916,1.343,-176.056,-47.543,142.872
11955,0.7437,-0.0488,-0.6733,-0.061,-0.427,1.465,-176.039,-47.543,142.850
11965,0.7446,-0.0479,-0.6738,0.366,0.061,1.648,-176.017,-47.543,142.828
11975,0.7456,-0.0498,-0.6772,0.671,0.488,1.831,-175.984,-47.549,142.800
11985,0.7466,-0.0493,-0.6802,0.732,0.732,1.892,-175.957,-47.554,142.773
11995,0.7466,-0.0488,-0.6812,0.732,0.916,1.953,-175.924,-47.560,142.740
12005,0.7466,-0.0474,-0.6787,0.549,0.916,1.892,-175.902,-47.571,142.712
12015,0.7471,-0.0479,-0.6807,0.366,0.732,1.709,-175.880,-47.576,142.685
12024,0.7476,-0.0488,-0.6816,0.061,0.427,1.526,-175.864,-47.582,142.663
12035,0.7490,-0.0493,-0.6841,-0.244,0.061,1.343,-175.847,-47.582,142.641
12045,0.7427,-0.0498,-0.6831,-0.488,-0.244,1.160,-175.842,-47.576,142.625
12054,0.7437,-0.0508,-0.6812,-0.671,-0.488,1.038,-175.836,-47.565,142.614
12065,0.7407,-0.0503,-0.6807,-0.610,-0.549,0.977,-175.831,-47.560,142.597
12075,0.7407,-0.0493,-0.6772,-0.488,-0.549,1.038,-175.825,-47.554,142.581
12085,0.7427,-0.0503,-0.6782,-0.183,-0.305,1.099,-175.814,-47.549,142.570
12095,0.7417,-0.0508,-0.6772,0.183,-0.061,1.282,-175.798,-47.549,142.548
12105,0.7417,-0.0527,-0.6797,0.549,0.244,1.465,-175.776,-47.549,142.526
12115,0.7441,-0.0527,-0.6797,0.793,0.488,1.648,-175.748,-47.549,142.504
12125,0.7456,-0.0527,-0.6821,0.854,0.610,1.648,-175.721,-47.554,142.476
12135,0.7466,-0.0537,-0.6816,0.732,0.549,1.648,-175.693,-47.560,142.454
12145,0.7451,-0.0542,-0.6831,0.488,0.366,1.587,-175.666,-47.560,142.427
12155,0.7476,-0.0552,-0.6826,0.244,0.183,1.526,-175.644,-47.560,142.405
12165,0.7471,-0.0552,-0.6846,0.000,-0.061,1.465,-175.627,-47.554,142.383
12175,0.7446,-0.0562,-0.6816,-0.183,-0.244,1.282,-175.611,-47.549,142.366
12185,0.7441,-0.0542,-0.6807,-0.366,-0.427,1.221,-175.600,-47.543,142.350
12195,0.7417,-0.0527,-0.6802,-0.366,-0.549,1.221,-175.589,-47.538,142.328
12205,0.7446,-0.0532,-0.6797,-0.305,-0.549,1.221,-175.578,-47.532,142.311
12215,0.7441,-0.0547,-0.6787,-0.183,-0.366,1.343,-175.567,-47.527,142.295
12225,0.7417,-0.0532,-0.6812,-0.183,-0.244,1.343,-175.551,-47.521,142.273
12235,0.7432,-0.0532,-0.6797,-0.183,-0.122,1.404,-175.540,-47.521,142.251
12245,0.7437,-0.0542,-0.6777,-0.122,-0.061,1.404,-175.523,-47.516,142.234
12255,0.7441,-0.0522,-0.6802,-0.122,0.061,1.465,-175.512,-47.516,142.213
12265,0.7427,-0.0498,-0.6792,0.122,0.183,1.526,-175.496,-47.516,142.185
12275,0.7422,-0.0493,-0.6797,0.427,0.244,1.465,-175.479,-47.516,142.163
12285,0.7432,-0.0493,-0.6812,0.610,0.244,1.343,-175.463,-47.521,142.147
12295,0.7427,-0.0488,-0.6816,0.610,0.183,1.160,-175.446,-47.521,142.130
12305,0.7432,-0.0508,-0.6836,0.366,0.122,0.854,-175.435,-47.516,142.114
12315,0.7422,-0.0508,-0.6816,0.000,0.000,0.549,-175.435,-47.516,142.108
12325,0.7441,-0.0513,-0.6802,-0.427,-0.183,0.244,-175.441,-47.516,142.103
12335,0.7422,-0.0518,-0.6802,-0.610,-0.305,0.061,-175.446,-47.510,142.103
12345,0.7437,-0.0527,-0.6787,-0.671,-0.427,0.061,-175.452,-47.505,142.103
12355,0.7432,-0.0537,-0.6777,-0.427,-0.488,0.183,-175.457,-47.499,142.103
12365,0.7446,-0.0552,-0.6763,-0.183,-0.488,0.366,-175.452,-47.499,142.097
12375,0.7427,-0.0566,-0.6768,0.061,-0.427,0.549,-175.446,-47.494,142.086
12385,0.7427,-0.0591,-0.6787,0.183,-0.244,0.793,-175.430,-47.488,142.075
12395,0.7451,-0.0591,-0.6816,0.244,0.000,0.854,-175.413,-47.488,142.064
12405,0.7456,-0.0610,-0.6787,0.122,0.244,0.854,-175.402,-47.494,142.053
12415,0.7456,-0.0601,-0.6797,0.000,0.366,0.854,-175.386,-47.494,142.037
12425,0.7456,-0.0591,-0.6812,-0.183,0.427,0.854,-175.375,-47.499,142.026
12435,0.7427,-0.0566,-0.6816,-0.305,0.366,0.854,-175.364,-47.499,142.015
12445,0.7427,-0.0571,-0.6807,-0.366,0.244,0.854,-175.358,-47.499,141.998
12455,0.7412,-0.0557,-0.6836,-0.305,0.061,0.916,-175.353,-47.499,141.987
12465,0.7412,-0.0566,-0.6831,-0.366,-0.122,1.038,-175.342,-47.494,141.971
12475,0.7407,-0.0576,-0.6802,-0.427,-0.244,1.099,-175.336,-47.488,141.954
12485,0.7383,-0.0576,-0.6807,-0.488,-0.366,1.160,-175.325,-47.483,141.938
12495,0.7393,-0.0547,-0.6792,-0.427,-0.305,1.221,-175.320,-47.477,141.921
12505,0.7402,-0.0557,-0.6797,-0.427,-0.244,1.282,-175.309,-47.472,141.899
12515,0.7393,-0.0591,-0.6792,-0.488,-0.183,1.343,-175.298,-47.466,141.883
12525,0.7407,-0.0615,-0.6812,-0.549,-0.061,1.465,-175.281,-47.466,141.861
12535,0.7451,-0.0625,-0.6812,-0.671,-0.122,1.587,-175.265,-47.461,141.839
12545,0.7461,-0.0664,-0.6787,-0.854,-0.061,1.831,-175.243,-47.461,141.812
12555,0.7451,-0.0693,-0.6807,-1.038,0.000,2.197,-175.221,-47.461,141.779
12565,0.7461,-0.0684,-0.6797,-1.282,-0.061,2.502,-175.199,-47.455,141.740
12575,0.7446,-0.0645,-0.6797,-1.404,0.000,2.930,-175.172,-47.455,141.696
12585,0.7456,-0.0601,-0.6782,-1.343,-0.061,3.296,-175.150,-47.455,141.652
12595,0.7422,-0.0581,-0.6787,-1.099,0.061,3.540,-175.122,-47.450,141.597
12605,0.7427,-0.0552,-0.6797,-0.610,0.183,3.723,-175.089,-47.450,141.542
12615,0.7397,-0.0508,-0.6812,-0.183,0.366,3.662,-175.056,-47.450,141.487
12625,0.7388,-0.0508,-0.6821,0.183,0.427,3.418,-175.029,-47.450,141.438
12635,0.7368,-0.0459,-0.6826,0.305,0.244,3.235,-175.001,-47.444,141.389
12645,0.7378,-0.0439,-0.6851,0.854,0.305,3.113,-174.968,-47.439,141.345
12655,0.7397,-0.0454,-0.6836,1.404,0.427,3.052,-174.935,-47.439,141.295
12665,0.7407,-0.0459,-0.6851,1.709,0.549,2.563,-174.902,-47.439,141.257
12675,0.7451,-0.0488,-0.6831,1.404,0.366,1.892,-174.880,-47.444,141.229
12685,0.7456,-0.0488,-0.6831,0.671,-0.061,1.160,-174.869,-47.439,141.213
12695,0.7456,-0.0483,-0.6797,0.061,-0.488,0.488,-174.875,-47.439,141.207
12705,0.7451,-0.0503,-0.6777,-0.244,-0.610,0.000,-174.886,-47.433,141.207
12715,0.7417,-0.0547,-0.6768,0.000,-0.610,-0.305,-174.897,-47.428,141.213
12725,0.7412,-0.0586,-0.6772,0.244,-0.549,-0.488,-174.902,-47.422,141.224
12735,0.7412,-0.0625,-0.6748,0.305,-0.427,-0.488,-174.902,-47.422,141.229
12745,0.7427,-0.0659,-0.6743,0.183,-0.122,-0.244,-174.897,-47.422,141.235
12755,0.7466,-0.0674,-0.6748,0.122,0.183,0.061,-174.891,-47.428,141.229
12765,0.7490,-0.0684,-0.6772,0.305,0.427,0.366,-174.875,-47.439,141.224
12775,0.7500,-0.0698,-0.6787,0.610,0.671,0.671,-174.853,-47.444,141.213
12785,0.7505,-0.0708,-0.6792,1.038,0.732,0.977,-174.825,-47.455,141.202
12797,0.7480,-0.0693,-0.6787,1.282,0.610,1.282,-174.792,-47.461,141.180
12805,0.7466,-0.0669,-0.6816,1.587,0.549,1.404,-174.754,-47.466,141.158
12815,0.7461,-0.0688,-0.6846,1.831,0.549,1.404,-174.716,-47.466,141.136
12825,0.7437,-0.0708,-0.6855,1.831,0.549,1.221,-174.677,-47.472,141.119
12835,0.7427,-0.0693,-0.6890,1.282,0.549,0.854,-174.650,-47.472,141.103
12845,0.7437,-0.0684,-0.6885,0.305,0.305,0.488,-174.639,-47.466,141.097
12855,0.7441,-0.0635,-0.6870,-0.427,-0.122,0.244,-174.644,-47.466,141.092
12865,0.7451,-0.0605,-0.6836,-0.610,-0.488,-0.061,-174.655,-47.461,141.097
12875,0.7422,-0.0576,-0.6846,-0.366,-0.793,-0.305,-174.666,-47.450,141.103
12885,0.7397,-0.0571,-0.6826,0.061,-0.977,-0.549,-174.677,-47.439,141.108
12895,0.7388,-0.0576,-0.6816,0.366,-1.038,-0.732,-174.688,-47.422,141.125
12905,0.7368,-0.0547,-0.6821,0.366,-0.854,-1.038,-174.705,-47.417,141.141
12915,0.7383,-0.0576,-0.6807,0.122,-0.610,-1.404,-174.721,-47.406,141.158
12925,0.7427,-0.0605,-0.6807,-0.122,-0.244,-1.709,-174.743,-47.406,141.185
12935,0.7417,-0.0615,-0.6831,-0.305,0.061,-1.953,-174.771,-47.406,141.213
12945,0.7437,-0.0605,-0.6812,-0.427,0.183,-2.075,-174.798,-47.411,141.246
12955,0.7451,-0.0610,-0.6821,-0.427,0.061,-2.136,-174.825,-47.417,141.279
12965,0.7456,-0.0615,-0.6812,-0.305,-0.183,-2.136,-174.853,-47.417,141.306
12975,0.7446,-0.0615,-0.6812,-0.061,-0.488,-2.136,-174.875,-47.411,141.339
12985,0.7432,-0.0610,-0.6812,0.122,-0.671,-2.258,-174.897,-47.406,141.372
12995,0.7451,-0.0591,-0.6807,0.183,-0.671,-2.319,-174.924,-47.406,141.411
13005,0.7432,-0.0615,-0.6816,0.183,-0.488,-2.441,-174.946,-47.401,141.443
13015,0.7427,-0.0620,-0.6807,0.000,-0.183,-2.686,-174.974,-47.401,141.487
13025,0.7432,-0.0635,-0.6812,-0.305,0.122,-2.930,-175.007,-47.406,141.526
13035,0.7437,-0.0620,-0.6821,-0.732,0.305,-3.174,-175.045,-47.411,141.575
13045,0.7451,-0.0620,-0.6851,-1.099,0.305,-3.296,-175.089,-47.417,141.625
13055,0.7446,-0.0625,-0.6826,-1.465,0.061,-3.418,-175.139,-47.417,141.674
13065,0.7466,-0.0630,-0.6826,-1.648,-0.244,-3.479,-175.188,-47.417,141.724
13075,0.7456,-0.0610,-0.6816,-1.648,-0.610,-3.357,-175.237,-47.417,141.773
13085,0.7451,-0.0601,-0.6816,-1.465,-0.854,-3.113,-175.281,-47.411,141.823
13095,0.7437,-0.0615,-0.6831,-1.160,-0.916,-2.869,-175.320,-47.406,141.866
13105,0.7407,-0.0605,-0.6812,-0.916,-0.854,-2.625,-175.353,-47.395,141.905
13115,0.7417,-0.0605,-0.6807,-0.793,-0.671,-2.441,-175.386,-47.390,141.943
13125,0.7397,-0.0586,-0.6807,-0.793,-0.427,-2.319,-175.413,-47.390,141.976
13135,0.7412,-0.0586,-0.6802,-0.854,-0.244,-2.197,-175.446,-47.390,142.009
13145,0.7422,-0.0571,-0.6836,-0.977,-0.244,-2.197,-175.474,-47.384,142.042
13155,0.7422,-0.0552,-0.6802,-1.038,-0.366,-2.136,-175.507,-47.384,142.075
13165,0.7422,-0.0552,-0.6826,-1.160,-0.427,-2.136,-175.540,-47.379,142.103
13175,0.7412,-0.0557,-0.6802,-1.343,-0.610,-2.014,-175.573,-47.373,142.136
13185,0.7422,-0.0557,-0.6802,-1.465,-0.671,-1.831,-175.605,-47.373,142.163
13195,0.7407,-0.0562,-0.6802,-1.648,-0.732,-1.648,-175.638,-47.368,142.191
13206,0.7402,-0.0576,-0.6792,-1.770,-0.793,-1.465,-175.666,-47.357,142.213
13215,0.7417,-0.0566,-0.6763,-1.892,-0.793,-1.099,-175.693,-47.351,142.229
13225,0.7427,-0.0547,-0.6768,-1.831,-0.793,-0.610,-175.715,-47.346,142.240
13235,0.7422,-0.0527,-0.6748,-1.587,-0.793,-0.244,-175.732,-47.346,142.240
13245,0.7432,-0.0513,-0.6768,-1.282,-0.732,0.183,-175.743,-47.340,142.240
13255,0.7446,-0.0513,-0.6743,-0.977,-0.610,0.549,-175.748,-47.335,142.234
13265,0.7437,-0.0508,-0.6782,-0.732,-0.427,0.854,-175.743,-47.335,142.224
13275,0.7422,-0.0493,-0.6792,-0.488,-0.183,1.099,-175.737,-47.335,142.207
13285,0.7417,-0.0488,-0.6777,-0.244,0.122,1.221,-175.732,-47.335,142.185
13295,0.7402,-0.0488,-0.6812,-0.061,0.427,1.160,-175.721,-47.340,142.169
13305,0.7397,-0.0488,-0.6851,-0.122,0.610,1.038,-175.710,-47.340,142.152
13315,0.7393,-0.0483,-0.6831,-0.366,0.488,0.916,-175.704,-47.346,142.141
13325,0.7388,-0.0474,-0.6875,-0.610,0.305,0.732,-175.710,-47.346,142.130
13335,0.7393,-0.0488,-0.6841,-0.793,0.061,0.610,-175.710,-47.340,142.119
13345,0.7412,-0.0513,-0.6855,-0.916,-0.305,0.549,-175.715,-47.335,142.114
13355,0.7397,-0.0493,-0.6855,-0.916,-0.549,0.488,-175.721,-47.329,142.103
13365,0.7402,-0.0513,-0.6855,-0.916,-0.671,0.488,-175.726,-47.318,142.097
13375,0.7388,-0.0503,-0.6841,-0.793,-0.732,0.610,-175.726,-47.307,142.092
13385,0.7388,-0.0513,-0.6831,-0.671,-0.610,0.610,-175.726,-47.302,142.081
13395,0.7397,-0.0527,-0.6821,-0.610,-0.427,0.671,-175.726,-47.296,142.075
13405,0.7383,-0.0542,-0.6826,-0.488,-0.183,0.671,-175.721,-47.291,142.064
13415,0.7397,-0.0532,-0.6851,-0.366,0.000,0.732,-175.715,-47.291,142.053
13425,0.7402,-0.0518,-0.6851,-0.366,0.183,0.732,-175.710,-47.291,142.042
13435,0.7407,-0.0513,-0.6836,-0.305,0.183,0.793,-175.704,-47.291,142.031
13445,0.7427,-0.0498,-0.6831,-0.244,0.183,0.793,-175.699,-47.291,142.015
13455,0.7432,-0.0498,-0.6855,-0.183,0.061,0.793,-175.693,-47.291,142.004
13465,0.7427,-0.0522,-0.6816,-0.305,-0.183,0.793,-175.688,-47.291,141.993
13475,0.7407,-0.0508,-0.6816,-0.366,-0.305,0.732,-175.682,-47.285,141.982
13485,0.7388,-0.0513,-0.6816,-0.427,-0.366,0.610,-175.682,-47.285,141.976
13495,0.7407,-0.0488,-0.6821,-0.549,-0.366,0.610,-175.682,-47.280,141.965
13505,0.7412,-0.0513,-0.6807,-0.488,-0.305,0.610,-175.682,-47.274,141.960
13515,0.7397,-0.0508,-0.6787,-0.366,-0.183,0.549,-175.682,-47.274,141.949
13525,0.7378,-0.0522,-0.6802,-0.244,0.000,0.610,-175.677,-47.274,141.943
13535,0.7407,-0.0522,-0.6821,-0.122,0.244,0.610,-175.671,-47.274,141.932
13545,0.7412,-0.0518,-0.6826,0.061,0.366,0.671,-175.660,-47.280,141.921
13555,0.7412,-0.0527,-0.6846,0.244,0.488,0.732,-175.649,-47.285,141.910
13565,0.7412,-0.0508,-0.6860,0.244,0.549,0.671,-175.644,-47.285,141.899
13575,0.7427,-0.0508,-0.6855,0.244,0.488,0.671,-175.633,-47.291,141.888
13585,0.7441,-0.0532,-0.6860,0.244,0.427,0.549,-175.622,-47.296,141.883
13595,0.7451,-0.0518,-0.6870,0.061,0.305,0.488,-175.616,-47.296,141.872
13605,0.7407,-0.0537,-0.6841,-0.183,0.122,0.366,-175.616,-47.296,141.866
13615,0.7412,-0.0532,-0.6851,-0.366,-0.122,0.305,-175.616,-47.296,141.861
13625,0.7378,-0.0522,-0.6831,-0.427,-0.183,0.244,-175.616,-47.291,141.861
13635,0.7378,-0.0518,-0.6821,-0.305,-0.122,0.366,-175.616,-47.285,141.855
13645,0.7368,-0.0518,-0.6826,-0.061,0.000,0.549,-175.611,-47.285,141.844
13655,0.7378,-0.0542,-0.6816,0.244,0.183,0.671,-175.600,-47.285,141.839
13665,0.7397,-0.0537,-0.6846,0.549,0.305,0.732,-175.583,-47.285,141.828
13675,0.7397,-0.0542,-0.6851,0.671,0.427,0.793,-175.567,-47.291,141.812
13685,0.7397,-0.0513,-0.6831,0.610,0.549,0.793,-175.556,-47.291,141.801
13695,0.7402,-0.0508,-0.6821,0.488,0.549,0.793,-175.545,-47.296,141.790
13706,0.7407,-0.0522,-0.6807,0.366,0.427,0.793,-175.534,-47.302,141.779
13715,0.7407,-0.0513,-0.6836,0.305,0.366,0.671,-175.523,-47.302,141.768
13725,0.7402,-0.0532,-0.6816,0.244,0.183,0.671,-175.512,-47.307,141.757
13735,0.7412,-0.0527,-0.6802,0.244,0.122,0.610,-175.507,-47.307,141.746
13745,0.7432,-0.0537,-0.6821,0.244,0.122,0.671,-175.496,-47.307,141.735
13755,0.7422,-0.0566,-0.6802,0.244,0.122,0.671,-175.485,-47.307,141.729
13765,0.7427,-0.0566,-0.6792,0.183,0.183,0.732,-175.468,-47.313,141.718
13775,0.7451,-0.0562,-0.6787,0.061,0.366,0.732,-175.457,-47.318,141.707
13785,0.7441,-0.0557,-0.6816,0.183,0.610,0.854,-175.446,-47.324,141.691
13795,0.7437,-0.0576,-0.6841,0.427,0.793,0.854,-175.430,-47.329,141.680
13805,0.7456,-0.0586,-0.6851,0.671,0.916,0.793,-175.413,-47.340,141.663
13815,0.7466,-0.0591,-0.6880,0.793,0.977,0.610,-175.391,-47.346,141.658
13825,0.7466,-0.0640,-0.6895,0.427,0.854,0.244,-175.380,-47.357,141.652
13835,0.7476,-0.0679,-0.6929,-0.427,0.671,-0.183,-175.375,-47.357,141.652
13845,0.7471,-0.0693,-0.6919,-1.587,0.305,-0.610,-175.386,-47.357,141.663
13855,0.7466,-0.0679,-0.6855,-2.869,-0.183,-0.854,-175.413,-47.357,141.674
13865,0.7446,-0.0659,-0.6851,-3.723,-0.732,-0.916,-175.452,-47.351,141.691
13875,0.7422,-0.0625,-0.6826,-4.028,-1.160,-0.732,-175.490,-47.340,141.702
13885,0.7397,-0.0586,-0.6792,-3.845,-1.404,-0.244,-175.529,-47.324,141.707
13895,0.7363,-0.0562,-0.6758,-3.418,-1.282,0.366,-175.556,-47.313,141.702
13905,0.7329,-0.0518,-0.6758,-2.747,-0.793,0.977,-175.578,-47.302,141.691
13915,0.7324,-0.0483,-0.6772,-1.892,-0.061,1.465,-175.583,-47.302,141.669
13925,0.7305,-0.0439,-0.6768,-1.160,0.793,1.648,-175.583,-47.307,141.641
13935,0.7319,-0.0459,-0.6812,-0.610,1.648,1.709,-175.573,-47.318,141.614
13945,0.7334,-0.0449,-0.6855,-0.244,2.502,1.587,-175.567,-47.335,141.586
13955,0.7349,-0.0430,-0.6909,-0.122,2.930,1.160,-175.562,-47.357,141.570
13965,0.7368,-0.0415,-0.6948,-0.305,3.113,0.549,-175.567,-47.379,141.559
13975,0.7397,-0.0425,-0.6987,-0.610,2.808,-0.183,-175.578,-47.401,141.553
13985,0.7417,-0.0439,-0.6982,-1.160,2.197,-0.977,-175.611,-47.417,141.570
13995,0.7427,-0.0439,-0.6968,-1.892,1.343,-1.770,-175.655,-47.422,141.592
14005,0.7422,-0.0454,-0.6943,-2.502,0.488,-2.380,-175.710,-47.428,141.625
14015,0.7397,-0.0459,-0.6875,-2.869,-0.183,-2.869,-175.770,-47.422,141.669
14025,0.7368,-0.0459,-0.6846,-2.930,-0.488,-3.296,-175.842,-47.417,141.718
14035,0.7358,-0.0459,-0.6831,-2.747,-0.366,-3.418,-175.908,-47.411,141.768
14045,0.7363,-0.0449,-0.6797,-2.380,0.000,-3.357,-175.974,-47.411,141.817
14055,0.7388,-0.0459,-0.6777,-1.892,0.549,-3.235,-176.028,-47.417,141.866
14065,0.7422,-0.0469,-0.6782,-1.343,1.099,-3.052,-176.072,-47.433,141.910
14075,0.7441,-0.0474,-0.6782,-0.793,1.526,-2.869,-176.111,-47.450,141.949
14085,0.7456,-0.0459,-0.6787,-0.610,1.770,-2.686,-176.144,-47.472,141.987
14095,0.7471,-0.0474,-0.6782,-0.671,1.831,-2.502,-176.171,-47.494,142.026
14105,0.7471,-0.0444,-0.6782,-0.977,1.770,-2.441,-176.210,-47.516,142.059
14115,0.7461,-0.0400,-0.6777,-0.977,1.526,-2.380,-176.248,-47.538,142.092
14125,0.7476,-0.0356,-0.6797,-0.793,1.343,-2.258,-176.287,-47.549,142.125
14135,0.7451,-0.0356,-0.6753,-0.366,1.160,-2.136,-176.320,-47.565,142.152
14145,0.7441,-0.0371,-0.6763,0.122,0.916,-2.075,-176.347,-47.576,142.185
14155,0.7427,-0.0415,-0.6768,0.427,0.671,-2.014,-176.364,-47.587,142.213
14165,0.7441,-0.0459,-0.6782,0.305,0.549,-2.197,-176.380,-47.593,142.245
14175,0.7466,-0.0542,-0.6802,-0.305,0.610,-2.441,-176.402,-47.604,142.278
14185,0.7495,-0.0571,-0.6772,-1.282,0.732,-2.502,-176.429,-47.609,142.317
14195,0.7510,-0.0586,-0.6777,-2.136,0.793,-2.258,-176.457,-47.626,142.350
14206,0.7510,-0.0566,-0.6724,-2.563,0.793,-1.770,-176.490,-47.637,142.377
14215,0.7476,-0.0542,-0.6748,-2.197,0.671,-0.977,-176.512,-47.648,142.388
14225,0.7432,-0.0493,-0.6729,-1.404,0.427,0.000,-176.517,-47.653,142.388
14235,0.7417,-0.0498,-0.6714,-0.427,0.488,1.038,-176.501,-47.659,142.372
14245,0.7427,-0.0498,-0.6709,0.427,0.549,1.953,-176.468,-47.664,142.344
14255,0.7451,-0.0488,-0.6753,1.221,0.793,2.808,-176.418,-47.670,142.300
14265,0.7505,-0.0498,-0.6792,1.892,1.160,3.235,-176.358,-47.681,142.251
14275,0.7520,-0.0479,-0.6826,2.258,1.526,3.235,-176.298,-47.692,142.202
14285,0.7520,-0.0444,-0.6860,2.380,1.770,2.930,-176.243,-47.708,142.158
14295,0.7505,-0.0469,-0.6880,2.136,1.892,2.380,-176.193,-47.725,142.119
14305,0.7480,-0.0439,-0.6865,1.404,1.770,1.526,-176.160,-47.736,142.097
14315,0.7490,-0.0381,-0.6880,0.488,1.404,0.549,-176.155,-47.747,142.086
14325,0.7490,-0.0322,-0.6865,-0.305,0.854,-0.305,-176.171,-47.752,142.092
14335,0.7476,-0.0273,-0.6831,-0.793,0.183,-0.977,-176.204,-47.752,142.103
14345,0.7441,-0.0254,-0.6782,-0.977,-0.427,-1.526,-176.248,-47.747,142.130
14355,0.7412,-0.0215,-0.6743,-0.854,-0.916,-1.892,-176.298,-47.741,142.158
14365,0.7407,-0.0234,-0.6704,-0.488,-1.343,-2.075,-176.342,-47.730,142.191
14375,0.7378,-0.0273,-0.6714,-0.061,-1.343,-2.258,-176.385,-47.719,142.224
14385,0.7417,-0.0366,-0.6704,0.183,-1.038,-2.502,-176.413,-47.708,142.262
14395,0.7471,-0.0435,-0.6680,0.122,-0.488,-2.563,-176.440,-47.714,142.300
14405,0.7510,-0.0474,-0.6680,-0.122,0.122,-2.625,-176.462,-47.719,142.339
14415,0.7554,-0.0522,-0.6689,-0.244,0.610,-2.502,-176.484,-47.736,142.377
14425,0.7593,-0.0527,-0.6709,-0.244,0.977,-2.197,-176.501,-47.752,142.405
14435,0.7588,-0.0537,-0.6704,0.000,1.038,-1.709,-176.506,-47.774,142.432
14445,0.7583,-0.0542,-0.6729,0.305,0.854,-1.099,-176.506,-47.785,142.449
14455,0.7583,-0.0537,-0.6724,0.427,0.610,-0.549,-176.495,-47.796,142.454
14465,0.7549,-0.0513,-0.6709,0.488,0.244,-0.061,-176.484,-47.807,142.454
14475,0.7500,-0.0493,-0.6704,0.488,0.000,0.366,-176.468,-47.807,142.449
14485,0.7471,-0.0464,-0.6729,0.427,0.061,0.671,-176.451,-47.813,142.438
14495,0.7446,-0.0439,-0.6704,0.366,0.305,0.916,-176.435,-47.813,142.427
14505,0.7427,-0.0405,-0.6709,0.366,0.732,1.221,-176.418,-47.823,142.405
14515,0.7402,-0.0332,-0.6738,0.732,1.160,1.526,-176.402,-47.829,142.383
14525,0.7397,-0.0298,-0.6724,1.526,1.587,1.831,-176.375,-47.845,142.355
14535,0.7402,-0.0283,-0.6768,2.563,1.892,2.075,-176.336,-47.856,142.322
14545,0.7456,-0.0308,-0.6782,3.418,1.953,2.075,-176.292,-47.873,142.289
14555,0.7461,-0.0332,-0.6807,3.967,1.770,1.831,-176.237,-47.889,142.262
14565,0.7510,-0.0386,-0.6812,3.906,1.404,1.404,-176.188,-47.900,142.240
14575,0.7524,-0.0415,-0.6821,3.357,0.977,0.732,-176.149,-47.906,142.224
14585,0.7524,-0.0454,-0.6816,2.502,0.488,0.000,-176.127,-47.911,142.224
14595,0.7505,-0.0474,-0.6758,1.465,0.000,-0.610,-176.116,-47.911,142.234
14606,0.7476,-0.0493,-0.6738,0.549,-0.366,-1.038,-176.122,-47.911,142.251
14615,0.7461,-0.0488,-0.6714,0.061,-0.549,-1.038,-176.127,-47.906,142.267
14626,0.7466,-0.0537,-0.6694,0.061,-0.671,-0.732,-176.127,-47.900,142.278
14636,0.7441,-0.0557,-0.6670,0.366,-0.549,-0.122,-176.116,-47.895,142.278
14646,0.7466,-0.0566,-0.6680,0.916,-0.305,0.671,-176.094,-47.895,142.273
14655,0.7480,-0.0586,-0.6680,1.587,0.000,1.648,-176.050,-47.895,142.245
14666,0.7500,-0.0601,-0.6680,2.258,0.427,2.625,-175.984,-47.900,142.207
14676,0.7495,-0.0610,-0.6694,2.808,0.854,3.357,-175.908,-47.911,142.158
14686,0.7505,-0.0610,-0.6738,3.357,1.221,4.028,-175.820,-47.922,142.097
14695,0.7490,-0.0620,-0.6743,3.662,1.526,4.517,-175.721,-47.933,142.026
14706,0.7510,-0.0601,-0.6743,3.723,1.648,4.822,-175.622,-47.944,141.954
14716,0.7505,-0.0557,-0.6782,3.845,1.648,4.944,-175.523,-47.955,141.877
14726,0.7485,-0.0547,-0.6802,3.906,1.526,4.822,-175.430,-47.966,141.801
14736,0.7480,-0.0503,-0.6807,3.784,1.282,4.578,-175.347,-47.972,141.735
14746,0.7466,-0.0503,-0.6802,3.357,0.977,4.150,-175.270,-47.972,141.669
14756,0.7432,-0.0503,-0.6802,2.747,0.671,3.662,-175.210,-47.972,141.614
14766,0.7417,-0.0479,-0.6787,2.197,0.305,3.235,-175.155,-47.966,141.564
14776,0.7446,-0.0449,-0.6782,1.831,0.061,2.747,-175.122,-47.961,141.526
14786,0.7461,-0.0439,-0.6768,1.892,-0.061,2.502,-175.084,-47.955,141.487
14798,0.7461,-0.0444,-0.6753,2.258,-0.183,2.319,-175.051,-47.950,141.454
14806,0.7495,-0.0474,-0.6738,2.930,-0.244,2.136,-175.007,-47.950,141.422
14816,0.7510,-0.0532,-0.6763,3.723,-0.183,1.831,-174.957,-47.944,141.394
14826,0.7515,-0.0591,-0.6729,4.089,-0.061,1.404,-174.897,-47.944,141.378
14836,0.7534,-0.0635,-0.6733,3.662,0.000,0.793,-174.853,-47.944,141.361
14846,0.7568,-0.0640,-0.6748,2.563,-0.061,0.122,-174.820,-47.944,141.361
14856,0.7578,-0.0674,-0.6748,1.404,-0.061,-0.488,-174.809,-47.950,141.367
14866,0.7524,-0.0679,-0.6699,0.244,-0.061,-0.854,-174.809,-47.950,141.383
14876,0.7490,-0.0669,-0.6685,-0.549,-0.061,-0.977,-174.820,-47.955,141.394
14886,0.7456,-0.0654,-0.6660,-0.916,-0.183,-0.732,-174.831,-47.955,141.405
14896,0.7422,-0.0645,-0.6670,-0.854,-0.244,-0.122,-174.842,-47.950,141.411
14906,0.7422,-0.0640,-0.6665,-0.305,-0.061,0.732,-174.831,-47.950,141.400
14916,0.7402,-0.0659,-0.6670,0.732,0.244,1.770,-174.798,-47.950,141.372
14926,0.7388,-0.0674,-0.6636,1.831,0.549,2.808,-174.743,-47.950,141.328
14936,0.7417,-0.0684,-0.6660,2.808,0.732,3.723,-174.672,-47.955,141.273
14946,0.7441,-0.0674,-0.6709,3.723,0.977,4.517,-174.578,-47.961,141.207
14956,0.7446,-0.0674,-0.6724,4.456,1.221,5.249,-174.474,-47.966,141.125
14966,0.7480,-0.0669,-0.6743,5.127,1.343,5.798,-174.353,-47.972,141.037
14976,0.7471,-0.0684,-0.6753,5.615,1.282,6.226,-174.227,-47.977,140.944
14986,0.7466,-0.0693,-0.6743,5.859,0.977,6.531,-174.095,-47.977,140.845
14996,0.7456,-0.0674,-0.6738,5.859,0.671,6.714,-173.969,-47.977,140.746
15006,0.7432,-0.0679,-0.6709,5.737,0.305,6.958,-173.837,-47.972,140.641
15016,0.7432,-0.0674,-0.6704,5.676,-0.061,7.324,-173.705,-47.961,140.532
15026,0.7422,-0.0679,-0.6694,5.981,-0.244,7.690,-173.568,-47.944,140.416
15036,0.7417,-0.0708,-0.6646,6.531,-0.244,8.179,-173.419,-47.933,140.295
15046,0.7422,-0.0713,-0.6626,7.385,-0.244,8.911,-173.249,-47.928,140.164
15056,0.7437,-0.0732,-0.6606,8.606,-0.122,9.766,-173.062,-47.917,140.021
15066,0.7451,-0.0786,-0.6636,10.132,0.122,10.498,-172.853,-47.906,139.861
15076,0.7480,-0.0859,-0.6636,11.536,0.549,11.047,-172.612,-47.900,139.702
15086,0.7539,-0.0967,-0.6670,12.451,0.854,11.353,-172.359,-47.900,139.532
15096,0.7578,-0.1069,-0.6733,12.939,0.977,11.292,-172.090,-47.895,139.362
15106,0.7646,-0.1162,-0.6777,12.634,1.160,10.742,-171.832,-47.895,139.202
15116,0.7656,-0.1270,-0.6816,11.230,1.221,9.705,-171.584,-47.889,139.054
15126,0.7686,-0.1362,-0.6841,8.667,1.221,8.057,-171.381,-47.889,138.933
15136,0.7676,-0.1406,-0.6855,4.883,0.977,5.981,-171.238,-47.889,138.840
15146,0.7632,-0.1377,-0.6826,0.427,0.610,3.845,-171.167,-47.884,138.785
15156,0.7593,-0.1304,-0.6821,-3.723,0.305,1.892,-171.161,-47.884,138.757
15166,0.7568,-0.1221,-0.6758,-6.897,0.061,0.488,-171.211,-47.884,138.746
15176,0.7480,-0.1099,-0.6738,-8.484,-0.244,-0.061,-171.293,-47.878,138.752
15186,0.7432,-0.1001,-0.6694,-8.362,-0.549,0.244,-171.376,-47.867,138.746
15196,0.7383,-0.0933,-0.6680,-6.958,-0.610,1.160,-171.436,-47.856,138.730
15206,0.7354,-0.0908,-0.6660,-4.639,-0.549,2.319,-171.469,-47.845,138.697
15216,0.7339,-0.0869,-0.6675,-2.319,-0.183,3.357,-171.464,-47.834,138.647
15226,0.7354,-0.0854,-0.6709,-0.305,0.366,4.211,-171.436,-47.829,138.587
15236,0.7349,-0.0806,-0.6729,1.404,0.977,4.761,-171.387,-47.829,138.516
15246,0.7349,-0.0776,-0.6748,2.747,1.526,4.822,-171.326,-47.829,138.439
15256,0.7393,-0.0767,-0.6782,3.723,1.953,4.333,-171.260,-47.834,138.373
15266,0.7412,-0.0752,-0.6802,4.089,2.075,3.479,-171.200,-47.845,138.318
15276,0.7461,-0.0737,-0.6821,3.906,1.892,2.380,-171.161,-47.856,138.274
15286,0.7485,-0.0732,-0.6826,3.418,1.343,1.038,-171.140,-47.867,138.257
15296,0.7500,-0.0757,-0.6812,2.747,0.671,-0.488,-171.145,-47.867,138.263
15306,0.7515,-0.0811,-0.6782,1.953,-0.305,-2.014,-171.167,-47.867,138.296
15316,0.7529,-0.0830,-0.6768,1.038,-1.160,-3.418,-171.211,-47.862,138.345
15326,0.7539,-0.0869,-0.6738,0.183,-1.892,-4.761,-171.282,-47.851,138.422
15336,0.7524,-0.0957,-0.6675,-0.732,-2.258,-5.859,-171.359,-47.840,138.516
15346,0.7534,-0.1025,-0.6685,-1.648,-2.258,-6.714,-171.453,-47.834,138.615
15356,0.7534,-0.1094,-0.6655,-2.380,-2.014,-7.263,-171.552,-47.829,138.730
15366,0.7549,-0.1157,-0.6606,-2.930,-1.343,-7.568,-171.650,-47.829,138.845
15376,0.7554,-0.1162,-0.6606,-3.357,-0.671,-7.385,-171.744,-47.840,138.955
15386,0.7544,-0.1152,-0.6611,-3.601,-0.183,-6.897,-171.843,-47.851,139.054
15396,0.7544,-0.1167,-0.6602,-3.601,0.061,-6.165,-171.925,-47.867,139.147
15406,0.7544,-0.1113,-0.6587,-3.357,0.122,-5.127,-171.996,-47.884,139.219
15416,0.7534,-0.1089,-0.6582,-2.747,0.061,-3.906,-172.051,-47.895,139.279
15426,0.7500,-0.1035,-0.6592,-1.648,0.000,-2.563,-172.084,-47.900,139.318
15436,0.7451,-0.1016,-0.6606,-0.122,-0.061,-1.282,-172.095,-47.906,139.334
15446,0.7427,-0.1011,-0.6636,1.099,0.061,-0.305,-172.079,-47.906,139.340
15456,0.7441,-0.1001,-0.6685,1.831,0.305,0.366,-172.051,-47.906,139.334
15466,0.7461,-0.0981,-0.6729,1.892,0.732,0.610,-172.018,-47.911,139.323
15476,0.7480,-0.1001,-0.6738,1.526,1.038,0.549,-171.991,-47.917,139.312
15486,0.7490,-0.0981,-0.6753,0.854,1.221,0.183,-171.980,-47.928,139.307
15496,0.7505,-0.0991,-0.6777,0.061,1.160,-0.244,-171.974,-47.939,139.312
15506,0.7510,-0.0977,-0.6772,-0.732,0.671,-0.732,-171.985,-47.944,139.318
15516,0.7495,-0.0972,-0.6768,-1.587,0.122,-1.099,-172.013,-47.944,139.334
15526,0.7471,-0.0952,-0.6733,-2.197,-0.488,-1.221,-172.046,-47.939,139.356
15536,0.7466,-0.0942,-0.6724,-2.625,-0.854,-1.404,-172.090,-47.928,139.378
15546,0.7432,-0.0898,-0.6689,-2.747,-0.977,-1.343,-172.139,-47.917,139.400
15556,0.7417,-0.0918,-0.6670,-2.686,-0.916,-1.343,-172.178,-47.911,139.422
15566,0.7422,-0.0908,-0.6709,-2.441,-0.732,-1.160,-172.216,-47.900,139.438
15576,0.7422,-0.0903,-0.6665,-2.136,-0.305,-0.977,-172.249,-47.900,139.455
15586,0.7446,-0.0889,-0.6670,-1.770,0.000,-0.793,-172.277,-47.900,139.466
15596,0.7471,-0.0879,-0.6685,-1.404,0.305,-0.610,-172.299,-47.906,139.471
15606,0.7480,-0.0864,-0.6699,-1.038,0.427,-0.488,-172.321,-47.911,139.482
15616,0.7490,-0.0874,-0.6719,-0.671,0.488,-0.488,-172.332,-47.917,139.488
15626,0.7500,-0.0869,-0.6748,-0.427,0.366,-0.610,-172.348,-47.917,139.493
15636,0.7485,-0.0889,-0.6748,-0.366,0.244,-0.854,-172.359,-47.922,139.504
15646,0.7485,-0.0859,-0.6738,-0.488,0.122,-1.099,-172.381,-47.922,139.521
15656,0.7500,-0.0850,-0.6748,-0.732,0.000,-1.465,-172.408,-47.922,139.543
15666,0.7500,-0.0840,-0.6763,-0.916,-0.122,-1.892,-172.441,-47.922,139.570
15676,0.7505,-0.0806,-0.6748,-1.099,-0.183,-2.319,-172.485,-47.922,139.609
15686,0.7490,-0.0771,-0.6714,-1.282,-0.305,-2.686,-172.540,-47.922,139.647
15696,0.7466,-0.0757,-0.6670,-1.404,-0.488,-2.991,-172.595,-47.922,139.691
15706,0.7451,-0.0728,-0.6689,-0.793,-0.427,-3.357,-172.656,-47.922,139.746
15716,0.7451,-0.0742,-0.6655,-0.244,-0.183,-3.540,-172.705,-47.928,139.796
15726,0.7456,-0.0742,-0.6694,0.061,0.061,-3.723,-172.755,-47.933,139.850
15736,0.7471,-0.0791,-0.6709,0.122,0.244,-3.906,-172.798,-47.939,139.911
15746,0.7495,-0.0820,-0.6748,0.000,0.366,-4.089,-172.848,-47.944,139.966
15756,0.7520,-0.0840,-0.6738,-0.305,0.488,-4.333,-172.897,-47.955,140.032
15766,0.7510,-0.0854,-0.6729,-0.610,0.427,-4.517,-172.952,-47.966,140.098
15776,0.7515,-0.0884,-0.6714,-0.854,0.305,-4.578,-173.002,-47.977,140.164
15786,0.7534,-0.0869,-0.6709,-0.854,0.000,-4.639,-173.057,-47.983,140.235
15796,0.7534,-0.0879,-0.6719,-0.854,-0.183,-4.578,-173.112,-47.988,140.301
15806,0.7529,-0.0864,-0.6714,-0.854,-0.366,-4.456,-173.167,-47.988,140.367
15816,0.7495,-0.0859,-0.6714,-0.732,-0.488,-4.333,-173.216,-47.988,140.433
15826,0.7480,-0.0854,-0.6709,-0.488,-0.366,-4.211,-173.260,-47.988,140.499
15836,0.7461,-0.0840,-0.6719,-0.305,-0.122,-4.211,-173.309,-47.988,140.559
15846,0.7480,-0.0845,-0.6733,-0.549,0.122,-4.272,-173.353,-47.994,140.625
15856,0.7456,-0.0825,-0.6719,-0.977,0.305,-4.211,-173.408,-47.999,140.685
15866,0.7476,-0.0801,-0.6699,-1.404,0.366,-4.150,-173.463,-48.010,140.746
15876,0.7490,-0.0786,-0.6714,-1.709,0.244,-4.028,-173.524,-48.016,140.806
15886,0.7500,-0.0791,-0.6685,-1.770,-0.122,-3.845,-173.578,-48.016,140.861
15896,0.7490,-0.0811,-0.6689,-1.709,-0.427,-3.540,-173.628,-48.016,140.916
15906,0.7505,-0.0801,-0.6689,-1.770,-0.610,-3.174,-173.677,-48.016,140.966
15916,0.7505,-0.0806,-0.6694,-1.709,-0.793,-2.808,-173.721,-48.010,141.010
15926,0.7480,-0.0781,-0.6655,-1.587,-0.671,-2.380,-173.760,-48.010,141.042
15936,0.7500,-0.0767,-0.6665,-1.221,-0.549,-1.953,-173.793,-48.010,141.075
15946,0.7495,-0.0757,-0.6650,-0.732,-0.305,-1.526,-173.815,-48.010,141.097
15956,0.7480,-0.0771,-0.6665,-0.183,-0.061,-1.221,-173.826,-48.010,141.114
15966,0.7485,-0.0762,-0.6694,0.122,0.183,-0.916,-173.831,-48.016,141.130
15976,0.7490,-0.0752,-0.6680,0.183,0.305,-0.732,-173.831,-48.021,141.141
15986,0.7505,-0.0752,-0.6719,0.000,0.366,-0.610,-173.837,-48.021,141.147
15996,0.7510,-0.0747,-0.6709,-0.305,0.427,-0.610,-173.842,-48.027,141.158
16006,0.7495,-0.0713,-0.6719,-0.549,0.305,-0.488,-173.853,-48.032,141.163
16016,0.7485,-0.0703,-0.6729,-0.732,0.122,-0.427,-173.870,-48.032,141.169
16026,0.7500,-0.0669,-0.6724,-0.793,-0.061,-0.244,-173.886,-48.032,141.174
16036,0.7466,-0.0664,-0.6724,-0.549,-0.122,0.000,-173.892,-48.027,141.174
16046,0.7485,-0.0679,-0.6709,-0.061,-0.244,0.183,-173.897,-48.027,141.169
16056,0.7476,-0.0693,-0.6724,0.305,-0.244,0.305,-173.892,-48.021,141.163
16066,0.7480,-0.0728,-0.6743,0.427,-0.183,0.305,-173.886,-48.016,141.163
16076,0.7480,-0.0757,-0.6724,0.244,-0.122,0.244,-173.875,-48.016,141.158
16086,0.7510,-0.0752,-0.6743,-0.183,-0.061,0.122,-173.875,-48.010,141.158
16096,0.7529,-0.0742,-0.6719,-0.549,0.061,0.061,-173.875,-48.016,141.158
16106,0.7520,-0.0737,-0.6709,-0.793,0.000,0.061,-173.881,-48.016,141.152
16116,0.7510,-0.0737,-0.6714,-0.793,-0.061,0.183,-173.886,-48.016,141.152
16126,0.7515,-0.0718,-0.6709,-0.671,-0.244,0.305,-173.892,-48.010,141.147
16136,0.7510,-0.0723,-0.6699,-0.427,-0.366,0.549,-173.892,-48.010,141.141
16146,0.7500,-0.0732,-0.6685,-0.061,-0.366,0.793,-173.881,-48.005,141.130
16156,0.7490,-0.0737,-0.6704,0.244,-0.122,0.916,-173.864,-48.005,141.114
16166,0.7490,-0.0767,-0.6714,0.305,0.122,0.977,-173.848,-48.005,141.103
16176,0.7485,-0.0742,-0.6724,0.122,0.427,0.916,-173.837,-48.005,141.086
16186,0.7505,-0.0708,-0.6729,-0.183,0.610,0.732,-173.831,-48.010,141.075
16196,0.7505,-0.0708,-0.6738,-0.366,0.610,0.549,-173.831,-48.016,141.064
16207,0.7505,-0.0693,-0.6763,-0.549,0.427,0.427,-173.831,-48.016,141.059
16216,0.7495,-0.0664,-0.6743,-0.610,0.122,0.305,-173.842,-48.016,141.053
16226,0.7495,-0.0640,-0.6743,-0.610,-0.183,0.244,-173.853,-48.016,141.048
16236,0.7480,-0.0654,-0.6758,-0.549,-0.427,0.183,-173.859,-48.005,141.048
16246,0.7466,-0.0674,-0.6699,-0.427,-0.610,0.122,-173.870,-47.999,141.048
16256,0.7480,-0.0684,-0.6694,-0.366,-0.610,0.061,-173.875,-47.994,141.048
16266,0.7476,-0.0698,-0.6709,-0.305,-0.427,-0.061,-173.881,-47.988,141.048
16276,0.7485,-0.0713,-0.6719,-0.244,-0.244,-0.061,-173.886,-47.988,141.053
16286,0.7485,-0.0728,-0.6704,-0.305,0.061,-0.122,-173.886,-47.988,141.053
16296,0.7490,-0.0737,-0.6694,-0.305,0.183,-0.122,-173.892,-47.988,141.053
16306,0.7520,-0.0767,-0.6729,-0.366,0.244,-0.061,-173.892,-47.994,141.053
16316,0.7500,-0.0723,-0.6719,-0.305,0.244,0.000,-173.892,-47.994,141.053
16326,0.7505,-0.0723,-0.6729,-0.183,0.122,0.183,-173.892,-47.999,141.053
16336,0.7500,-0.0752,-0.6738,-0.122,0.000,0.244,-173.886,-47.994,141.048
16346,0.7490,-0.0732,-0.6719,-0.061,-0.061,0.366,-173.886,-47.994,141.042
16356,0.7495,-0.0737,-0.6729,-0.122,-0.061,0.427,-173.881,-47.994,141.037
16366,0.7500,-0.0713,-0.6738,-0.061,-0.122,0.488,-173.875,-47.988,141.031
16376,0.7500,-0.0698,-0.6748,0.000,-0.061,0.549,-173.870,-47.988,141.021
16386,0.7510,-0.0669,-0.6733,0.183,0.000,0.488,-173.870,-47.988,141.015
16396,0.7515,-0.0664,-0.6714,0.488,0.000,0.427,-173.864,-47.988,141.010
16406,0.7510,-0.0669,-0.6714,0.671,-0.061,0.305,-173.859,-47.988,141.004
16416,0.7500,-0.0688,-0.6719,0.793,-0.061,0.122,-173.853,-47.988,140.999
16426,0.7529,-0.0679,-0.6719,0.610,-0.122,-0.183,-173.853,-47.988,141.004
16436,0.7529,-0.0698,-0.6729,0.305,-0.061,-0.549,-173.859,-47.988,141.015
16446,0.7515,-0.0698,-0.6724,0.061,-0.061,-0.854,-173.870,-47.988,141.026
16456,0.7495,-0.0708,-0.6733,-0.183,0.000,-0.977,-173.881,-47.988,141.037
16466,0.7490,-0.0723,-0.6714,-0.366,0.000,-1.099,-173.897,-47.988,141.053
16476,0.7476,-0.0723,-0.6714,-0.366,0.000,-1.099,-173.914,-47.988,141.070
16486,0.7476,-0.0713,-0.6699,-0.366,0.061,-0.977,-173.930,-47.994,141.086
16496,0.7476,-0.0723,-0.6685,-0.122,0.183,-0.793,-173.936,-47.994,141.097
16506,0.7476,-0.0718,-0.6719,0.305,0.244,-0.488,-173.936,-47.999,141.103
16516,0.7466,-0.0718,-0.6748,0.671,0.305,-0.366,-173.936,-47.999,141.108
16526,0.7480,-0.0723,-0.6729,0.793,0.366,-0.305,-173.930,-47.999,141.114
16536,0.7490,-0.0713,-0.6743,0.793,0.366,-0.305,-173.925,-48.005,141.119
16546,0.7490,-0.0713,-0.6748,0.549,0.305,-0.488,-173.925,-48.005,141.125
16556,0.7500,-0.0698,-0.6729,0.366,0.244,-0.671,-173.930,-48.010,141.136
16566,0.7500,-0.0679,-0.6743,0.122,0.122,-0.916,-173.941,-48.010,141.147
16576,0.7510,-0.0688,-0.6709,0.000,0.000,-1.099,-173.958,-48.010,141.163
16586,0.7510,-0.0679,-0.6699,-0.122,-0.183,-1.221,-173.974,-48.010,141.180
16596,0.7485,-0.0674,-0.6685,-0.122,-0.244,-1.221,-173.990,-48.010,141.202
16606,0.7485,-0.0679,-0.6680,-0.122,-0.305,-1.221,-174.007,-48.010,141.218
16616,0.7515,-0.0674,-0.6680,0.061,-0.183,-1.160,-174.023,-48.010,141.235
16626,0.7515,-0.0684,-0.6665,0.244,-0.122,-1.099,-174.034,-48.016,141.251
16636,0.7549,-0.0703,-0.6689,0.366,0.061,-1.038,-174.040,-48.021,141.268
16646,0.7559,-0.0688,-0.6680,0.488,0.183,-0.977,-174.045,-48.027,141.284
16656,0.7578,-0.0732,-0.6670,0.549,0.305,-1.038,-174.051,-48.038,141.301
16666,0.7583,-0.0762,-0.6675,0.305,0.305,-1.160,-174.051,-48.043,141.317
16676,0.7593,-0.0767,-0.6675,-0.244,0.244,-1.282,-174.062,-48.054,141.334
16686,0.7573,-0.0752,-0.6655,-0.854,0.061,-1.282,-174.078,-48.060,141.350
16696,0.7568,-0.0713,-0.6641,-1.221,0.000,-1.221,-174.106,-48.065,141.372
16707,0.7534,-0.0728,-0.6641,-1.282,-0.183,-1.038,-174.122,-48.071,141.389
16716,0.7529,-0.0747,-0.6655,-1.221,-0.305,-0.671,-174.139,-48.071,141.400
16726,0.7554,-0.0757,-0.6621,-1.160,-0.366,-0.183,-174.144,-48.071,141.400
16736,0.7554,-0.0801,-0.6602,-1.221,-0.488,0.488,-174.144,-48.071,141.394
16746,0.7563,-0.0776,-0.6592,-1.282,-0.549,1.160,-174.133,-48.071,141.378
16756,0.7563,-0.0757,-0.6567,-1.160,-0.610,1.892,-174.117,-48.071,141.350
16766,0.7559,-0.0723,-0.6577,-0.793,-0.549,2.747,-174.095,-48.071,141.312
16776,0.7544,-0.0684,-0.6572,0.000,-0.366,3.601,-174.051,-48.071,141.257
16786,0.7524,-0.0649,-0.6592,1.099,-0.061,4.333,-173.996,-48.071,141.191
16799,0.7549,-0.0630,-0.6611,2.319,0.244,4.944,-173.925,-48.076,141.119
16806,0.7544,-0.0596,-0.6660,3.662,0.610,5.371,-173.842,-48.076,141.037
16816,0.7583,-0.0557,-0.6709,4.944,0.977,5.554,-173.743,-48.087,140.955
16826,0.7578,-0.0513,-0.6724,6.042,1.282,5.371,-173.644,-48.093,140.872
16836,0.7563,-0.0493,-0.6748,6.897,1.526,4.761,-173.540,-48.104,140.801
16846,0.7554,-0.0503,-0.6807,7.263,1.587,3.540,-173.452,-48.115,140.740
16856,0.7520,-0.0522,-0.6855,6.836,1.526,1.709,-173.386,-48.126,140.713
16866,0.7515,-0.0527,-0.6904,5.432,1.465,-0.671,-173.359,-48.131,140.724
16876,0.7495,-0.0518,-0.6958,3.296,1.465,-3.418,-173.386,-48.137,140.768
16886,0.7490,-0.0493,-0.6968,0.793,1.404,-6.348,-173.474,-48.148,140.861
16896,0.7510,-0.0464,-0.6929,-1.526,1.282,-9.216,-173.611,-48.164,140.999
16906,0.7500,-0.0444,-0.6934,-3.296,0.854,-11.902,-173.804,-48.175,141.174
16916,0.7476,-0.0454,-0.6904,-4.456,0.366,-14.160,-174.029,-48.186,141.383
16926,0.7456,-0.0425,-0.6885,-5.127,-0.244,-15.808,-174.276,-48.186,141.619
16936,0.7471,-0.0435,-0.6846,-5.188,-0.977,-16.907,-174.534,-48.186,141.872
16946,0.7456,-0.0449,-0.6826,-4.822,-1.648,-17.578,-174.798,-48.181,142.141
16956,0.7476,-0.0488,-0.6797,-4.211,-2.197,-17.944,-175.051,-48.170,142.410
16966,0.7480,-0.0503,-0.6763,-3.479,-2.563,-18.066,-175.292,-48.159,142.685
16976,0.7500,-0.0562,-0.6733,-2.930,-2.502,-18.188,-175.523,-48.148,142.960
16986,0.7549,-0.0576,-0.6729,-2.686,-2.197,-18.372,-175.748,-48.137,143.234
16996,0.7554,-0.0601,-0.6738,-2.747,-1.648,-18.616,-175.974,-48.137,143.514
17006,0.7559,-0.0605,-0.6709,-3.052,-1.099,-18.982,-176.204,-48.142,143.800
17016,0.7583,-0.0581,-0.6694,-3.662,-0.732,-19.226,-176.440,-48.148,144.086
17026,0.7617,-0.0591,-0.6724,-3.967,-0.427,-19.409,-176.677,-48.159,144.377
17036,0.7603,-0.0591,-0.6738,-4.211,-0.427,-19.470,-176.918,-48.170,144.668
17046,0.7583,-0.0596,-0.6758,-4.639,-0.488,-19.592,-177.160,-48.175,144.965
17056,0.7554,-0.0586,-0.6748,-5.737,-0.732,-19.653,-177.413,-48.175,145.261
17066,0.7534,-0.0537,-0.6782,-7.202,-0.916,-19.714,-177.687,-48.175,145.558
17076,0.7490,-0.0508,-0.6768,-8.362,-0.854,-19.470,-177.962,-48.170,145.849
17086,0.7485,-0.0483,-0.6787,-9.094,-0.671,-19.165,-178.248,-48.164,146.135
17096,0.7446,-0.0425,-0.6763,-9.583,-0.488,-18.616,-178.528,-48.164,146.415
17106,0.7461,-0.0400,-0.6772,-10.010,-0.488,-17.944,-178.808,-48.159,146.684
17116,0.7451,-0.0322,-0.6738,-10.071,-0.671,-16.968,-179.077,-48.153,146.937
17126,0.7446,-0.0273,-0.6753,-9.705,-0.793,-15.869,-179.335,-48.142,147.178
17136,0.7466,-0.0244,-0.6758,-8.789,-0.977,-14.648,-179.572,-48.131,147.398
17146,0.7480,-0.0195,-0.6753,-7.690,-1.221,-13.306,-179.780,-48.120,147.596
17156,0.7446,-0.0186,-0.6738,-6.714,-1.404,-11.963,-179.967,-48.104,147.777
17166,0.7446,-0.0137,-0.6680,-6.165,-1.343,-10.437,179.868,-48.087,147.931
17176,0.7441,-0.0098,-0.6636,-5.920,-0.916,-8.911,179.720,-48.082,148.063
17186,0.7461,-0.0049,-0.6602,-5.249,-0.244,-7.812,179.588,-48.082,148.184
17196,0.7505,-0.0034,-0.6592,-4.150,0.183,-7.080,179.478,-48.093,148.288
17207,0.7554,0.0005,-0.6641,-3.113,0.427,-6.348,179.956,-48.098,148.381
17216,0.7583,0.0010,-0.6689,-2.563,0.427,-5.371,179.868,-48.109,148.464
17226,0.7554,0.0015,-0.6689,-2.502,0.366,-4.272,179.797,-48.115,148.524
17236,0.7510,0.0020,-0.6694,-2.625,0.427,-3.479,179.736,-48.120,148.579
17246,0.7466,0.0059,-0.6680,-3.113,0.854,-2.563,179.670,-48.131,148.618
17256,0.7476,0.0093,-0.6675,-2.991,1.343,-2.319,179.610,-48.148,148.651
17266,0.7476,0.0107,-0.6719,-2.441,1.831,-2.502,179.555,-48.164,148.689
17276,0.7476,0.0107,-0.6753,-2.014,2.075,-2.808,179.500,-48.181,148.733
17286,0.7515,0.0117,-0.6753,-2.380,2.319,-2.808,179.440,-48.203,148.777
17296,0.7490,0.0063,-0.6787,-3.540,2.747,-2.380,179.379,-48.224,148.810
17306,0.7485,0.0122,-0.6729,-4.822,2.869,-2.319,179.302,-48.252,148.848
17316,0.7495,0.0146,-0.6753,-5.249,2.930,-2.930,179.209,-48.279,148.892
17326,0.7495,0.0146,-0.6768,-5.432,2.747,-3.601,179.110,-48.301,148.947
17336,0.7529,0.0176,-0.6807,-5.676,2.441,-3.845,179.006,-48.318,149.002
17346,0.7544,0.0166,-0.6787,-5.920,2.197,-3.662,178.901,-48.340,149.057
17356,0.7485,0.0190,-0.6782,-5.859,2.136,-3.357,178.802,-48.356,149.112
17366,0.7495,0.0210,-0.6753,-5.493,1.831,-3.479,178.704,-48.367,149.161
17376,0.7544,0.0210,-0.6802,-4.944,1.404,-3.845,178.605,-48.378,149.222
17386,0.7539,0.0210,-0.6812,-4.517,0.854,-4.028,178.511,-48.378,149.282
17396,0.7568,0.0205,-0.6802,-4.395,0.427,-4.089,178.418,-48.378,149.343
17406,0.7578,0.0225,-0.6797,-4.517,0.000,-4.333,178.325,-48.373,149.409
17416,0.7583,0.0254,-0.6782,-4.700,-0.488,-4.700,178.220,-48.367,149.480
17426,0.7627,0.0225,-0.6782,-5.310,-0.793,-5.005,178.110,-48.356,149.557
17436,0.7583,0.0269,-0.6768,-6.226,-0.610,-5.371,177.984,-48.351,149.634
17446,0.7559,0.0283,-0.6729,-6.897,-0.427,-6.287,177.841,-48.340,149.727
17456,0.7568,0.0283,-0.6724,-7.507,-0.061,-7.446,177.682,-48.340,149.843
17466,0.7612,0.0396,-0.6704,-8.484,0.061,-8.240,177.495,-48.340,149.963
17476,0.7681,0.0483,-0.6714,-8.972,0.305,-8.606,177.297,-48.340,150.095
17486,0.7734,0.0586,-0.6719,-8.179,0.610,-8.850,177.094,-48.351,150.227
17496,0.7729,0.0635,-0.6724,-6.287,1.221,-9.277,176.902,-48.362,150.370
17506,0.7676,0.0674,-0.6733,-4.517,1.892,-9.949,176.721,-48.378,150.518
17516,0.7612,0.0728,-0.6685,-3.540,2.441,-10.864,176.534,-48.400,150.683
17526,0.7578,0.0742,-0.6704,-2.625,2.441,-12.939,176.336,-48.411,150.881
17536,0.7617,0.0796,-0.6777,-2.930,2.014,-15.686,176.100,-48.422,151.122
17546,0.7661,0.0835,-0.6772,-4.150,1.831,-18.616,175.820,-48.428,151.403
17556,0.7671,0.0801,-0.6768,-5.676,1.465,-21.423,175.496,-48.422,151.727
17566,0.7686,0.0767,-0.6748,-7.080,0.854,-23.926,175.139,-48.417,152.084
17576,0.7705,0.0732,-0.6680,-8.789,-0.183,-25.513,174.754,-48.395,152.468
17586,0.7671,0.0718,-0.6611,-10.010,-1.587,-26.184,174.359,-48.367,152.858
17596,0.7583,0.0664,-0.6602,-9.827,-2.808,-25.452,173.979,-48.318,153.237
17606,0.7500,0.0591,-0.6562,-8.728,-3.967,-23.499,173.644,-48.257,153.583
17616,0.7480,0.0513,-0.6528,-6.409,-4.761,-20.752,173.381,-48.192,153.885
17626,0.7461,0.0396,-0.6528,-4.150,-5.371,-17.212,173.188,-48.126,154.133
17636,0.7495,0.0322,-0.6558,-1.709,-5.554,-13.184,173.073,-48.065,154.314
17646,0.7554,0.0239,-0.6538,0.122,-5.371,-8.606,173.035,-48.010,154.435
17656,0.7588,0.0312,-0.6543,1.404,-4.944,-4.333,173.051,-47.972,154.490
17667,0.7583,0.0269,-0.6606,3.540,-4.028,-0.854,173.128,-47.939,154.495
17676,0.7554,0.0229,-0.6616,4.883,-2.930,1.587,173.243,-47.922,154.468
17686,0.7520,0.0210,-0.6626,4.578,-1.770,2.991,173.375,-47.911,154.418
17696,0.7490,0.0229,-0.6689,1.953,-1.038,3.784,173.485,-47.911,154.363
17707,0.7490,0.0381,-0.6724,-2.380,-0.427,4.089,173.540,-47.911,154.297
17716,0.7500,0.0571,-0.6694,-6.226,0.061,4.211,173.540,-47.917,154.237
17726,0.7461,0.0723,-0.6719,-8.484,0.427,4.395,173.507,-47.928,154.171
17736,0.7427,0.0830,-0.6709,-9.338,0.671,4.883,173.458,-47.939,154.100
17746,0.7402,0.0962,-0.6670,-9.644,0.427,5.676,173.408,-47.944,154.017
17756,0.7397,0.1030,-0.6675,-9.277,0.000,6.592,173.364,-47.950,153.918
17766,0.7407,0.1079,-0.6685,-9.277,-0.183,7.629,173.331,-47.955,153.809
17776,0.7432,0.1147,-0.6680,-9.155,0.000,8.240,173.298,-47.961,153.688
17786,0.7466,0.1167,-0.6694,-8.484,0.854,7.812,173.271,-47.977,153.572
17796,0.7485,0.1167,-0.6689,-8.362,2.319,6.958,173.227,-48.005,153.474
17806,0.7471,0.1206,-0.6660,-8.484,3.784,5.493,173.161,-48.043,153.397
17816,0.7471,0.1191,-0.6685,-8.850,4.700,3.235,173.073,-48.093,153.358
17827,0.7490,0.1187,-0.6685,-10.498,5.066,0.916,172.941,-48.142,153.353
17837,0.7559,0.1367,-0.6729,-12.024,5.188,-1.099,172.760,-48.186,153.380
17847,0.7593,0.1504,-0.6631,-11.597,5.615,-2.747,172.551,-48.241,153.430
17856,0.7544,0.1494,-0.6709,-9.949,5.798,-4.578,172.343,-48.285,153.512
17867,0.7549,0.1509,-0.6699,-8.118,4.822,-6.287,172.134,-48.318,153.611
17877,0.7549,0.1445,-0.6704,-6.104,3.662,-8.301,171.936,-48.334,153.743
17887,0.7627,0.1426,-0.6709,-4.822,2.686,-10.315,171.727,-48.345,153.902
17897,0.7627,0.1333,-0.6733,-4.395,1.709,-12.573,171.513,-48.340,154.094
17907,0.7617,0.1216,-0.6763,-4.883,0.549,-14.771,171.288,-48.323,154.314
17917,0.7573,0.1147,-0.6753,-6.165,-0.488,-16.785,171.030,-48.285,154.561
17927,0.7568,0.1089,-0.6729,-8.118,-1.160,-18.555,170.750,-48.246,154.836
17937,0.7539,0.1089,-0.6689,-10.010,-1.465,-20.081,170.431,-48.197,155.132
17947,0.7490,0.1064,-0.6660,-10.925,-1.648,-20.874,170.101,-48.142,155.435
17957,0.7471,0.1064,-0.6626,-11.108,-1.587,-20.813,169.777,-48.093,155.737
17967,0.7446,0.1084,-0.6597,-10.925,-1.282,-19.897,169.464,-48.043,156.028
17977,0.7427,0.1074,-0.6572,-10.498,-0.854,-18.433,169.173,-48.005,156.297
17987,0.7388,0.1069,-0.6621,-9.644,-0.427,-16.663,168.920,-47.966,156.539
17997,0.7388,0.1064,-0.6587,-8.789,0.061,-14.709,168.690,-47.939,156.758
18007,0.7437,0.1118,-0.6562,-8.362,0.427,-12.939,168.486,-47.922,156.945
18017,0.7490,0.1196,-0.6602,-8.118,0.610,-11.230,168.294,-47.906,157.110
18027,0.7520,0.1245,-0.6582,-7.507,0.610,-9.644,168.124,-47.895,157.253
18037,0.7524,0.1274,-0.6587,-6.897,0.671,-8.423,167.975,-47.889,157.379
18047,0.7520,0.1299,-0.6582,-6.592,0.671,-7.629,167.833,-47.884,157.495
18057,0.7539,0.1362,-0.6543,-6.775,0.488,-6.897,167.695,-47.878,157.593
18067,0.7490,0.1421,-0.6553,-7.141,0.427,-6.348,167.558,-47.873,157.692
18077,0.7466,0.1533,-0.6548,-7.202,0.549,-5.737,167.415,-47.867,157.775
18087,0.7461,0.1587,-0.6519,-6.653,0.793,-5.066,167.283,-47.867,157.852
18097,0.7412,0.1660,-0.6533,-5.371,1.099,-4.150,167.168,-47.867,157.917
18107,0.7417,0.1689,-0.6558,-3.723,1.404,-3.235,167.075,-47.873,157.967
18117,0.7422,0.1650,-0.6543,-2.136,1.648,-2.319,167.014,-47.884,158.005
18127,0.7427,0.1606,-0.6562,-1.160,1.648,-1.831,166.970,-47.889,158.038
18137,0.7451,0.1572,-0.6587,-0.916,1.648,-1.709,166.937,-47.900,158.066
18147,0.7476,0.1548,-0.6592,-1.282,1.587,-1.709,166.899,-47.911,158.099
18157,0.7505,0.1514,-0.6621,-1.892,1.526,-1.831,166.860,-47.922,158.132
18167,0.7505,0.1499,-0.6626,-2.808,1.465,-2.075,166.811,-47.933,158.165
18177,0.7485,0.1499,-0.6606,-3.723,1.404,-2.258,166.750,-47.939,158.203
18187,0.7500,0.1519,-0.6587,-4.333,1.343,-2.197,166.685,-47.950,158.242
18197,0.7529,0.1528,-0.6597,-4.578,1.221,-1.892,166.619,-47.955,158.269
18207,0.7549,0.1562,-0.6582,-4.456,1.221,-1.526,166.553,-47.966,158.297
18217,0.7524,0.1577,-0.6602,-4.028,1.221,-0.977,166.498,-47.977,158.318
18227,0.7520,0.1567,-0.6606,-3.784,1.099,-0.488,166.454,-47.988,158.329
18237,0.7510,0.1572,-0.6616,-3.784,0.916,-0.244,166.415,-47.994,158.335
18247,0.7490,0.1567,-0.6626,-4.150,0.732,-0.122,166.371,-47.999,158.340
18257,0.7485,0.1572,-0.6602,-4.822,0.610,-0.183,166.328,-47.999,158.340
18267,0.7471,0.1597,-0.6597,-5.676,0.366,-0.061,166.267,-47.999,158.346
18277,0.7500,0.1680,-0.6606,-6.042,0.244,0.122,166.201,-47.999,158.346
18287,0.7524,0.1733,-0.6582,-5.493,0.305,0.183,166.141,-48.005,158.340
18297,0.7544,0.1743,-0.6572,-4.456,0.549,0.122,166.086,-48.010,158.340
18307,0.7583,0.1748,-0.6572,-3.784,0.610,0.000,166.036,-48.016,158.346
18317,0.7544,0.1753,-0.6538,-3.845,0.366,-0.061,165.987,-48.021,158.346
18327,0.7563,0.1802,-0.6553,-4.333,0.183,-0.244,165.927,-48.021,158.351
18337,0.7573,0.1855,-0.6538,-4.578,0.183,-1.038,165.855,-48.021,158.368
18347,0.7578,0.1855,-0.6514,-4.395,0.427,-2.197,165.767,-48.021,158.401
18357,0.7539,0.1836,-0.6519,-4.150,0.671,-3.296,165.674,-48.021,158.450
18367,0.7534,0.1821,-0.6538,-4.272,0.854,-4.089,165.575,-48.021,158.511
18377,0.7539,0.1812,-0.6499,-4.700,0.916,-4.578,165.465,-48.021,158.582
18387,0.7495,0.1772,-0.6528,-4.639,1.099,-4.883,165.355,-48.016,158.659
18397,0.7466,0.1719,-0.6523,-4.395,1.343,-5.066,165.256,-48.016,158.736
18407,0.7466,0.1704,-0.6514,-4.150,1.465,-5.066,165.157,-48.016,158.813
18417,0.7461,0.1685,-0.6538,-3.662,1.587,-4.761,165.070,-48.021,158.890
18427,0.7466,0.1689,-0.6548,-3.113,1.709,-4.211,164.993,-48.021,158.956
18437,0.7490,0.1704,-0.6572,-2.197,1.770,-3.540,164.932,-48.027,159.016
18447,0.7500,0.1704,-0.6528,-1.587,1.709,-2.625,164.888,-48.038,159.060
18457,0.7515,0.1724,-0.6543,-1.221,1.709,-1.770,164.855,-48.049,159.093
18467,0.7549,0.1733,-0.6553,-0.732,1.587,-1.160,164.833,-48.065,159.115
18477,0.7544,0.1714,-0.6558,-0.488,1.465,-0.854,164.822,-48.076,159.131
18487,0.7583,0.1660,-0.6533,-0.488,1.282,-0.671,164.817,-48.087,159.148
18497,0.7588,0.1689,-0.6499,-0.977,1.099,-0.732,164.800,-48.104,159.164
18507,0.7593,0.1680,-0.6519,-1.587,0.854,-0.793,164.784,-48.109,159.175
18517,0.7554,0.1685,-0.6475,-2.808,1.038,-0.305,164.756,-48.126,159.186
18527,0.7544,0.1724,-0.6445,-3.357,1.465,0.122,164.724,-48.142,159.192
18537,0.7495,0.1748,-0.6440,-2.991,1.831,0.488,164.691,-48.164,159.192
18547,0.7490,0.1753,-0.6440,-2.136,2.014,0.854,164.674,-48.186,159.186
18557,0.7480,0.1782,-0.6479,-1.343,2.197,1.282,164.669,-48.208,159.175
18567,0.7480,0.1802,-0.6499,-0.977,2.380,1.953,164.669,-48.235,159.159
18577,0.7510,0.1802,-0.6494,-0.854,2.319,2.625,164.680,-48.263,159.126
18587,0.7549,0.1816,-0.6519,-0.610,2.136,3.174,164.702,-48.290,159.093
18597,0.7578,0.1826,-0.6528,-0.183,1.953,3.662,164.729,-48.318,159.044
18607,0.7598,0.1807,-0.6553,0.427,1.709,3.845,164.767,-48.340,158.994
18617,0.7603,0.1753,-0.6553,0.549,1.526,3.967,164.817,-48.367,158.945
18627,0.7607,0.1802,-0.6484,-0.183,1.404,4.089,164.850,-48.389,158.890
18637,0.7617,0.1821,-0.6470,-0.793,1.343,3.784,164.872,-48.417,158.840
18647,0.7651,0.1851,-0.6475,-1.221,1.404,3.052,164.883,-48.439,158.802
18657,0.7671,0.1885,-0.6470,-1.953,1.770,2.258,164.872,-48.466,158.774
18667,0.7651,0.1851,-0.6445,-2.869,2.258,1.038,164.839,-48.494,158.769
18677,0.7637,0.1836,-0.6450,-4.578,2.563,-0.671,164.767,-48.516,158.791
18687,0.7598,0.1890,-0.6406,-6.714,2.869,-2.625,164.652,-48.538,158.840
18697,0.7568,0.1953,-0.6431,-8.179,3.235,-4.639,164.498,-48.560,158.923
18707,0.7563,0.1963,-0.6406,-9.338,3.540,-6.287,164.312,-48.576,159.027
18717,0.7563,0.2021,-0.6431,-9.827,3.723,-7.385,164.108,-48.587,159.148
18727,0.7568,0.2041,-0.6440,-9.766,3.601,-7.812,163.894,-48.598,159.280
18737,0.7554,0.2026,-0.6455,-8.911,3.479,-7.690,163.702,-48.604,159.406
18747,0.7563,0.1987,-0.6470,-7.385,3.174,-7.385,163.531,-48.609,159.527
18757,0.7559,0.1948,-0.6460,-5.737,2.808,-6.836,163.389,-48.615,159.637
18767,0.7573,0.1870,-0.6455,-4.639,2.502,-6.226,163.273,-48.620,159.736
18777,0.7593,0.1812,-0.6421,-3.906,2.136,-5.432,163.180,-48.625,159.824
18787,0.7554,0.1782,-0.6436,-3.296,1.831,-4.578,163.103,-48.625,159.901
18800,0.7529,0.1782,-0.6421,-2.686,1.526,-3.845,163.043,-48.631,159.961
18807,0.7524,0.1782,-0.6421,-1.892,1.160,-3.052,163.004,-48.631,160.010
18817,0.7520,0.1807,-0.6431,-1.221,0.916,-1.892,162.982,-48.631,160.043
18827,0.7510,0.1797,-0.6426,-0.488,0.793,-0.488,162.982,-48.636,160.054
18837,0.7510,0.1807,-0.6406,0.305,0.793,0.977,163.004,-48.642,160.043
18847,0.7529,0.1831,-0.6382,1.221,0.671,2.441,163.054,-48.658,160.010
18857,0.7559,0.1826,-0.6392,2.197,0.610,3.845,163.125,-48.675,159.955
18867,0.7578,0.1812,-0.6421,3.052,0.488,5.188,163.218,-48.691,159.884
18877,0.7578,0.1782,-0.6396,3.601,0.305,6.287,163.334,-48.713,159.796
18887,0.7588,0.1797,-0.6392,3.906,0.122,7.141,163.460,-48.735,159.692
18897,0.7612,0.1807,-0.6406,3.967,0.000,7.751,163.586,-48.763,159.576
18907,0.7588,0.1802,-0.6411,3.845,-0.122,8.179,163.724,-48.785,159.456
18917,0.7593,0.1816,-0.6401,3.784,-0.061,8.423,163.856,-48.807,159.335
18927,0.7598,0.1802,-0.6406,3.723,0.061,8.606,163.993,-48.829,159.208
18937,0.7612,0.1802,-0.6421,3.479,0.244,8.667,164.125,-48.856,159.082
18947,0.7598,0.1831,-0.6426,3.357,0.427,8.728,164.251,-48.884,158.961
18957,0.7627,0.1875,-0.6411,3.418,0.549,8.789,164.372,-48.911,158.835
18967,0.7642,0.1890,-0.6401,3.723,0.427,8.911,164.498,-48.939,158.703
18977,0.7637,0.1880,-0.6401,4.395,0.244,8.972,164.630,-48.961,158.571
18987,0.7666,0.1841,-0.6392,5.005,-0.122,8.911,164.767,-48.988,158.439
18997,0.7661,0.1831,-0.6392,5.371,-0.366,8.789,164.910,-49.005,158.313
19007,0.7642,0.1772,-0.6372,5.371,-0.610,8.545,165.059,-49.021,158.181
19017,0.7666,0.1748,-0.6382,5.127,-0.732,8.240,165.196,-49.037,158.060
19027,0.7671,0.1748,-0.6377,4.822,-0.610,7.812,165.328,-49.054,157.939
19037,0.7676,0.1729,-0.6372,4.700,-0.366,7.446,165.454,-49.070,157.830
19047,0.7720,0.1694,-0.6401,4.578,-0.061,7.141,165.575,-49.092,157.725
19057,0.7705,0.1685,-0.6387,4.517,0.183,6.836,165.690,-49.114,157.621
19067,0.7715,0.1665,-0.6392,4.395,0.183,6.592,165.800,-49.136,157.527
19077,0.7744,0.1675,-0.6343,4.211,0.061,6.409,165.910,-49.158,157.434
19087,0.7773,0.1675,-0.6362,4.211,-0.061,6.226,166.014,-49.180,157.341
19097,0.7754,0.1665,-0.6382,4.333,-0.122,6.165,166.119,-49.197,157.247
19107,0.7749,0.1636,-0.6372,4.578,0.061,5.859,166.223,-49.219,157.159
19117,0.7720,0.1616,-0.6377,4.517,0.122,5.371,166.322,-49.235,157.083
19127,0.7715,0.1602,-0.6382,4.089,0.061,4.822,166.415,-49.252,157.011
19137,0.7676,0.1606,-0.6382,3.479,0.000,4.150,166.492,-49.263,156.945
19147,0.7661,0.1626,-0.6348,2.930,0.000,3.662,166.553,-49.274,156.890
19157,0.7607,0.1655,-0.6338,2.563,0.122,3.296,166.602,-49.279,156.846
19167,0.7593,0.1641,-0.6353,2.808,0.366,2.991,166.652,-49.290,156.802
19177,0.7563,0.1626,-0.6318,3.418,0.793,2.991,166.707,-49.301,156.758
19187,0.7583,0.1606,-0.6362,4.028,1.343,3.174,166.767,-49.323,156.714
19197,0.7607,0.1582,-0.6392,4.761,1.953,3.540,166.844,-49.345,156.671
19208,0.7612,0.1543,-0.6387,5.615,2.563,4.089,166.932,-49.378,156.616
19217,0.7627,0.1494,-0.6377,6.409,2.869,4.578,167.042,-49.417,156.561
19227,0.7661,0.1460,-0.6377,7.324,2.808,5.249,167.162,-49.455,156.489
19237,0.7690,0.1416,-0.6421,7.996,2.380,5.920,167.311,-49.493,156.412
19247,0.7720,0.1392,-0.6411,8.301,1.892,6.592,167.465,-49.526,156.319
19257,0.7700,0.1353,-0.6416,8.850,1.343,7.202,167.635,-49.559,156.215
19267,0.7690,0.1309,-0.6421,9.460,1.038,7.690,167.822,-49.581,156.099
19277,0.7661,0.1260,-0.6440,9.583,0.916,7.935,168.019,-49.609,155.984
19287,0.7637,0.1196,-0.6450,9.216,1.099,8.179,168.212,-49.631,155.863
19297,0.7671,0.1133,-0.6426,8.545,1.465,8.423,168.409,-49.664,155.742
19307,0.7676,0.1108,-0.6465,7.629,1.770,8.606,168.596,-49.697,155.616
19317,0.7681,0.1094,-0.6460,6.653,2.075,8.850,168.777,-49.730,155.490
19327,0.7734,0.1104,-0.6465,5.920,2.075,9.338,168.953,-49.768,155.352
19337,0.7764,0.1079,-0.6436,5.859,1.770,9.949,169.140,-49.807,155.209
19347,0.7773,0.1099,-0.6426,5.981,1.160,10.681,169.327,-49.839,155.050
19357,0.7764,0.1089,-0.6387,6.287,0.488,11.475,169.530,-49.872,154.874
19367,0.7788,0.1079,-0.6392,6.775,-0.122,12.268,169.750,-49.894,154.687
19377,0.7778,0.1069,-0.6377,7.324,-0.366,12.939,169.980,-49.916,154.490
19387,0.7778,0.1050,-0.6348,7.751,-0.305,13.428,170.217,-49.944,154.281
19397,0.7759,0.1055,-0.6387,7.935,-0.061,13.428,170.458,-49.966,154.078
19407,0.7769,0.1064,-0.6392,7.874,0.549,13.306,170.689,-49.999,153.875
19417,0.7764,0.1099,-0.6411,7.690,1.221,13.000,170.909,-50.032,153.677
19427,0.7729,0.1104,-0.6436,7.385,1.892,12.390,171.118,-50.065,153.490
19437,0.7734,0.1108,-0.6440,6.836,2.319,11.536,171.310,-50.103,153.320
19447,0.7725,0.1089,-0.6479,6.104,2.625,10.559,171.480,-50.142,153.166
19457,0.7734,0.1108,-0.6489,5.310,2.686,9.705,171.628,-50.175,153.018
19467,0.7754,0.1089,-0.6489,4.700,2.441,9.033,171.766,-50.208,152.886
19477,0.7764,0.1079,-0.6494,4.517,2.075,8.362,171.892,-50.235,152.759
19487,0.7764,0.1074,-0.6509,4.822,1.587,7.751,172.018,-50.257,152.644
19497,0.7734,0.1060,-0.6514,5.310,1.038,7.263,172.139,-50.268,152.534
19507,0.7710,0.1006,-0.6504,5.859,0.610,6.897,172.271,-50.279,152.430
19517,0.7710,0.0947,-0.6470,6.226,0.305,6.409,172.403,-50.284,152.331
19527,0.7710,0.0884,-0.6489,6.104,0.183,5.798,172.529,-50.284,152.243
19537,0.7734,0.0859,-0.6484,5.859,0.122,5.310,172.650,-50.290,152.161
19547,0.7739,0.0820,-0.6460,5.554,0.183,5.005,172.760,-50.295,152.084
19557,0.7754,0.0815,-0.6455,5.493,0.183,4.761,172.875,-50.301,152.007
19567,0.7759,0.0801,-0.6455,5.615,0.061,4.700,172.985,-50.301,151.935
19577,0.7773,0.0771,-0.6421,5.737,-0.183,4.822,173.101,-50.306,151.859
19587,0.7773,0.0747,-0.6401,5.981,-0.366,5.066,173.221,-50.312,151.782
19597,0.7783,0.0693,-0.6387,6.226,-0.610,5.371,173.353,-50.312,151.694
19607,0.7783,0.0664,-0.6392,6.348,-0.610,5.554,173.491,-50.312,151.606
19617,0.7798,0.0669,-0.6357,6.531,-0.549,5.798,173.628,-50.317,151.518
19627,0.7822,0.0654,-0.6372,6.592,-0.366,6.042,173.771,-50.323,151.425
19637,0.7812,0.0620,-0.6377,6.592,-0.122,6.287,173.919,-50.334,151.326
19647,0.7778,0.0625,-0.6396,6.592,0.183,6.409,174.067,-50.345,151.227
19657,0.7793,0.0645,-0.6401,6.653,0.427,6.531,174.210,-50.356,151.122
19667,0.7759,0.0654,-0.6396,6.653,0.732,6.653,174.353,-50.367,151.018
19677,0.7759,0.0659,-0.6406,6.714,0.977,6.714,174.496,-50.383,150.919
19687,0.7764,0.0674,-0.6401,6.775,1.038,6.653,174.639,-50.400,150.815
19697,0.7769,0.0688,-0.6416,7.019,1.038,6.714,174.776,-50.416,150.710
19708,0.7764,0.0693,-0.6431,7.385,0.977,6.714,174.919,-50.427,150.606
19717,0.7769,0.0679,-0.6426,7.874,0.793,6.653,175.067,-50.444,150.507
19727,0.7759,0.0610,-0.6440,8.240,0.549,6.409,175.221,-50.449,150.408
19737,0.7739,0.0532,-0.6455,8.240,0.427,5.981,175.375,-50.455,150.315
19747,0.7769,0.0488,-0.6475,7.751,0.305,5.371,175.518,-50.460,150.227
19757,0.7764,0.0420,-0.6499,6.897,0.305,4.822,175.649,-50.460,150.156
19767,0.7773,0.0391,-0.6470,5.737,0.305,4.333,175.770,-50.466,150.084
19777,0.7773,0.0361,-0.6470,4.700,0.244,4.028,175.875,-50.471,150.024
19787,0.7778,0.0322,-0.6494,3.845,0.061,3.845,175.968,-50.471,149.963
19797,0.7749,0.0293,-0.6479,3.174,-0.305,4.089,176.067,-50.466,149.897
19807,0.7764,0.0234,-0.6450,2.747,-0.732,4.761,176.166,-50.460,149.826
19817,0.7749,0.0210,-0.6445,2.502,-1.160,5.737,176.281,-50.449,149.733
19827,0.7754,0.0151,-0.6431,2.563,-1.587,6.836,176.413,-50.438,149.623
19837,0.7764,0.0127,-0.6421,2.869,-1.953,8.179,176.567,-50.422,149.491
19847,0.7754,0.0112,-0.6387,3.418,-2.075,9.399,176.737,-50.411,149.343
19857,0.7783,0.0117,-0.6377,3.967,-2.258,10.559,176.929,-50.394,149.178
19867,0.7803,0.0107,-0.6411,4.639,-2.197,11.841,177.138,-50.383,148.991
19877,0.7808,0.0127,-0.6431,5.310,-2.014,13.306,177.369,-50.367,148.782
19887,0.7788,0.0146,-0.6406,6.042,-1.709,14.526,177.616,-50.361,148.552
19897,0.7778,0.0195,-0.6392,6.897,-1.465,15.381,177.874,-50.356,148.310
19907,0.7788,0.0234,-0.6377,7.812,-1.282,15.991,178.143,-50.350,148.057
19917,0.7773,0.0249,-0.6396,8.667,-0.977,16.418,178.423,-50.350,147.799
19927,0.7769,0.0239,-0.6406,9.094,-0.671,16.479,178.704,-50.350,147.541
19937,0.7759,0.0215,-0.6401,9.033,-0.305,16.052,178.978,-50.350,147.288
19947,0.7764,0.0186,-0.6411,8.484,0.000,15.198,179.236,-50.356,147.052
19957,0.7754,0.0142,-0.6426,7.324,0.305,14.099,179.473,-50.361,146.832
19967,0.7778,0.0127,-0.6460,5.920,0.610,13.000,179.681,-50.367,146.629
19977,0.7822,0.0122,-0.6475,4.700,0.793,12.146,179.863,-50.372,146.437
19987,0.7803,0.0117,-0.6465,3.906,0.854,11.414,-179.967,-50.383,146.255
19997,0.7803,0.0142,-0.6460,3.845,0.671,10.986,-179.813,-50.389,146.085
20007,0.7827,0.0132,-0.6445,4.272,0.244,10.742,-179.654,-50.394,145.915
